# MD22-intermediary-returns.csv; fetch_window=2026-09-16T10:04:18Z/2026-09-16T10:12:54Z; routes=ProPublica API v2 orgs+search; IRS apps.irs.gov/pub/epostcard/990/xml/YYYY/index_YYYY.csv; GivingTuesday gt990datalake-rawdata XML by OBJECT_ID; ProPublica full_text IRS990ScheduleI (Vanguard FY2025 working alternate); IRS TEOS apps.irs.gov/app/eos (expected 403) + form-990-series-downloads + TEOS bulk landing + EO BMF; s3.amazonaws.com/irs-form-990/index_YYYY.csv (expected 404); metr.org/donate,/about; founderspledge.com/grantees/metr; every.org/metr; ev.org; longview.org/organisational-structure; Companies House 14444004, 08565148, 07962181 + Longview AA PDF; Charity Commission search/details; findthatcharity GB-CHC-1149828.json; SEC EFTS; CourtListener; USAspending; Bundesanzeiger; Unternehmensregister; caps_hit=IRS index_2027.csv HTTP 404; https://apps.irs.gov/app/eos/ HTTP 403; https://apps.irs.gov/app/eos/inputEin HTTP 403; https://www.irs.gov/charities-non-profits/tax-exempt-organization-search HTTP 403; https://s3.amazonaws.com/irs-form-990/index_2025.csv HTTP 404; https://s3.amazonaws.com/irs-form-990/index_2026.csv HTTP 404; https://www.every.org/metr HTTP 429; https://www.every.org/ HTTP 429; https://register-of-charities.charitycommission.gov.uk/en/charity-details/?regId=1149828&subId=0 HTTP 404; https://register-of-charities.charitycommission.gov.uk/api/search?term=Effective%20Ventures HTTP 404; https://apps.charitycommission.gov.uk/Accounts/Ends28/0001149828_AC_20250630_E_C.pdf HTTP 404; https://apps.charitycommission.gov.uk/Accounts/Ends28/0001149828_AC_20240630_E_C.pdf HTTP 404; https://www.philanthropy.org/who-funds HTTP 403; no_kevinnbass_sources=true; public_read_only=true (no email/message/telephone/file/submit/post); money types not summed; legal filers kept distinct (FP Inc vs FP Ltd vs Every Org vs EV USA vs EV UK vs Longview USA vs Longview Inc. Ltd vs DAF sponsors vs DAF accounts vs advisers); overlap with STATE/MD09/MD10/MD11/lineage cited by existing row id and re-fetched this lane; research/STATE.md read before facts
row,task,target_prefix,element_ids,subject,entity_type,aliases,identifier,from_entity,intermediary,to_entity,relationship_type,start_date,end_date,ledger,money_type,amount_usd,currency,date,date_precision,period,payment_status,purpose_restriction,project,provider,in_kind_type,quantity_or_value,terms,policy_version,disclosure_recusal,provider_authority,personnel_conflicts,edge_type,documented_transaction,source_class,query_or_endpoint,url,quote_300,checked_utc,result,result_count,next_document,limitation,note
X1,A,MDS,C02.E3;C02.E5;C06.E1,Founders Pledge Inc TY2020 (2020-01-01 to 2020-12-31) grant schedule vs METR,grantmaker,FP-US; Founders Pledge,EIN 37-1795297; object 202131059349101903,Founders Pledge Inc,Founders Pledge Inc,Model Evaluation and Threat Research,,2020-01-01,2020-12-31,,,,,2020-12-31,year,TY2020 (2020-01-01 to 2020-12-31),,,,,,,,,,,,,,funder filings,GET GT XML 202131059349101903; Schedule I RecipientTable / 990-PF GrantOrContributionPdDurYrGrp filter RecipientEIN 991219864 OR BusinessNameLine1Txt MODEL EVALUATION AND THREAT RESEARCH,https://gt990datalake-rawdata.s3.amazonaws.com/EfileData/XmlFiles/202131059349101903_public.xml,"<TaxPeriodBeginDt>2020-01-01</TaxPeriodBeginDt>
    <Filer>
      <EIN>371795297</EIN>
      <BusinessName>
        <BusinessNameLine1Txt>FOUNDERS PLEDGE INC</BusinessNameLine1Txt>
      </BusinessName>
      <BusinessNameControlTxt>FOUN</BusinessNameControlTxt>
      <PhoneNum>6465859644</PhoneNum>",2026-09-16T10:04:42Z,none found in Founders Pledge Inc TY2020 (2020-01-01 to 2020-12-31) XML object 202131059349101903 as of 2026-09-16T10:04:42Z for a METR/EIN 99-1219864 grant line,0,"TY2025 Form 990/990-PF original due 2026-05-15, commonly extended to 2026-11-16",55 grant-schedule rows scanned. Sub-threshold or renamed grants would not match. Keep ARC vs METR unmerged.,This-lane XML research/primary/MD22-intermediary-returns/gt-xml-202131059349101903.xml-20260916T100418Z. Overlap with MD09/MD10/MD11 cited rather than treated as a new discovery where those lanes already recorded this year. Fidelity/Schwab/NPT remainder stays cited in MD11. [xhigh re-run row 1 of research/grok-out/MD22-intermediary-returns.csv; no medium counterpart]
X7,A,MDS,C02.E3;C02.E5;C06.E1,Every Org TY2020 (2020-01-01 to 2020-12-31) grant schedule vs METR,grantmaker,every.org; Every.org,EIN 61-1913297; object 202141729349100004,Every Org,Every Org,Model Evaluation and Threat Research,,2020-01-01,2020-12-31,,,,,2020-12-31,year,TY2020 (2020-01-01 to 2020-12-31),,,,,,,,,,,,,,funder filings,GET GT XML 202141729349100004; Schedule I RecipientTable / 990-PF GrantOrContributionPdDurYrGrp filter RecipientEIN 991219864 OR BusinessNameLine1Txt MODEL EVALUATION AND THREAT RESEARCH,https://gt990datalake-rawdata.s3.amazonaws.com/EfileData/XmlFiles/202141729349100004_public.xml,"<TaxPeriodBeginDt>2020-01-01</TaxPeriodBeginDt>
    <Filer>
      <EIN>611913297</EIN>
      <BusinessName>
        <BusinessNameLine1Txt>EVERY ORG</BusinessNameLine1Txt>
      </BusinessName>
      <InCareOfNm>% TINA ROH</InCareOfNm>
      <BusinessNameControlTxt>EVER</BusinessNameControlTxt>
     ",2026-09-16T10:04:31Z,none found in Every Org TY2020 (2020-01-01 to 2020-12-31) XML object 202141729349100004 as of 2026-09-16T10:04:31Z for a METR/EIN 99-1219864 grant line,0,"TY2025 Form 990/990-PF original due 2026-05-15, commonly extended to 2026-11-16",10 grant-schedule rows scanned. Sub-threshold or renamed grants would not match. Keep ARC vs METR unmerged.,This-lane XML research/primary/MD22-intermediary-returns/gt-xml-202141729349100004.xml-20260916T100418Z. Overlap with MD09/MD10/MD11 cited rather than treated as a new discovery where those lanes already recorded this year. Fidelity/Schwab/NPT remainder stays cited in MD11. [xhigh re-run row 7 of research/grok-out/MD22-intermediary-returns.csv; no medium counterpart]
X12,A,MDS,C02.E3;C02.E5;C06.E1,Effective Ventures Foundation USA TY2020 (2020-01-01 to 2020-12-31) grant schedule vs METR,grantmaker,EV USA; Centre for Effective Altruism USA,EIN 47-1988398; object 202142849349300829,Effective Ventures Foundation USA,Effective Ventures Foundation USA,Model Evaluation and Threat Research,,2020-01-01,2020-12-31,,,,,2020-12-31,year,TY2020 (2020-01-01 to 2020-12-31),,,,,,,,,,,,,,funder filings,GET GT XML 202142849349300829; Schedule I RecipientTable / 990-PF GrantOrContributionPdDurYrGrp filter RecipientEIN 991219864 OR BusinessNameLine1Txt MODEL EVALUATION AND THREAT RESEARCH,https://gt990datalake-rawdata.s3.amazonaws.com/EfileData/XmlFiles/202142849349300829_public.xml,"<TaxPeriodBeginDt>2020-01-01</TaxPeriodBeginDt>
    <Filer>
      <EIN>471988398</EIN>
      <BusinessName>
        <BusinessNameLine1Txt>CENTRE FOR EFFECTIVE ALTRUISM USA INC</BusinessNameLine1Txt>
      </BusinessName>
      <BusinessNameControlTxt>CENT</BusinessNameControlTxt>
      <PhoneNum>510",2026-09-16T10:04:47Z,none found in Effective Ventures Foundation USA TY2020 (2020-01-01 to 2020-12-31) XML object 202142849349300829 as of 2026-09-16T10:04:47Z for a METR/EIN 99-1219864 grant line,0,FY2026 Form 990 original due 2026-11-16 (15th day of 5th month after 2026-06-30),54 grant-schedule rows scanned. Sub-threshold or renamed grants would not match. Keep ARC vs METR unmerged.,This-lane XML research/primary/MD22-intermediary-returns/gt-xml-202142849349300829.xml-20260916T100418Z. Overlap with MD09/MD10/MD11 cited rather than treated as a new discovery where those lanes already recorded this year. Fidelity/Schwab/NPT remainder stays cited in MD11. [xhigh re-run row 12 of research/grok-out/MD22-intermediary-returns.csv; no medium counterpart]
X18,A,MDS,C02.E3;C02.E5;C06.E1,Silicon Valley Community Foundation TY2020 (2020-01-01 to 2020-12-31) grant schedule vs METR,DAF sponsor,SVCF,EIN 20-5205488; object 202103199349327615,Silicon Valley Community Foundation,Silicon Valley Community Foundation,Model Evaluation and Threat Research,,2020-01-01,2020-12-31,,,,,2020-12-31,year,TY2020 (2020-01-01 to 2020-12-31),,,,,,,,,,,,,,DAF sponsor filings,GET GT XML 202103199349327615; Schedule I RecipientTable / 990-PF GrantOrContributionPdDurYrGrp filter RecipientEIN 991219864 OR BusinessNameLine1Txt MODEL EVALUATION AND THREAT RESEARCH,https://gt990datalake-rawdata.s3.amazonaws.com/EfileData/XmlFiles/202103199349327615_public.xml,"<TaxPeriodBeginDt>2020-01-01</TaxPeriodBeginDt>
    <Filer>
      <EIN>205205488</EIN>
      <BusinessName>
        <BusinessNameLine1Txt>Silicon Valley Community Foundation</BusinessNameLine1Txt>
      </BusinessName>
      <BusinessNameControlTxt>SILI</BusinessNameControlTxt>
      <PhoneNum>65045",2026-09-16T10:04:32Z,none found in Silicon Valley Community Foundation TY2020 (2020-01-01 to 2020-12-31) XML object 202103199349327615 as of 2026-09-16T10:04:32Z for a METR/EIN 99-1219864 grant line,0,"TY2025 Form 990/990-PF original due 2026-05-15, commonly extended to 2026-11-16",3937 grant-schedule rows scanned. Sub-threshold or renamed grants would not match. Keep ARC vs METR unmerged.,This-lane XML research/primary/MD22-intermediary-returns/gt-xml-202103199349327615.xml-20260916T100418Z. Overlap with MD09/MD10/MD11 cited rather than treated as a new discovery where those lanes already recorded this year. Fidelity/Schwab/NPT remainder stays cited in MD11. [xhigh re-run row 18 of research/grok-out/MD22-intermediary-returns.csv; no medium counterpart]
X22,A,MDF,C02.E3;C02.E5;C06.E1,Silicon Valley Community Foundation TY2024 (2024-01-01 to 2024-12-31) grant-schedule cash grant to METR,DAF sponsor,SVCF,EIN 20-5205488; object 202543149349305759,Silicon Valley Community Foundation,Silicon Valley Community Foundation,Model Evaluation and Threat Research,DAF sponsor filed grant,2024-01-01,2024-12-31,,filed_grant,20000,USD,2024-12-31,interval,TY2024 (2024-01-01 to 2024-12-31),filed as granted,Sciences,,,,,,,,,,,yes,DAF sponsor filings,GET GT XML 202543149349305759; Schedule I RecipientTable / 990-PF GrantOrContributionPdDurYrGrp filter RecipientEIN 991219864 OR BusinessNameLine1Txt MODEL EVALUATION AND THREAT RESEARCH,https://gt990datalake-rawdata.s3.amazonaws.com/EfileData/XmlFiles/202543149349305759_public.xml,"<BusinessNameLine1Txt>Model Evaluation and Threat Research</BusinessNameLine1Txt>
        </RecipientBusinessName>
        <USAddress>
          <AddressLine1Txt>440 N Barranca Ave 3345</AddressLine1Txt>
          <CityNm>Covina</CityNm>
          <StateAbbreviationCd>CA</StateAbbreviationCd>
      ",2026-09-16T10:07:40Z,1 METR grant-schedule line; CashGrantAmt=20000,1,"TY2025 Form 990/990-PF original due 2026-05-15, commonly extended to 2026-11-16",Calendar year of the 990 is not a bank date. Public Schedule B contributor names are RESTRICTED on Form 990. money_type=filed_grant; not summed with recommendations or ledger paid_grant. Sponsor does not disclose the DAF account principal or adviser. Not a full MD11 DAF-sponsor sweep.,"This-lane re-fetch of held MDF0037 / MD11-daf-filed-grants.csv#1 / STATE $20,000. Not a new discovery. Primary research/primary/MD22-intermediary-returns/gt-xml-202543149349305759.xml-20260916T100418Z. Filer EIN 20-5205488. [xhigh re-run row 22 of research/grok-out/MD22-intermediary-returns.csv; no medium counterpart]"
X29,A,MDS,C02.E5;C06.E1,Longview Philanthropy USA Inc — no e-file before TY2024 in index_2021..index_2026,foundation,Longview Philanthropy USA,EIN 93-2664730,Longview Philanthropy USA Inc,,,,,,,,,,,,,,,,,,,,,,,,,,IRS TEOS and e-file index,stream index_2021.csv through index_2026.csv filter EIN 932664730,https://apps.irs.gov/pub/epostcard/990/xml/2025/index_2025.csv,"932664730,202412,2025,LONGVIEW PHILANTHROPY USA INC,990,93493317042655,202503179349304265,2025_TEOS_XML_11A
23451879,EFILE,232888152,202406,2025,VANGUARD CHARITABLE ENDOWMENT PROGRAM,990,93493134130965,202511349349313096,2025_TEOS_XML_05A
23506036,EFILE,461008520,202406,2025,GOOD VENTURES FOUNDATION",2026-09-16T10:12:54Z,none found in IRS e-file indexes for EIN 932664730 other than the TY2024 object(s) recovered this fetch as of 2026-09-16T10:12:54Z,1,"TY2025 Form 990/990-PF original due 2026-05-15, commonly extended to 2026-11-16",Ruling date 2024-02-01 so TY2024 is the first 990 year. Cite MD10#13 / MDE0032; not recopied as a new discovery of the legal-filer split.,Index hit file research/primary/MD22-intermediary-returns/irs-index-2025-intermediary-hits.csv-20260916T100418Z [xhigh re-run row 29 of research/grok-out/MD22-intermediary-returns.csv; no medium counterpart]
X34,B,MDF,C02.E5;C06.E1,"VANGUARD CHARITABLE contribution into Founders Pledge Inc (payer-into-intermediary, not METR)",grantmaker,,object 202402359349100515,VANGUARD CHARITABLE,Founders Pledge Inc,,named contributor into intermediary,2023-01-01,2023-12-31,,transfer,34273,USD,2023-12-31,year,TY2023 (2023-01-01 to 2023-12-31),,,,,,,,,,,,,yes,funder filings,GET GT XML 202402359349100515; ContributorInformationGrp VANGUARD CHARITABLE,https://gt990datalake-rawdata.s3.amazonaws.com/EfileData/XmlFiles/202402359349100515_public.xml,"<BusinessNameLine1Txt>VANGUARD CHARITABLE</BusinessNameLine1Txt>
        </ContributorBusinessName>
        <ContributorUSAddress>
          <AddressLine1Txt>PO BOX 9509</AddressLine1Txt>
          <CityNm>WARWICK</CityNm>
          <StateAbbreviationCd>RI</StateAbbreviationCd>
          <ZIPCd>0288",2026-09-16T10:07:20Z,named contributor TotalContributionsAmt=34273 VANGUARD CHARITABLE into Founders Pledge Inc,1,,"Payer-into-intermediary, not intermediary-to-METR. Do not deanonymize a DAF adviser. Natural-person Schedule B names on 990-PF are not copied. Not summed with METR filed_grant rows. Keep legal filers unmerged.",Primary research/primary/MD22-intermediary-returns/gt-xml-202402359349100515.xml-20260916T100418Z. [xhigh re-run row 34 of research/grok-out/MD22-intermediary-returns.csv; no medium counterpart]
X36,B,MDF,C02.E5;C06.E1,"SCHWAB CHARITABLE FUND contribution into Founders Pledge Inc (payer-into-intermediary, not METR)",grantmaker,,object 202402359349100515,SCHWAB CHARITABLE FUND,Founders Pledge Inc,,named contributor into intermediary,2023-01-01,2023-12-31,,transfer,114101,USD,2023-12-31,year,TY2023 (2023-01-01 to 2023-12-31),,,,,,,,,,,,,yes,funder filings,GET GT XML 202402359349100515; ContributorInformationGrp SCHWAB CHARITABLE FUND,https://gt990datalake-rawdata.s3.amazonaws.com/EfileData/XmlFiles/202402359349100515_public.xml,"<BusinessNameLine1Txt>SCHWAB CHARITABLE FUND</BusinessNameLine1Txt>
        </ContributorBusinessName>
        <ContributorUSAddress>
          <AddressLine1Txt>211 MAIN STREET</AddressLine1Txt>
          <CityNm>SAN FRANCISCO</CityNm>
          <StateAbbreviationCd>CA</StateAbbreviationCd>
        ",2026-09-16T10:07:20Z,named contributor TotalContributionsAmt=114101 SCHWAB CHARITABLE FUND into Founders Pledge Inc,1,,"Payer-into-intermediary, not intermediary-to-METR. Do not deanonymize a DAF adviser. Natural-person Schedule B names on 990-PF are not copied. Not summed with METR filed_grant rows. Keep legal filers unmerged.",Primary research/primary/MD22-intermediary-returns/gt-xml-202402359349100515.xml-20260916T100418Z. [xhigh re-run row 36 of research/grok-out/MD22-intermediary-returns.csv; no medium counterpart]
X38,B,MDF,C02.E5;C06.E1,"SILICON VALLEY COMMUNITY FOUNDATION contribution into Founders Pledge Inc (payer-into-intermediary, not METR)",grantmaker,,object 202402359349100515,SILICON VALLEY COMMUNITY FOUNDATION,Founders Pledge Inc,,named contributor into intermediary,2023-01-01,2023-12-31,,transfer,1702000,USD,2023-12-31,year,TY2023 (2023-01-01 to 2023-12-31),,,,,,,,,,,,,yes,funder filings,GET GT XML 202402359349100515; ContributorInformationGrp SILICON VALLEY COMMUNITY FOUNDATION,https://gt990datalake-rawdata.s3.amazonaws.com/EfileData/XmlFiles/202402359349100515_public.xml,"<BusinessNameLine1Txt>SILICON VALLEY COMMUNITY FOUNDATION</BusinessNameLine1Txt>
        </ContributorBusinessName>
        <ContributorUSAddress>
          <AddressLine1Txt>2440 WEST EL CAMINO REAL STE 300</AddressLine1Txt>
          <CityNm>MOUNTAIN VIEW</CityNm>
          <StateAbbreviationCd>CA<",2026-09-16T10:07:20Z,named contributor TotalContributionsAmt=1702000 SILICON VALLEY COMMUNITY FOUNDATION into Founders Pledge Inc,1,,"Payer-into-intermediary, not intermediary-to-METR. Do not deanonymize a DAF adviser. Natural-person Schedule B names on 990-PF are not copied. Not summed with METR filed_grant rows. Keep legal filers unmerged.",Primary research/primary/MD22-intermediary-returns/gt-xml-202402359349100515.xml-20260916T100418Z. [xhigh re-run row 38 of research/grok-out/MD22-intermediary-returns.csv; no medium counterpart]
X39,B,MDF,C02.E5;C06.E1,"FOUNDERS PLEDGE GGMBH contribution into Founders Pledge Inc (payer-into-intermediary, not METR)",grantmaker,,object 202402359349100515,FOUNDERS PLEDGE GGMBH,Founders Pledge Inc,,named contributor into intermediary,2023-01-01,2023-12-31,,transfer,449412,USD,2023-12-31,year,TY2023 (2023-01-01 to 2023-12-31),,,,,,,,,,,,,yes,funder filings,GET GT XML 202402359349100515; ContributorInformationGrp FOUNDERS PLEDGE GGMBH,https://gt990datalake-rawdata.s3.amazonaws.com/EfileData/XmlFiles/202402359349100515_public.xml,"<BusinessNameLine1Txt>FOUNDERS PLEDGE GGMBH</BusinessNameLine1Txt>
        </ContributorBusinessName>
        <ContributorForeignAddress>
          <AddressLine1Txt>EFFEKTIV SPENDEN MULLERSTRABE 138D</AddressLine1Txt>
          <CityNm>BERLIN</CityNm>
          <CountryCd>GM</CountryCd>
          <F",2026-09-16T10:07:20Z,named contributor TotalContributionsAmt=449412 FOUNDERS PLEDGE GGMBH into Founders Pledge Inc,1,,"Payer-into-intermediary, not intermediary-to-METR. Do not deanonymize a DAF adviser. Natural-person Schedule B names on 990-PF are not copied. Not summed with METR filed_grant rows. Keep legal filers unmerged.",Primary research/primary/MD22-intermediary-returns/gt-xml-202402359349100515.xml-20260916T100418Z. [xhigh re-run row 39 of research/grok-out/MD22-intermediary-returns.csv; no medium counterpart]
X40,B,MDF,C02.E5;C06.E1,"BANK OF AMERICA CHARITABLE GIFT FUND contribution into Founders Pledge Inc (payer-into-intermediary, not METR)",grantmaker,,object 202402359349100515,BANK OF AMERICA CHARITABLE GIFT FUND,Founders Pledge Inc,,named contributor into intermediary,2023-01-01,2023-12-31,,transfer,7500,USD,2023-12-31,year,TY2023 (2023-01-01 to 2023-12-31),,,,,,,,,,,,,yes,funder filings,GET GT XML 202402359349100515; ContributorInformationGrp BANK OF AMERICA CHARITABLE GIFT FUND,https://gt990datalake-rawdata.s3.amazonaws.com/EfileData/XmlFiles/202402359349100515_public.xml,"<BusinessNameLine1Txt>BANK OF AMERICA CHARITABLE GIFT FUND</BusinessNameLine1Txt>
        </ContributorBusinessName>
        <ContributorUSAddress>
          <AddressLine1Txt>100 FEDERAL ST</AddressLine1Txt>
          <CityNm>BOSTON</CityNm>
          <StateAbbreviationCd>MA</StateAbbreviationCd>
  ",2026-09-16T10:07:20Z,named contributor TotalContributionsAmt=7500 BANK OF AMERICA CHARITABLE GIFT FUND into Founders Pledge Inc,1,,"Payer-into-intermediary, not intermediary-to-METR. Do not deanonymize a DAF adviser. Natural-person Schedule B names on 990-PF are not copied. Not summed with METR filed_grant rows. Keep legal filers unmerged.",Primary research/primary/MD22-intermediary-returns/gt-xml-202402359349100515.xml-20260916T100418Z. [xhigh re-run row 40 of research/grok-out/MD22-intermediary-returns.csv; no medium counterpart]
X41,B,MDF,C02.E5;C06.E1,"FIDELITY INVESTMENTS CHARITABLE GIFT FUND contribution into Founders Pledge Inc (payer-into-intermediary, not METR)",grantmaker,,object 202301999349100115,FIDELITY INVESTMENTS CHARITABLE GIFT FUND,Founders Pledge Inc,,named contributor into intermediary,2022-01-01,2022-12-31,,transfer,1440450,USD,2022-12-31,year,TY2022 (2022-01-01 to 2022-12-31),,,,,,,,,,,,,yes,funder filings,GET GT XML 202301999349100115; ContributorInformationGrp FIDELITY INVESTMENTS CHARITABLE GIFT FUND,https://gt990datalake-rawdata.s3.amazonaws.com/EfileData/XmlFiles/202301999349100115_public.xml,"<BusinessNameLine1Txt>FIDELITY INVESTMENTS CHARITABLE GIFT FUND</BusinessNameLine1Txt>
        </ContributorBusinessName>
        <ContributorUSAddress>
          <AddressLine1Txt>200 SEAPORT BOULEVARD</AddressLine1Txt>
          <CityNm>BOSTON</CityNm>
          <StateAbbreviationCd>MA</StateAbbrev",2026-09-16T10:06:22Z,named contributor TotalContributionsAmt=1440450 FIDELITY INVESTMENTS CHARITABLE GIFT FUND into Founders Pledge Inc,1,,"Payer-into-intermediary, not intermediary-to-METR. Do not deanonymize a DAF adviser. Natural-person Schedule B names on 990-PF are not copied. Not summed with METR filed_grant rows. Keep legal filers unmerged.",Primary research/primary/MD22-intermediary-returns/gt-xml-202301999349100115.xml-20260916T100418Z. [xhigh re-run row 41 of research/grok-out/MD22-intermediary-returns.csv; no medium counterpart]
X42,B,MDF,C02.E5;C06.E1,"EVERYORG contribution into Founders Pledge Inc (payer-into-intermediary, not METR)",grantmaker,,object 202301999349100115,EVERYORG,Founders Pledge Inc,,named contributor into intermediary,2022-01-01,2022-12-31,,transfer,525370,USD,2022-12-31,year,TY2022 (2022-01-01 to 2022-12-31),,,,,,,,,,,,,yes,funder filings,GET GT XML 202301999349100115; ContributorInformationGrp EVERYORG,https://gt990datalake-rawdata.s3.amazonaws.com/EfileData/XmlFiles/202301999349100115_public.xml,"<BusinessNameLine1Txt>EVERYORG</BusinessNameLine1Txt>
        </ContributorBusinessName>
        <ContributorUSAddress>
          <AddressLine1Txt>2021 FILLMORE ST 20</AddressLine1Txt>
          <CityNm>SAN FRANCISCO</CityNm>
          <StateAbbreviationCd>CA</StateAbbreviationCd>
          <ZIPCd>9",2026-09-16T10:06:22Z,named contributor TotalContributionsAmt=525370 EVERYORG into Founders Pledge Inc,1,,"Payer-into-intermediary, not intermediary-to-METR. Do not deanonymize a DAF adviser. Natural-person Schedule B names on 990-PF are not copied. Not summed with METR filed_grant rows. Keep legal filers unmerged.",Primary research/primary/MD22-intermediary-returns/gt-xml-202301999349100115.xml-20260916T100418Z. [xhigh re-run row 42 of research/grok-out/MD22-intermediary-returns.csv; no medium counterpart]
X43,B,MDF,C02.E5;C06.E1,"VANGUARD CHARITABLE contribution into Founders Pledge Inc (payer-into-intermediary, not METR)",grantmaker,,object 202301999349100115,VANGUARD CHARITABLE,Founders Pledge Inc,,named contributor into intermediary,2022-01-01,2022-12-31,,transfer,177685,USD,2022-12-31,year,TY2022 (2022-01-01 to 2022-12-31),,,,,,,,,,,,,yes,funder filings,GET GT XML 202301999349100115; ContributorInformationGrp VANGUARD CHARITABLE,https://gt990datalake-rawdata.s3.amazonaws.com/EfileData/XmlFiles/202301999349100115_public.xml,"<BusinessNameLine1Txt>VANGUARD CHARITABLE</BusinessNameLine1Txt>
        </ContributorBusinessName>
        <ContributorUSAddress>
          <AddressLine1Txt>PO BOX 9509</AddressLine1Txt>
          <CityNm>WARWICK</CityNm>
          <StateAbbreviationCd>RI</StateAbbreviationCd>
          <ZIPCd>0288",2026-09-16T10:06:22Z,named contributor TotalContributionsAmt=177685 VANGUARD CHARITABLE into Founders Pledge Inc,1,,"Payer-into-intermediary, not intermediary-to-METR. Do not deanonymize a DAF adviser. Natural-person Schedule B names on 990-PF are not copied. Not summed with METR filed_grant rows. Keep legal filers unmerged.",Primary research/primary/MD22-intermediary-returns/gt-xml-202301999349100115.xml-20260916T100418Z. [xhigh re-run row 43 of research/grok-out/MD22-intermediary-returns.csv; no medium counterpart]
X44,B,MDF,C02.E5;C06.E1,"FOUNDERS PLEDGE LTD contribution into Founders Pledge Inc (payer-into-intermediary, not METR)",grantmaker,,object 202301999349100115,FOUNDERS PLEDGE LTD,Founders Pledge Inc,,named contributor into intermediary,2022-01-01,2022-12-31,,transfer,69524,USD,2022-12-31,year,TY2022 (2022-01-01 to 2022-12-31),,,,,,,,,,,,,yes,funder filings,GET GT XML 202301999349100115; ContributorInformationGrp FOUNDERS PLEDGE LTD,https://gt990datalake-rawdata.s3.amazonaws.com/EfileData/XmlFiles/202301999349100115_public.xml,"<BusinessNameLine1Txt>FOUNDERS PLEDGE LTD</BusinessNameLine1Txt>
          </RecipientBusinessName>
          <RecipientForeignAddress>
            <AddressLine1Txt>RUNWAY EAST NEW CITY COURT 20 ST</AddressLine1Txt>
            <AddressLine2Txt>THOMAS STREET</AddressLine2Txt>
            <CityNm>LON",2026-09-16T10:06:22Z,named contributor TotalContributionsAmt=69524 FOUNDERS PLEDGE LTD into Founders Pledge Inc,1,,"Payer-into-intermediary, not intermediary-to-METR. Do not deanonymize a DAF adviser. Natural-person Schedule B names on 990-PF are not copied. Not summed with METR filed_grant rows. Keep legal filers unmerged.",Primary research/primary/MD22-intermediary-returns/gt-xml-202301999349100115.xml-20260916T100418Z. [xhigh re-run row 44 of research/grok-out/MD22-intermediary-returns.csv; no medium counterpart]
X45,B,MDF,C02.E5;C06.E1,"SCHWAB CHARITABLE FUND contribution into Founders Pledge Inc (payer-into-intermediary, not METR)",grantmaker,,object 202301999349100115,SCHWAB CHARITABLE FUND,Founders Pledge Inc,,named contributor into intermediary,2022-01-01,2022-12-31,,transfer,14079,USD,2022-12-31,year,TY2022 (2022-01-01 to 2022-12-31),,,,,,,,,,,,,yes,funder filings,GET GT XML 202301999349100115; ContributorInformationGrp SCHWAB CHARITABLE FUND,https://gt990datalake-rawdata.s3.amazonaws.com/EfileData/XmlFiles/202301999349100115_public.xml,"<BusinessNameLine1Txt>SCHWAB CHARITABLE FUND</BusinessNameLine1Txt>
        </ContributorBusinessName>
        <ContributorUSAddress>
          <AddressLine1Txt>211 MAIN STREET</AddressLine1Txt>
          <CityNm>SAN FRANCISCO</CityNm>
          <StateAbbreviationCd>CA</StateAbbreviationCd>
        ",2026-09-16T10:06:22Z,named contributor TotalContributionsAmt=14079 SCHWAB CHARITABLE FUND into Founders Pledge Inc,1,,"Payer-into-intermediary, not intermediary-to-METR. Do not deanonymize a DAF adviser. Natural-person Schedule B names on 990-PF are not copied. Not summed with METR filed_grant rows. Keep legal filers unmerged.",Primary research/primary/MD22-intermediary-returns/gt-xml-202301999349100115.xml-20260916T100418Z. [xhigh re-run row 45 of research/grok-out/MD22-intermediary-returns.csv; no medium counterpart]
X46,B,MDF,C02.E5;C06.E1,"OPEN PHILANTHROPY PROJECT contribution into Founders Pledge Inc (payer-into-intermediary, not METR)",grantmaker,,object 202232349349100823,OPEN PHILANTHROPY PROJECT,Founders Pledge Inc,,named contributor into intermediary,2021-01-01,2021-12-31,,transfer,1000000,USD,2021-12-31,year,TY2021 (2021-01-01 to 2021-12-31),,,,,,,,,,,,,yes,funder filings,GET GT XML 202232349349100823; ContributorInformationGrp OPEN PHILANTHROPY PROJECT,https://gt990datalake-rawdata.s3.amazonaws.com/EfileData/XmlFiles/202232349349100823_public.xml,"<BusinessNameLine1Txt>OPEN PHILANTHROPY PROJECT</BusinessNameLine1Txt>
        </ContributorBusinessName>
        <ContributorUSAddress>
          <AddressLine1Txt>182 HOWARD STREET 225</AddressLine1Txt>
          <CityNm>SAN FRANCISCO</CityNm>
          <StateAbbreviationCd>CA</StateAbbreviationCd>",2026-09-16T10:05:37Z,named contributor TotalContributionsAmt=1000000 OPEN PHILANTHROPY PROJECT into Founders Pledge Inc,1,,"Payer-into-intermediary, not intermediary-to-METR. Do not deanonymize a DAF adviser. Natural-person Schedule B names on 990-PF are not copied. Not summed with METR filed_grant rows. Keep legal filers unmerged.",Primary research/primary/MD22-intermediary-returns/gt-xml-202232349349100823.xml-20260916T100418Z. [xhigh re-run row 46 of research/grok-out/MD22-intermediary-returns.csv; no medium counterpart]
X47,B,MDF,C02.E5;C06.E1,"VANGUARD CHARITABLE contribution into Founders Pledge Inc (payer-into-intermediary, not METR)",grantmaker,,object 202232349349100823,VANGUARD CHARITABLE,Founders Pledge Inc,,named contributor into intermediary,2021-01-01,2021-12-31,,transfer,325000,USD,2021-12-31,year,TY2021 (2021-01-01 to 2021-12-31),,,,,,,,,,,,,yes,funder filings,GET GT XML 202232349349100823; ContributorInformationGrp VANGUARD CHARITABLE,https://gt990datalake-rawdata.s3.amazonaws.com/EfileData/XmlFiles/202232349349100823_public.xml,"<BusinessNameLine1Txt>VANGUARD CHARITABLE</BusinessNameLine1Txt>
        </ContributorBusinessName>
        <ContributorUSAddress>
          <AddressLine1Txt>PO BOX 5909</AddressLine1Txt>
          <CityNm>WARWICK</CityNm>
          <StateAbbreviationCd>RI</StateAbbreviationCd>
          <ZIPCd>0288",2026-09-16T10:05:37Z,named contributor TotalContributionsAmt=325000 VANGUARD CHARITABLE into Founders Pledge Inc,1,,"Payer-into-intermediary, not intermediary-to-METR. Do not deanonymize a DAF adviser. Natural-person Schedule B names on 990-PF are not copied. Not summed with METR filed_grant rows. Keep legal filers unmerged.",Primary research/primary/MD22-intermediary-returns/gt-xml-202232349349100823.xml-20260916T100418Z. [xhigh re-run row 47 of research/grok-out/MD22-intermediary-returns.csv; no medium counterpart]
X48,B,MDF,C02.E5;C06.E1,"EVERYORG contribution into Founders Pledge Inc (payer-into-intermediary, not METR)",grantmaker,,object 202232349349100823,EVERYORG,Founders Pledge Inc,,named contributor into intermediary,2021-01-01,2021-12-31,,transfer,586327,USD,2021-12-31,year,TY2021 (2021-01-01 to 2021-12-31),,,,,,,,,,,,,yes,funder filings,GET GT XML 202232349349100823; ContributorInformationGrp EVERYORG,https://gt990datalake-rawdata.s3.amazonaws.com/EfileData/XmlFiles/202232349349100823_public.xml,"<BusinessNameLine1Txt>EVERYORG</BusinessNameLine1Txt>
        </ContributorBusinessName>
        <ContributorUSAddress>
          <AddressLine1Txt>2021 FILLMORE ST SUITE 20</AddressLine1Txt>
          <CityNm>SAN FRANCISCO</CityNm>
          <StateAbbreviationCd>CA</StateAbbreviationCd>
          <Z",2026-09-16T10:05:37Z,named contributor TotalContributionsAmt=586327 EVERYORG into Founders Pledge Inc,1,,"Payer-into-intermediary, not intermediary-to-METR. Do not deanonymize a DAF adviser. Natural-person Schedule B names on 990-PF are not copied. Not summed with METR filed_grant rows. Keep legal filers unmerged.",Primary research/primary/MD22-intermediary-returns/gt-xml-202232349349100823.xml-20260916T100418Z. [xhigh re-run row 48 of research/grok-out/MD22-intermediary-returns.csv; no medium counterpart]
X49,B,MDF,C02.E5;C06.E1,"FIDELITY CHARITABLE contribution into Founders Pledge Inc (payer-into-intermediary, not METR)",grantmaker,,object 202232349349100823,FIDELITY CHARITABLE,Founders Pledge Inc,,named contributor into intermediary,2021-01-01,2021-12-31,,transfer,483750,USD,2021-12-31,year,TY2021 (2021-01-01 to 2021-12-31),,,,,,,,,,,,,yes,funder filings,GET GT XML 202232349349100823; ContributorInformationGrp FIDELITY CHARITABLE,https://gt990datalake-rawdata.s3.amazonaws.com/EfileData/XmlFiles/202232349349100823_public.xml,"<BusinessNameLine1Txt>FIDELITY CHARITABLE</BusinessNameLine1Txt>
        </ContributorBusinessName>
        <ContributorUSAddress>
          <AddressLine1Txt>PO BOX 770001</AddressLine1Txt>
          <CityNm>CINCINNATI</CityNm>
          <StateAbbreviationCd>OH</StateAbbreviationCd>
          <ZIPCd",2026-09-16T10:05:37Z,named contributor TotalContributionsAmt=483750 FIDELITY CHARITABLE into Founders Pledge Inc,1,,"Payer-into-intermediary, not intermediary-to-METR. Do not deanonymize a DAF adviser. Natural-person Schedule B names on 990-PF are not copied. Not summed with METR filed_grant rows. Keep legal filers unmerged.",Primary research/primary/MD22-intermediary-returns/gt-xml-202232349349100823.xml-20260916T100418Z. [xhigh re-run row 49 of research/grok-out/MD22-intermediary-returns.csv; no medium counterpart]
X50,B,MDF,C02.E5;C06.E1,"FOUNDERS PLEDGE GGMBH contribution into Founders Pledge Inc (payer-into-intermediary, not METR)",grantmaker,,object 202232349349100823,FOUNDERS PLEDGE GGMBH,Founders Pledge Inc,,named contributor into intermediary,2021-01-01,2021-12-31,,transfer,6981,USD,2021-12-31,year,TY2021 (2021-01-01 to 2021-12-31),,,,,,,,,,,,,yes,funder filings,GET GT XML 202232349349100823; ContributorInformationGrp FOUNDERS PLEDGE GGMBH,https://gt990datalake-rawdata.s3.amazonaws.com/EfileData/XmlFiles/202232349349100823_public.xml,"<BusinessNameLine1Txt>FOUNDERS PLEDGE GGMBH</BusinessNameLine1Txt>
        </ContributorBusinessName>
        <ContributorForeignAddress>
          <AddressLine1Txt>FRIEDRICHSTRASSE 206</AddressLine1Txt>
          <CityNm>BERLIN</CityNm>
          <CountryCd>GM</CountryCd>
          <ForeignPostalCd",2026-09-16T10:05:37Z,named contributor TotalContributionsAmt=6981 FOUNDERS PLEDGE GGMBH into Founders Pledge Inc,1,,"Payer-into-intermediary, not intermediary-to-METR. Do not deanonymize a DAF adviser. Natural-person Schedule B names on 990-PF are not copied. Not summed with METR filed_grant rows. Keep legal filers unmerged.",Primary research/primary/MD22-intermediary-returns/gt-xml-202232349349100823.xml-20260916T100418Z. [xhigh re-run row 50 of research/grok-out/MD22-intermediary-returns.csv; no medium counterpart]
X51,B,MDF,C02.E5;C06.E1,"GOOD VENTURES FOUNDATION contribution into Founders Pledge Inc (payer-into-intermediary, not METR)",grantmaker,,object 202232349349100823,GOOD VENTURES FOUNDATION,Founders Pledge Inc,,named contributor into intermediary,2021-01-01,2021-12-31,,transfer,1000000,USD,2021-12-31,year,TY2021 (2021-01-01 to 2021-12-31),,,,,,,,,,,,,yes,funder filings,GET GT XML 202232349349100823; ContributorInformationGrp GOOD VENTURES FOUNDATION,https://gt990datalake-rawdata.s3.amazonaws.com/EfileData/XmlFiles/202232349349100823_public.xml,"<BusinessNameLine1Txt>GOOD VENTURES FOUNDATION</BusinessNameLine1Txt>
        </ContributorBusinessName>
        <ContributorUSAddress>
          <AddressLine1Txt>314 LYTTON AVE</AddressLine1Txt>
          <CityNm>PALO ALTO</CityNm>
          <StateAbbreviationCd>CA</StateAbbreviationCd>
          <",2026-09-16T10:05:37Z,named contributor TotalContributionsAmt=1000000 GOOD VENTURES FOUNDATION into Founders Pledge Inc,1,,"Payer-into-intermediary, not intermediary-to-METR. Do not deanonymize a DAF adviser. Natural-person Schedule B names on 990-PF are not copied. Not summed with METR filed_grant rows. Keep legal filers unmerged.",Primary research/primary/MD22-intermediary-returns/gt-xml-202232349349100823.xml-20260916T100418Z. [xhigh re-run row 51 of research/grok-out/MD22-intermediary-returns.csv; no medium counterpart]
X52,B,MDF,C02.E5;C06.E1,"SILICON VALLEY COMMUNITY FOUNDATION contribution into Founders Pledge Inc (payer-into-intermediary, not METR)",grantmaker,,object 202131059349101903,SILICON VALLEY COMMUNITY FOUNDATION,Founders Pledge Inc,,named contributor into intermediary,2020-01-01,2020-12-31,,transfer,1000000,USD,2020-12-31,year,TY2020 (2020-01-01 to 2020-12-31),,,,,,,,,,,,,yes,funder filings,GET GT XML 202131059349101903; ContributorInformationGrp SILICON VALLEY COMMUNITY FOUNDATION,https://gt990datalake-rawdata.s3.amazonaws.com/EfileData/XmlFiles/202131059349101903_public.xml,"<BusinessNameLine1Txt>SILICON VALLEY COMMUNITY FOUNDATION</BusinessNameLine1Txt>
        </ContributorBusinessName>
        <ContributorUSAddress>
          <AddressLine1Txt>2440 W EL CAMINO REAL STE 300</AddressLine1Txt>
          <CityNm>MOUNTAIN VIEW</CityNm>
          <StateAbbreviationCd>CA</St",2026-09-16T10:04:42Z,named contributor TotalContributionsAmt=1000000 SILICON VALLEY COMMUNITY FOUNDATION into Founders Pledge Inc,1,,"Payer-into-intermediary, not intermediary-to-METR. Do not deanonymize a DAF adviser. Natural-person Schedule B names on 990-PF are not copied. Not summed with METR filed_grant rows. Keep legal filers unmerged.",Primary research/primary/MD22-intermediary-returns/gt-xml-202131059349101903.xml-20260916T100418Z. [xhigh re-run row 52 of research/grok-out/MD22-intermediary-returns.csv; no medium counterpart]
X53,B,MDF,C02.E5;C06.E1,"FIDELITY CHARITABLE contribution into Founders Pledge Inc (payer-into-intermediary, not METR)",grantmaker,,object 202131059349101903,FIDELITY CHARITABLE,Founders Pledge Inc,,named contributor into intermediary,2020-01-01,2020-12-31,,transfer,175000,USD,2020-12-31,year,TY2020 (2020-01-01 to 2020-12-31),,,,,,,,,,,,,yes,funder filings,GET GT XML 202131059349101903; ContributorInformationGrp FIDELITY CHARITABLE,https://gt990datalake-rawdata.s3.amazonaws.com/EfileData/XmlFiles/202131059349101903_public.xml,"<BusinessNameLine1Txt>FIDELITY CHARITABLE</BusinessNameLine1Txt>
        </ContributorBusinessName>
        <ContributorUSAddress>
          <AddressLine1Txt>200 SEAPORT BLVD</AddressLine1Txt>
          <CityNm>BOSTON</CityNm>
          <StateAbbreviationCd>MA</StateAbbreviationCd>
          <ZIPCd>",2026-09-16T10:04:42Z,named contributor TotalContributionsAmt=175000 FIDELITY CHARITABLE into Founders Pledge Inc,1,,"Payer-into-intermediary, not intermediary-to-METR. Do not deanonymize a DAF adviser. Natural-person Schedule B names on 990-PF are not copied. Not summed with METR filed_grant rows. Keep legal filers unmerged.",Primary research/primary/MD22-intermediary-returns/gt-xml-202131059349101903.xml-20260916T100418Z. [xhigh re-run row 53 of research/grok-out/MD22-intermediary-returns.csv; no medium counterpart]
X54,B,MDF,C02.E5;C06.E1,"GOOD VENTURES FOUNDATION contribution into Founders Pledge Inc (payer-into-intermediary, not METR)",grantmaker,,object 202131059349101903,GOOD VENTURES FOUNDATION,Founders Pledge Inc,,named contributor into intermediary,2020-01-01,2020-12-31,,transfer,1500000,USD,2020-12-31,year,TY2020 (2020-01-01 to 2020-12-31),,,,,,,,,,,,,yes,funder filings,GET GT XML 202131059349101903; ContributorInformationGrp GOOD VENTURES FOUNDATION,https://gt990datalake-rawdata.s3.amazonaws.com/EfileData/XmlFiles/202131059349101903_public.xml,"<BusinessNameLine1Txt>GOOD VENTURES FOUNDATION</BusinessNameLine1Txt>
        </ContributorBusinessName>
        <ContributorUSAddress>
          <AddressLine1Txt>314 LYTTON AVE STE 200</AddressLine1Txt>
          <CityNm>PALO ALTO</CityNm>
          <StateAbbreviationCd>CA</StateAbbreviationCd>
   ",2026-09-16T10:04:42Z,named contributor TotalContributionsAmt=1500000 GOOD VENTURES FOUNDATION into Founders Pledge Inc,1,,"Payer-into-intermediary, not intermediary-to-METR. Do not deanonymize a DAF adviser. Natural-person Schedule B names on 990-PF are not copied. Not summed with METR filed_grant rows. Keep legal filers unmerged.",Primary research/primary/MD22-intermediary-returns/gt-xml-202131059349101903.xml-20260916T100418Z. [xhigh re-run row 54 of research/grok-out/MD22-intermediary-returns.csv; no medium counterpart]
X55,B,MDF,C02.E5;C06.E1,"FIDELITY CHARITABLE contribution into Founders Pledge Inc (payer-into-intermediary, not METR)",grantmaker,,object 202131059349101903,FIDELITY CHARITABLE,Founders Pledge Inc,,named contributor into intermediary,2020-01-01,2020-12-31,,transfer,6000,USD,2020-12-31,year,TY2020 (2020-01-01 to 2020-12-31),,,,,,,,,,,,,yes,funder filings,GET GT XML 202131059349101903; ContributorInformationGrp FIDELITY CHARITABLE,https://gt990datalake-rawdata.s3.amazonaws.com/EfileData/XmlFiles/202131059349101903_public.xml,"<BusinessNameLine1Txt>FIDELITY CHARITABLE</BusinessNameLine1Txt>
        </ContributorBusinessName>
        <ContributorUSAddress>
          <AddressLine1Txt>200 SEAPORT BLVD</AddressLine1Txt>
          <CityNm>BOSTON</CityNm>
          <StateAbbreviationCd>MA</StateAbbreviationCd>
          <ZIPCd>",2026-09-16T10:04:42Z,named contributor TotalContributionsAmt=6000 FIDELITY CHARITABLE into Founders Pledge Inc,1,,"Payer-into-intermediary, not intermediary-to-METR. Do not deanonymize a DAF adviser. Natural-person Schedule B names on 990-PF are not copied. Not summed with METR filed_grant rows. Keep legal filers unmerged.",Primary research/primary/MD22-intermediary-returns/gt-xml-202131059349101903.xml-20260916T100418Z. [xhigh re-run row 55 of research/grok-out/MD22-intermediary-returns.csv; no medium counterpart]
X56,B,MDF,C02.E5;C06.E1,"FIDELITY CHARITABLE contribution into Founders Pledge Inc (payer-into-intermediary, not METR)",grantmaker,,object 202131059349101903,FIDELITY CHARITABLE,Founders Pledge Inc,,named contributor into intermediary,2020-01-01,2020-12-31,,transfer,40000,USD,2020-12-31,year,TY2020 (2020-01-01 to 2020-12-31),,,,,,,,,,,,,yes,funder filings,GET GT XML 202131059349101903; ContributorInformationGrp FIDELITY CHARITABLE,https://gt990datalake-rawdata.s3.amazonaws.com/EfileData/XmlFiles/202131059349101903_public.xml,"<BusinessNameLine1Txt>FIDELITY CHARITABLE</BusinessNameLine1Txt>
        </ContributorBusinessName>
        <ContributorUSAddress>
          <AddressLine1Txt>200 SEAPORT BLVD</AddressLine1Txt>
          <CityNm>BOSTON</CityNm>
          <StateAbbreviationCd>MA</StateAbbreviationCd>
          <ZIPCd>",2026-09-16T10:04:42Z,named contributor TotalContributionsAmt=40000 FIDELITY CHARITABLE into Founders Pledge Inc,1,,"Payer-into-intermediary, not intermediary-to-METR. Do not deanonymize a DAF adviser. Natural-person Schedule B names on 990-PF are not copied. Not summed with METR filed_grant rows. Keep legal filers unmerged.",Primary research/primary/MD22-intermediary-returns/gt-xml-202131059349101903.xml-20260916T100418Z. [xhigh re-run row 56 of research/grok-out/MD22-intermediary-returns.csv; no medium counterpart]
X57,B,MDF,C02.E5;C06.E1,"FIDELITY CHARITABLE contribution into Founders Pledge Inc (payer-into-intermediary, not METR)",grantmaker,,object 202131059349101903,FIDELITY CHARITABLE,Founders Pledge Inc,,named contributor into intermediary,2020-01-01,2020-12-31,,transfer,50000,USD,2020-12-31,year,TY2020 (2020-01-01 to 2020-12-31),,,,,,,,,,,,,yes,funder filings,GET GT XML 202131059349101903; ContributorInformationGrp FIDELITY CHARITABLE,https://gt990datalake-rawdata.s3.amazonaws.com/EfileData/XmlFiles/202131059349101903_public.xml,"<BusinessNameLine1Txt>FIDELITY CHARITABLE</BusinessNameLine1Txt>
        </ContributorBusinessName>
        <ContributorUSAddress>
          <AddressLine1Txt>200 SEAPORT BLVD</AddressLine1Txt>
          <CityNm>BOSTON</CityNm>
          <StateAbbreviationCd>MA</StateAbbreviationCd>
          <ZIPCd>",2026-09-16T10:04:42Z,named contributor TotalContributionsAmt=50000 FIDELITY CHARITABLE into Founders Pledge Inc,1,,"Payer-into-intermediary, not intermediary-to-METR. Do not deanonymize a DAF adviser. Natural-person Schedule B names on 990-PF are not copied. Not summed with METR filed_grant rows. Keep legal filers unmerged.",Primary research/primary/MD22-intermediary-returns/gt-xml-202131059349101903.xml-20260916T100418Z. [xhigh re-run row 57 of research/grok-out/MD22-intermediary-returns.csv; no medium counterpart]
X58,B,MDF,C06.E1,Every Org TY2024 (2024-01-01 to 2024-12-31) reported total revenue (not a METR grant),grantmaker,,EIN 61-1913297; object 202502749349100700,contributors to Every Org (see Schedule B rows),Every Org,,,,,,,50455689,USD,2024-12-31,interval,TY2024 (2024-01-01 to 2024-12-31),filed total revenue,,,,,,,,,,,,,funder filings,GET GT XML 202502749349100700; Return CYTotalRevenueAmt / ContriRcvdRevAndExpnssAmt,https://gt990datalake-rawdata.s3.amazonaws.com/EfileData/XmlFiles/202502749349100700_public.xml,"<ContriRcvdRevAndExpnssAmt>50455689</ContriRcvdRevAndExpnssAmt>
        <InterestOnSavRevAndExpnssAmt>111651</InterestOnSavRevAndExpnssAmt>
        <InterestOnSavNetInvstIncmAmt>111651</InterestOnSavNetInvstIncmAmt>
        <DividendsRevAndExpnssAmt>0</DividendsRevAndExpnssAmt>
        <DividendsNet",2026-09-16T10:07:31Z,own revenue CYTotalRevenueAmt/ContriRcvdRevAndExpnssAmt=50455689; not a METR grant,1,,"This is the intermediary's own revenue, not a payment to METR. Do not sum with grant-schedule METR lines. money_type left empty: a filer's revenue total is not a funding event to METR.",Separate proposition from Task A intermediary-to-METR rows. Primary research/primary/MD22-intermediary-returns/gt-xml-202502749349100700.xml-20260916T100418Z. [xhigh re-run row 58 of research/grok-out/MD22-intermediary-returns.csv; no medium counterpart]
X59,B,MDF,C02.E5;C06.E1,"FIDELITY CHARITABLE contribution into Every Org (payer-into-intermediary, not METR)",grantmaker,,object 202502749349100700,FIDELITY CHARITABLE,Every Org,,named contributor into intermediary,2024-01-01,2024-12-31,,transfer,425000,USD,2024-12-31,year,TY2024 (2024-01-01 to 2024-12-31),,,,,,,,,,,,,yes,funder filings,GET GT XML 202502749349100700; ContributorInformationGrp FIDELITY CHARITABLE,https://gt990datalake-rawdata.s3.amazonaws.com/EfileData/XmlFiles/202502749349100700_public.xml,"<ContributorPersonNm>FIDELITY CHARITABLE</ContributorPersonNm>
        <ContributorUSAddress>
          <AddressLine1Txt>PO BOX 770001</AddressLine1Txt>
          <CityNm>CINCINNATI</CityNm>
          <StateAbbreviationCd>OH</StateAbbreviationCd>
          <ZIPCd>45277</ZIPCd>
        </ContributorU",2026-09-16T10:07:31Z,named contributor TotalContributionsAmt=425000 FIDELITY CHARITABLE into Every Org,1,,"Payer-into-intermediary, not intermediary-to-METR. Do not deanonymize a DAF adviser. Natural-person Schedule B names on 990-PF are not copied. Not summed with METR filed_grant rows. Keep legal filers unmerged.",Primary research/primary/MD22-intermediary-returns/gt-xml-202502749349100700.xml-20260916T100418Z. [xhigh re-run row 59 of research/grok-out/MD22-intermediary-returns.csv; no medium counterpart]
X61,B,MDF,C02.E5;C06.E1,"SCHWAB CHARITABLE contribution into Every Org (payer-into-intermediary, not METR)",grantmaker,,object 202423199349106002,SCHWAB CHARITABLE,Every Org,,named contributor into intermediary,2023-01-01,2023-12-31,,transfer,210115,USD,2023-12-31,year,TY2023 (2023-01-01 to 2023-12-31),,,,,,,,,,,,,yes,funder filings,GET GT XML 202423199349106002; ContributorInformationGrp SCHWAB CHARITABLE,https://gt990datalake-rawdata.s3.amazonaws.com/EfileData/XmlFiles/202423199349106002_public.xml,"<ContributorPersonNm>SCHWAB CHARITABLE</ContributorPersonNm>
        <ContributorUSAddress>
          <AddressLine1Txt>PO BOX 2430</AddressLine1Txt>
          <CityNm>OMAHA</CityNm>
          <StateAbbreviationCd>NE</StateAbbreviationCd>
          <ZIPCd>68103</ZIPCd>
        </ContributorUSAddress>",2026-09-16T10:07:27Z,named contributor TotalContributionsAmt=210115 SCHWAB CHARITABLE into Every Org,1,,"Payer-into-intermediary, not intermediary-to-METR. Do not deanonymize a DAF adviser. Natural-person Schedule B names on 990-PF are not copied. Not summed with METR filed_grant rows. Keep legal filers unmerged.",Primary research/primary/MD22-intermediary-returns/gt-xml-202423199349106002.xml-20260916T100418Z. [xhigh re-run row 61 of research/grok-out/MD22-intermediary-returns.csv; no medium counterpart]
X62,B,MDF,C02.E5;C06.E1,"VANGUARD CHARITABLE contribution into Every Org (payer-into-intermediary, not METR)",grantmaker,,object 202423199349106002,VANGUARD CHARITABLE,Every Org,,named contributor into intermediary,2023-01-01,2023-12-31,,transfer,50075,USD,2023-12-31,year,TY2023 (2023-01-01 to 2023-12-31),,,,,,,,,,,,,yes,funder filings,GET GT XML 202423199349106002; ContributorInformationGrp VANGUARD CHARITABLE,https://gt990datalake-rawdata.s3.amazonaws.com/EfileData/XmlFiles/202423199349106002_public.xml,"<ContributorPersonNm>VANGUARD CHARITABLE</ContributorPersonNm>
        <ContributorUSAddress>
          <AddressLine1Txt>PO BOX 9509</AddressLine1Txt>
          <CityNm>WARWICK</CityNm>
          <StateAbbreviationCd>RI</StateAbbreviationCd>
          <ZIPCd>02889</ZIPCd>
        </ContributorUSAddr",2026-09-16T10:07:27Z,named contributor TotalContributionsAmt=50075 VANGUARD CHARITABLE into Every Org,1,,"Payer-into-intermediary, not intermediary-to-METR. Do not deanonymize a DAF adviser. Natural-person Schedule B names on 990-PF are not copied. Not summed with METR filed_grant rows. Keep legal filers unmerged.",Primary research/primary/MD22-intermediary-returns/gt-xml-202423199349106002.xml-20260916T100418Z. [xhigh re-run row 62 of research/grok-out/MD22-intermediary-returns.csv; no medium counterpart]
X63,B,MDF,C02.E5;C06.E1,"GOLDMAN SACHS CHARITABLE GIFT FUND contribution into Every Org (payer-into-intermediary, not METR)",grantmaker,,object 202423199349106002,GOLDMAN SACHS CHARITABLE GIFT FUND,Every Org,,named contributor into intermediary,2023-01-01,2023-12-31,,transfer,37500,USD,2023-12-31,year,TY2023 (2023-01-01 to 2023-12-31),,,,,,,,,,,,,yes,funder filings,GET GT XML 202423199349106002; ContributorInformationGrp GOLDMAN SACHS CHARITABLE GIFT FUND,https://gt990datalake-rawdata.s3.amazonaws.com/EfileData/XmlFiles/202423199349106002_public.xml,"<ContributorPersonNm>GOLDMAN SACHS CHARITABLE GIFT FUND</ContributorPersonNm>
        <ContributorUSAddress>
          <AddressLine1Txt>200 WEST STREET 29TH FLOOR</AddressLine1Txt>
          <CityNm>NEW YORK</CityNm>
          <StateAbbreviationCd>NY</StateAbbreviationCd>
          <ZIPCd>10282</ZIP",2026-09-16T10:07:27Z,named contributor TotalContributionsAmt=37500 GOLDMAN SACHS CHARITABLE GIFT FUND into Every Org,1,,"Payer-into-intermediary, not intermediary-to-METR. Do not deanonymize a DAF adviser. Natural-person Schedule B names on 990-PF are not copied. Not summed with METR filed_grant rows. Keep legal filers unmerged.",Primary research/primary/MD22-intermediary-returns/gt-xml-202423199349106002.xml-20260916T100418Z. [xhigh re-run row 63 of research/grok-out/MD22-intermediary-returns.csv; no medium counterpart]
X64,B,MDF,C02.E5;C06.E1,"MARIN COMMUNITY FOUNDATION MCF contribution into Every Org (payer-into-intermediary, not METR)",grantmaker,,object 202423199349106002,MARIN COMMUNITY FOUNDATION MCF,Every Org,,named contributor into intermediary,2023-01-01,2023-12-31,,transfer,10000,USD,2023-12-31,year,TY2023 (2023-01-01 to 2023-12-31),,,,,,,,,,,,,yes,funder filings,GET GT XML 202423199349106002; ContributorInformationGrp MARIN COMMUNITY FOUNDATION MCF,https://gt990datalake-rawdata.s3.amazonaws.com/EfileData/XmlFiles/202423199349106002_public.xml,"<ContributorPersonNm>MARIN COMMUNITY FOUNDATION MCF</ContributorPersonNm>
        <ContributorUSAddress>
          <AddressLine1Txt>5 HAMILTON LANDING SUITE 200</AddressLine1Txt>
          <CityNm>NOVATO</CityNm>
          <StateAbbreviationCd>CA</StateAbbreviationCd>
          <ZIPCd>94949</ZIPCd>
",2026-09-16T10:07:27Z,named contributor TotalContributionsAmt=10000 MARIN COMMUNITY FOUNDATION MCF into Every Org,1,,"Payer-into-intermediary, not intermediary-to-METR. Do not deanonymize a DAF adviser. Natural-person Schedule B names on 990-PF are not copied. Not summed with METR filed_grant rows. Keep legal filers unmerged.",Primary research/primary/MD22-intermediary-returns/gt-xml-202423199349106002.xml-20260916T100418Z. [xhigh re-run row 64 of research/grok-out/MD22-intermediary-returns.csv; no medium counterpart]
X65,B,MDF,C02.E5;C06.E1,"BANK OF AMERICA CHARITABLE FUND contribution into Every Org (payer-into-intermediary, not METR)",grantmaker,,object 202423199349106002,BANK OF AMERICA CHARITABLE FUND,Every Org,,named contributor into intermediary,2023-01-01,2023-12-31,,transfer,5500,USD,2023-12-31,year,TY2023 (2023-01-01 to 2023-12-31),,,,,,,,,,,,,yes,funder filings,GET GT XML 202423199349106002; ContributorInformationGrp BANK OF AMERICA CHARITABLE FUND,https://gt990datalake-rawdata.s3.amazonaws.com/EfileData/XmlFiles/202423199349106002_public.xml,"<ContributorPersonNm>BANK OF AMERICA CHARITABLE FUND</ContributorPersonNm>
        <ContributorUSAddress>
          <AddressLine1Txt>100 FEDERAL STREET MA1</AddressLine1Txt>
          <CityNm>BOSTON</CityNm>
          <StateAbbreviationCd>MA</StateAbbreviationCd>
          <ZIPCd>02110</ZIPCd>
     ",2026-09-16T10:07:27Z,named contributor TotalContributionsAmt=5500 BANK OF AMERICA CHARITABLE FUND into Every Org,1,,"Payer-into-intermediary, not intermediary-to-METR. Do not deanonymize a DAF adviser. Natural-person Schedule B names on 990-PF are not copied. Not summed with METR filed_grant rows. Keep legal filers unmerged.",Primary research/primary/MD22-intermediary-returns/gt-xml-202423199349106002.xml-20260916T100418Z. [xhigh re-run row 65 of research/grok-out/MD22-intermediary-returns.csv; no medium counterpart]
X66,B,MDF,C02.E5;C06.E1,"FIDELITY CHARITABLE contribution into Every Org (payer-into-intermediary, not METR)",grantmaker,,object 202201479349100500,FIDELITY CHARITABLE,Every Org,,named contributor into intermediary,2021-01-01,2021-12-31,,transfer,158314,USD,2021-12-31,year,TY2021 (2021-01-01 to 2021-12-31),,,,,,,,,,,,,yes,funder filings,GET GT XML 202201479349100500; ContributorInformationGrp FIDELITY CHARITABLE,https://gt990datalake-rawdata.s3.amazonaws.com/EfileData/XmlFiles/202201479349100500_public.xml,"<BusinessNameLine1Txt>FIDELITY CHARITABLE</BusinessNameLine1Txt>
        </ContributorBusinessName>
        <ContributorUSAddress>
          <AddressLine1Txt>PO BOX 770001</AddressLine1Txt>
          <CityNm>CINCINNATI</CityNm>
          <StateAbbreviationCd>OH</StateAbbreviationCd>
          <ZIPCd",2026-09-16T10:05:35Z,named contributor TotalContributionsAmt=158314 FIDELITY CHARITABLE into Every Org,1,,"Payer-into-intermediary, not intermediary-to-METR. Do not deanonymize a DAF adviser. Natural-person Schedule B names on 990-PF are not copied. Not summed with METR filed_grant rows. Keep legal filers unmerged.",Primary research/primary/MD22-intermediary-returns/gt-xml-202201479349100500.xml-20260916T100418Z. [xhigh re-run row 66 of research/grok-out/MD22-intermediary-returns.csv; no medium counterpart]
X67,B,MDF,C02.E5;C06.E1,"SCHWAB CHARITABLE contribution into Every Org (payer-into-intermediary, not METR)",grantmaker,,object 202201479349100500,SCHWAB CHARITABLE,Every Org,,named contributor into intermediary,2021-01-01,2021-12-31,,transfer,56600,USD,2021-12-31,year,TY2021 (2021-01-01 to 2021-12-31),,,,,,,,,,,,,yes,funder filings,GET GT XML 202201479349100500; ContributorInformationGrp SCHWAB CHARITABLE,https://gt990datalake-rawdata.s3.amazonaws.com/EfileData/XmlFiles/202201479349100500_public.xml,"<BusinessNameLine1Txt>SCHWAB CHARITABLE</BusinessNameLine1Txt>
        </ContributorBusinessName>
        <ContributorUSAddress>
          <AddressLine1Txt>PO BOX 628298</AddressLine1Txt>
          <CityNm>ORLANDO</CityNm>
          <StateAbbreviationCd>FL</StateAbbreviationCd>
          <ZIPCd>3286",2026-09-16T10:05:35Z,named contributor TotalContributionsAmt=56600 SCHWAB CHARITABLE into Every Org,1,,"Payer-into-intermediary, not intermediary-to-METR. Do not deanonymize a DAF adviser. Natural-person Schedule B names on 990-PF are not copied. Not summed with METR filed_grant rows. Keep legal filers unmerged.",Primary research/primary/MD22-intermediary-returns/gt-xml-202201479349100500.xml-20260916T100418Z. [xhigh re-run row 67 of research/grok-out/MD22-intermediary-returns.csv; no medium counterpart]
X68,B,MDF,C02.E5;C06.E1,"VANGUARD CHARITABLE contribution into Every Org (payer-into-intermediary, not METR)",grantmaker,,object 202201479349100500,VANGUARD CHARITABLE,Every Org,,named contributor into intermediary,2021-01-01,2021-12-31,,transfer,31480,USD,2021-12-31,year,TY2021 (2021-01-01 to 2021-12-31),,,,,,,,,,,,,yes,funder filings,GET GT XML 202201479349100500; ContributorInformationGrp VANGUARD CHARITABLE,https://gt990datalake-rawdata.s3.amazonaws.com/EfileData/XmlFiles/202201479349100500_public.xml,"<BusinessNameLine1Txt>VANGUARD CHARITABLE</BusinessNameLine1Txt>
        </ContributorBusinessName>
        <ContributorUSAddress>
          <AddressLine1Txt>PO BOX 9509</AddressLine1Txt>
          <CityNm>WARWICK</CityNm>
          <StateAbbreviationCd>RI</StateAbbreviationCd>
          <ZIPCd>0288",2026-09-16T10:05:35Z,named contributor TotalContributionsAmt=31480 VANGUARD CHARITABLE into Every Org,1,,"Payer-into-intermediary, not intermediary-to-METR. Do not deanonymize a DAF adviser. Natural-person Schedule B names on 990-PF are not copied. Not summed with METR filed_grant rows. Keep legal filers unmerged.",Primary research/primary/MD22-intermediary-returns/gt-xml-202201479349100500.xml-20260916T100418Z. [xhigh re-run row 68 of research/grok-out/MD22-intermediary-returns.csv; no medium counterpart]
X69,B,MDF,C02.E5;C06.E1,"JEWISH COMMUNITY FOUNDATION LOS ANG contribution into Every Org (payer-into-intermediary, not METR)",grantmaker,,object 202201479349100500,JEWISH COMMUNITY FOUNDATION LOS ANG,Every Org,,named contributor into intermediary,2021-01-01,2021-12-31,,transfer,25000,USD,2021-12-31,year,TY2021 (2021-01-01 to 2021-12-31),,,,,,,,,,,,,yes,funder filings,GET GT XML 202201479349100500; ContributorInformationGrp JEWISH COMMUNITY FOUNDATION LOS ANG,https://gt990datalake-rawdata.s3.amazonaws.com/EfileData/XmlFiles/202201479349100500_public.xml,"<BusinessNameLine1Txt>JEWISH COMMUNITY FOUNDATION LOS ANG</BusinessNameLine1Txt>
        </ContributorBusinessName>
        <ContributorUSAddress>
          <AddressLine1Txt>6505 WILSHIRE BOULEVARD SUITE 1200</AddressLine1Txt>
          <CityNm>LOS ANGELES</CityNm>
          <StateAbbreviationCd>CA<",2026-09-16T10:05:35Z,named contributor TotalContributionsAmt=25000 JEWISH COMMUNITY FOUNDATION LOS ANG into Every Org,1,,"Payer-into-intermediary, not intermediary-to-METR. Do not deanonymize a DAF adviser. Natural-person Schedule B names on 990-PF are not copied. Not summed with METR filed_grant rows. Keep legal filers unmerged.",Primary research/primary/MD22-intermediary-returns/gt-xml-202201479349100500.xml-20260916T100418Z. [xhigh re-run row 69 of research/grok-out/MD22-intermediary-returns.csv; no medium counterpart]
X70,B,MDF,C02.E5;C06.E1,"BMO CHARITABLE FUND contribution into Every Org (payer-into-intermediary, not METR)",grantmaker,,object 202141729349100004,BMO CHARITABLE FUND,Every Org,,named contributor into intermediary,2020-01-01,2020-12-31,,transfer,30000,USD,2020-12-31,year,TY2020 (2020-01-01 to 2020-12-31),,,,,,,,,,,,,yes,funder filings,GET GT XML 202141729349100004; ContributorInformationGrp BMO CHARITABLE FUND,https://gt990datalake-rawdata.s3.amazonaws.com/EfileData/XmlFiles/202141729349100004_public.xml,"<BusinessNameLine1Txt>BMO CHARITABLE FUND</BusinessNameLine1Txt>
        </ContributorBusinessName>
        <ContributorUSAddress>
          <AddressLine1Txt>165 TOWNSHIP LINE ROAD</AddressLine1Txt>
          <AddressLine2Txt>STE 150</AddressLine2Txt>
          <CityNm>JENKINTOWN</CityNm>
          ",2026-09-16T10:04:31Z,named contributor TotalContributionsAmt=30000 BMO CHARITABLE FUND into Every Org,1,,"Payer-into-intermediary, not intermediary-to-METR. Do not deanonymize a DAF adviser. Natural-person Schedule B names on 990-PF are not copied. Not summed with METR filed_grant rows. Keep legal filers unmerged.",Primary research/primary/MD22-intermediary-returns/gt-xml-202141729349100004.xml-20260916T100418Z. [xhigh re-run row 70 of research/grok-out/MD22-intermediary-returns.csv; no medium counterpart]
X71,B,MDF,C02.E5;C06.E1,"VANGUARD CHARITABLE contribution into Every Org (payer-into-intermediary, not METR)",grantmaker,,object 202141729349100004,VANGUARD CHARITABLE,Every Org,,named contributor into intermediary,2020-01-01,2020-12-31,,transfer,5500,USD,2020-12-31,year,TY2020 (2020-01-01 to 2020-12-31),,,,,,,,,,,,,yes,funder filings,GET GT XML 202141729349100004; ContributorInformationGrp VANGUARD CHARITABLE,https://gt990datalake-rawdata.s3.amazonaws.com/EfileData/XmlFiles/202141729349100004_public.xml,"<BusinessNameLine1Txt>VANGUARD CHARITABLE</BusinessNameLine1Txt>
        </ContributorBusinessName>
        <ContributorUSAddress>
          <AddressLine1Txt>2670 WARWICK AVENUE</AddressLine1Txt>
          <CityNm>WARWICK</CityNm>
          <StateAbbreviationCd>RI</StateAbbreviationCd>
          <ZI",2026-09-16T10:04:31Z,named contributor TotalContributionsAmt=5500 VANGUARD CHARITABLE into Every Org,1,,"Payer-into-intermediary, not intermediary-to-METR. Do not deanonymize a DAF adviser. Natural-person Schedule B names on 990-PF are not copied. Not summed with METR filed_grant rows. Keep legal filers unmerged.",Primary research/primary/MD22-intermediary-returns/gt-xml-202141729349100004.xml-20260916T100418Z. [xhigh re-run row 71 of research/grok-out/MD22-intermediary-returns.csv; no medium counterpart]
X72,B,MDF,C06.E1,Longview Philanthropy USA Inc TY2024 (2024-01-01 to 2024-12-31) reported total revenue (not a METR grant),foundation,,EIN 93-2664730; object 202503179349304265,contributors to Longview Philanthropy USA Inc (see Schedule B rows),Longview Philanthropy USA Inc,,,,,,,10007719,USD,2024-12-31,interval,TY2024 (2024-01-01 to 2024-12-31),filed total revenue,,,,,,,,,,,,,funder filings,GET GT XML 202503179349304265; Return CYTotalRevenueAmt / ContriRcvdRevAndExpnssAmt,https://gt990datalake-rawdata.s3.amazonaws.com/EfileData/XmlFiles/202503179349304265_public.xml,"<CYTotalRevenueAmt>10007719</CYTotalRevenueAmt>
      <PYGrantsAndSimilarPaidAmt>0</PYGrantsAndSimilarPaidAmt>
      <CYGrantsAndSimilarPaidAmt>1347842</CYGrantsAndSimilarPaidAmt>
      <PYBenefitsPaidToMembersAmt>0</PYBenefitsPaidToMembersAmt>
      <CYBenefitsPaidToMembersAmt>0</CYBenefitsPaidToMe",2026-09-16T10:07:53Z,own revenue CYTotalRevenueAmt/ContriRcvdRevAndExpnssAmt=10007719; not a METR grant,1,,"This is the intermediary's own revenue, not a payment to METR. Do not sum with grant-schedule METR lines. money_type left empty: a filer's revenue total is not a funding event to METR.",Separate proposition from Task A intermediary-to-METR rows. Primary research/primary/MD22-intermediary-returns/gt-xml-202503179349304265.xml-20260916T100418Z. [xhigh re-run row 72 of research/grok-out/MD22-intermediary-returns.csv; no medium counterpart]
X73,B,MDS,C06.E1,Longview Philanthropy USA Inc TY2024 (2024-01-01 to 2024-12-31) Schedule B named payers,grantmaker,,EIN 93-2664730; object 202503179349304265,,Longview Philanthropy USA Inc,,,,,,,,,,,,,,,,,,,,,,,,,funder filings,GET GT XML 202503179349304265; IRS990ScheduleB ContributorInformationGrp ContributorNum,https://gt990datalake-rawdata.s3.amazonaws.com/EfileData/XmlFiles/202503179349304265_public.xml,"<ContributorNum>RESTRICTED</ContributorNum>
        <ContributorBusinessName>
          <BusinessNameLine1>RESTRICTED</BusinessNameLine1>
        </ContributorBusinessName>
        <ContributorUSAddress>
          <AddressLine1>RESTRICTED</AddressLine1>
          <AddressLine2>RESTRICTED</AddressLin",2026-09-16T10:07:53Z,none found in Longview Philanthropy USA Inc TY2024 (2024-01-01 to 2024-12-31) Form 990 Schedule B public copy object 202503179349304265 as of 2026-09-16T10:07:53Z for a named payer (ContributorNum=RESTRICTED),0,unredacted Schedule B is not a public e-file field,Public 990 Schedule B names are restricted. Named payers into this filer are not recoverable from this public XML.,"Payer-into-intermediary negative, not an intermediary-to-METR grant. [xhigh re-run row 73 of research/grok-out/MD22-intermediary-returns.csv; no medium counterpart]"
X75,B,MDS,C06.E1,Effective Ventures Foundation USA FY2025 (2024-07-01 to 2025-06-30) Schedule B named payers,grantmaker,,EIN 47-1988398; object 202601359349300640,,Effective Ventures Foundation USA,,,,,,,,,,,,,,,,,,,,,,,,,funder filings,GET GT XML 202601359349300640; IRS990ScheduleB ContributorInformationGrp ContributorNum,https://gt990datalake-rawdata.s3.amazonaws.com/EfileData/XmlFiles/202601359349300640_public.xml,"<ContributorNum>RESTRICTED</ContributorNum>
        <ContributorBusinessName>
          <BusinessNameLine1>RESTRICTED</BusinessNameLine1>
        </ContributorBusinessName>
        <ContributorUSAddress>
          <AddressLine1>RESTRICTED</AddressLine1>
          <AddressLine2>RESTRICTED</AddressLin",2026-09-16T10:08:39Z,none found in Effective Ventures Foundation USA FY2025 (2024-07-01 to 2025-06-30) Form 990 Schedule B public copy object 202601359349300640 as of 2026-09-16T10:08:39Z for a named payer (ContributorNum=RESTRICTED),0,unredacted Schedule B is not a public e-file field,Public 990 Schedule B names are restricted. Named payers into this filer are not recoverable from this public XML.,"Payer-into-intermediary negative, not an intermediary-to-METR grant. [xhigh re-run row 75 of research/grok-out/MD22-intermediary-returns.csv; no medium counterpart]"
X76,B,MDF,C06.E1,Silicon Valley Community Foundation TY2024 (2024-01-01 to 2024-12-31) reported total revenue (not a METR grant),DAF sponsor,,EIN 20-5205488; object 202543149349305759,contributors to Silicon Valley Community Foundation (see Schedule B rows),Silicon Valley Community Foundation,,,,,,,4889245872,USD,2024-12-31,interval,TY2024 (2024-01-01 to 2024-12-31),filed total revenue,,,,,,,,,,,,,DAF sponsor filings,GET GT XML 202543149349305759; Return CYTotalRevenueAmt / ContriRcvdRevAndExpnssAmt,https://gt990datalake-rawdata.s3.amazonaws.com/EfileData/XmlFiles/202543149349305759_public.xml,"<CYTotalRevenueAmt>4889245872</CYTotalRevenueAmt>
      <PYGrantsAndSimilarPaidAmt>5081247110</PYGrantsAndSimilarPaidAmt>
      <CYGrantsAndSimilarPaidAmt>3326495992</CYGrantsAndSimilarPaidAmt>
      <CYBenefitsPaidToMembersAmt>0</CYBenefitsPaidToMembersAmt>
      <PYSalariesCompEmpBnftPaidAmt>22566",2026-09-16T10:07:40Z,own revenue CYTotalRevenueAmt/ContriRcvdRevAndExpnssAmt=4889245872; not a METR grant,1,,"This is the intermediary's own revenue, not a payment to METR. Do not sum with grant-schedule METR lines. money_type left empty: a filer's revenue total is not a funding event to METR.",Separate proposition from Task A intermediary-to-METR rows. Primary research/primary/MD22-intermediary-returns/gt-xml-202543149349305759.xml-20260916T100418Z. [xhigh re-run row 76 of research/grok-out/MD22-intermediary-returns.csv; no medium counterpart]
X77,B,MDS,C06.E1,Silicon Valley Community Foundation TY2024 (2024-01-01 to 2024-12-31) Schedule B named payers,grantmaker,,EIN 20-5205488; object 202543149349305759,,Silicon Valley Community Foundation,,,,,,,,,,,,,,,,,,,,,,,,,DAF sponsor filings,GET GT XML 202543149349305759; IRS990ScheduleB ContributorInformationGrp ContributorNum,https://gt990datalake-rawdata.s3.amazonaws.com/EfileData/XmlFiles/202543149349305759_public.xml,"<ContributorNum>RESTRICTED</ContributorNum>
        <ContributorBusinessName>
          <BusinessNameLine1>RESTRICTED</BusinessNameLine1>
        </ContributorBusinessName>
        <ContributorUSAddress>
          <AddressLine1>RESTRICTED</AddressLine1>
          <AddressLine2>RESTRICTED</AddressLin",2026-09-16T10:07:40Z,none found in Silicon Valley Community Foundation TY2024 (2024-01-01 to 2024-12-31) Form 990 Schedule B public copy object 202543149349305759 as of 2026-09-16T10:07:40Z for a named payer (ContributorNum=RESTRICTED),0,unredacted Schedule B is not a public e-file field,Public 990 Schedule B names are restricted. Named payers into this filer are not recoverable from this public XML.,"Payer-into-intermediary negative, not an intermediary-to-METR grant. [xhigh re-run row 77 of research/grok-out/MD22-intermediary-returns.csv; no medium counterpart]"
X78,B,MDF,C06.E1,Vanguard Charitable Endowment Program FY2024 (2023-07-01 to 2024-06-30) reported total revenue (not a METR grant),DAF sponsor,,EIN 23-2888152; object 202511349349313096,contributors to Vanguard Charitable Endowment Program (see Schedule B rows),Vanguard Charitable Endowment Program,,,,,,,6410999905,USD,2024-06-30,interval,FY2024 (2023-07-01 to 2024-06-30),filed total revenue,,,,,,,,,,,,,DAF sponsor filings,GET GT XML 202511349349313096; Return CYTotalRevenueAmt / ContriRcvdRevAndExpnssAmt,https://gt990datalake-rawdata.s3.amazonaws.com/EfileData/XmlFiles/202511349349313096_public.xml,"<CYTotalRevenueAmt>6410999905</CYTotalRevenueAmt>
      <PYGrantsAndSimilarPaidAmt>2104305084</PYGrantsAndSimilarPaidAmt>
      <CYGrantsAndSimilarPaidAmt>3057423430</CYGrantsAndSimilarPaidAmt>
      <PYBenefitsPaidToMembersAmt>0</PYBenefitsPaidToMembersAmt>
      <CYBenefitsPaidToMembersAmt>0</CYBe",2026-09-16T10:07:54Z,own revenue CYTotalRevenueAmt/ContriRcvdRevAndExpnssAmt=6410999905; not a METR grant,1,,"This is the intermediary's own revenue, not a payment to METR. Do not sum with grant-schedule METR lines. money_type left empty: a filer's revenue total is not a funding event to METR.",Separate proposition from Task A intermediary-to-METR rows. Primary research/primary/MD22-intermediary-returns/gt-xml-202511349349313096.xml-20260916T100418Z. [xhigh re-run row 78 of research/grok-out/MD22-intermediary-returns.csv; no medium counterpart]
X79,B,MDS,C06.E1,Vanguard Charitable Endowment Program FY2024 (2023-07-01 to 2024-06-30) Schedule B named payers,grantmaker,,EIN 23-2888152; object 202511349349313096,,Vanguard Charitable Endowment Program,,,,,,,,,,,,,,,,,,,,,,,,,DAF sponsor filings,GET GT XML 202511349349313096; IRS990ScheduleB ContributorInformationGrp ContributorNum,https://gt990datalake-rawdata.s3.amazonaws.com/EfileData/XmlFiles/202511349349313096_public.xml,"<ContributorNum>RESTRICTED</ContributorNum>
        <ContributorBusinessName>
          <BusinessNameLine1>RESTRICTED</BusinessNameLine1>
        </ContributorBusinessName>
        <ContributorUSAddress>
          <AddressLine1>RESTRICTED</AddressLine1>
          <AddressLine2>RESTRICTED</AddressLin",2026-09-16T10:07:54Z,none found in Vanguard Charitable Endowment Program FY2024 (2023-07-01 to 2024-06-30) Form 990 Schedule B public copy object 202511349349313096 as of 2026-09-16T10:07:54Z for a named payer (ContributorNum=RESTRICTED),0,unredacted Schedule B is not a public e-file field,Public 990 Schedule B names are restricted. Named payers into this filer are not recoverable from this public XML.,"Payer-into-intermediary negative, not an intermediary-to-METR grant. [xhigh re-run row 79 of research/grok-out/MD22-intermediary-returns.csv; no medium counterpart]"
X92,D,MDT,C06.E1,Vanguard Charitable Endowment Program fiscal-year basis and next unfiled year,DAF sponsor,,EIN 23-2888152,,,,,2024-07-01,2025-06-30,,,,,2025-06-30,interval,1 July – 30 June Form 990 year,,,,,,,,,,,,,,DAF sponsor filings,index_2026.csv EIN 232888152 OBJECT_ID 202621329349306657 TAX_PERIOD 202506; ProPublica org full page locator,https://apps.irs.gov/pub/epostcard/990/xml/2026/index_2026.csv,"202621329349306657,2026_TEOS_XML_05A
24404601,EFILE,461008520,202506,2026,GOOD VENTURES FOUNDATION,990PF,93491135028296,202641359349102829,2026_TEOS_XML_05A
24409719,EFILE,461008520,202506,2026,GOOD VENTURES FOUNDATION,990T,93393135014676,202621359339301467,2026_TEOS_XML_05A
",2026-09-16T10:07:54Z,"Vanguard Charitable Endowment Program files 1 July – 30 June Form 990 year. Latest recovered period 2024-07-01 to 2025-06-30. FY2025 (TAX_PERIOD 202506, object 202621329349306657) is in index_2026; GT XML 404 this fetch so the ProPublica Schedule I render is the working primary. FY2026 unfiled.",1,FY2026 Form 990 original due 2026-11-16 (15th day of 5th month after 2026-06-30),"index_2026.csv is a snapshot. A later TEOS batch can add a return without a new calendar year. A not-yet-due return is a calendar closer, not a negative finding.",STATE calendar closer: June-year DAF FY2026 and calendar TY2025 after 2026-11-16. FY2025 990 object 202621329349306657 is in the index; GT XML 404. Primary research/primary/MD22-intermediary-returns/irs-index-2026-intermediary-hits.csv-20260916T100418Z. [xhigh re-run row 92 of research/grok-out/MD22-intermediary-returns.csv; no medium counterpart]
X93,D,MDT,C06.E1,Silicon Valley Community Foundation fiscal-year basis and next unfiled year,DAF sponsor,,EIN 20-5205488,,,,,2024-01-01,2024-12-31,,,,,2024-12-31,interval,calendar year Form 990,,,,,,,,,,,,,,DAF sponsor filings,GT XML 202543149349305759 TaxPeriodBeginDt/EndDt; index_2026.csv EIN 205205488,https://gt990datalake-rawdata.s3.amazonaws.com/EfileData/XmlFiles/202543149349305759_public.xml,"<TaxPeriodBeginDt>2024-01-01</TaxPeriodBeginDt>
    <Filer>
      <EIN>205205488</EIN>
      <BusinessName>
        <BusinessNameLine1Txt>Silicon Valley Community Foundation</BusinessNameLine1Txt>
      </BusinessName>
      <BusinessNameControlTxt>SILI</BusinessNameControlTxt>
      <PhoneNum>65045",2026-09-16T10:07:40Z,Silicon Valley Community Foundation files calendar year Form 990. Latest recovered period 2024-01-01 to 2024-12-31. TY2025 absent from index_2026.csv this fetch (no row for EIN 205205488).,1,"TY2025 Form 990/990-PF original due 2026-05-15, commonly extended to 2026-11-16","index_2026.csv is a snapshot. A later TEOS batch can add a return without a new calendar year. A not-yet-due return is a calendar closer, not a negative finding.",STATE calendar closer: June-year DAF FY2026 and calendar TY2025 after 2026-11-16. This-lane XML research/primary/MD22-intermediary-returns/gt-xml-202543149349305759.xml-20260916T100418Z. [xhigh re-run row 93 of research/grok-out/MD22-intermediary-returns.csv; no medium counterpart]
X107,E,MDS,C06.E1,philanthropy.org who-funds locator,,,,,,,,,,,,,,,,,,,,,,,,,,,,,,press,GET https://www.philanthropy.org/who-funds,https://www.philanthropy.org/who-funds,"oscript>
    <meta http-equiv=""refresh"" content=""0;url=https://www.philanthropy.org/who-funds?ki-cf-botcl=1"">
  </noscript>
</head>
<body>
  <h1>Checking your browser...</h1>
  <div class=""spinner""></div>
  <p>This may take a few seconds.</p>
  <noscript>
    <p><a href=""https://www.philanthropy.org",2026-09-16T10:12:53Z,none found in https://www.philanthropy.org/who-funds as of 2026-09-16T10:12:53Z (HTTP 403),0,,HTTP 403 this fetch. Blind spot: content behind the failed route. Working alternate recorded on other Task A–D rows where one exists.,caps_hit. Primary research/primary/MD22-intermediary-returns/philanthropy-who-funds.html-20260916T100418Z. [xhigh re-run row 107 of research/grok-out/MD22-intermediary-returns.csv; no medium counterpart]
X108,E,MDS,C06.E1,OSCR Scottish charity register search landing,,,,,,,,,,,,,,,,,,,,,,,,,,,,,,state registries,GET https://www.oscr.org.uk/search/,https://www.oscr.org.uk/search/,"OSCR | Search</title>
    <meta name=""description"" content="""">
    <script src=""/dist/scripts/jquery.min.js""></script>
    <script src=""https://cdnjs.cloudflare.com/ajax/libs/stacktable.js/1.0.3/stacktable.min.js""></script>
    <script>
        (function (d) {
            var config = {
            ",2026-09-16T10:12:51Z,none found in https://www.oscr.org.uk/search/ as of 2026-09-16T10:12:51Z (HTTP 200),0,,HTTP 200 this fetch. Blind spot: content behind the failed route. Working alternate recorded on other Task A–D rows where one exists.,caps_hit. Primary research/primary/MD22-intermediary-returns/oscr-search.html-20260916T100418Z. [xhigh re-run row 108 of research/grok-out/MD22-intermediary-returns.csv; no medium counterpart]
X109,E,MDS,C06.E1,Charity Commission API search Effective Ventures,,,,,,,,,,,,,,,,,,,,,,,,,,,,,,state registries,GET https://register-of-charities.charitycommission.gov.uk/api/search?term=Effective%20Ventures,https://register-of-charities.charitycommission.gov.uk/api/search?term=Effective%20Ventures,"404"":false,""LPD-40530"":true,""LPD-20640"":false,""LPS-198183"":false,""LPD-38869"":true,""LPD-35678"":false,""LPD-6378"":false,""LPS-153714"":false,""LPD-11848"":false,""LPS-170670"":false,""LPD-7822"":false,""LPS-169981"":false,""LPD-21926"":false,""LPS-177027"":false,""LPD-37531"":false,""LPD-11003"":false,""LPD-36446"":false,",2026-09-16T10:12:40Z,none found in https://register-of-charities.charitycommission.gov.uk/api/search?term=Effective%20Ventures as of 2026-09-16T10:12:40Z (HTTP 404),0,,HTTP 404 this fetch. Blind spot: content behind the failed route. Working alternate recorded on other Task A–D rows where one exists.,caps_hit. Primary research/primary/MD22-intermediary-returns/cc-api-ev.html-20260916T100418Z. [xhigh re-run row 109 of research/grok-out/MD22-intermediary-returns.csv; no medium counterpart]
X110,E,MDS,C06.E1,Charity Commission accounts PDF pattern for 1149828 year ending 2025-06-30,,,,,,,,,,,,,,,,,,,,,,,,,,,,,,state registries,GET https://apps.charitycommission.gov.uk/Accounts/Ends28/0001149828_AC_20250630_E_C.pdf,https://apps.charitycommission.gov.uk/Accounts/Ends28/0001149828_AC_20250630_E_C.pdf,"404 - File or directory not found.</title>
<style type=""text/css"">
<!--
body{margin:0;font-size:.7em;font-family:Verdana, Arial, Helvetica, sans-serif;background:#EEEEEE;}
fieldset{padding:0 15px 10px 15px;} 
h1{font-size:2.4em;margin:0;color:#FFF;}
h2{font-size:1.7em;margin:0;color:#CC0000;} 
h3{fo",2026-09-16T10:12:41Z,none found in https://apps.charitycommission.gov.uk/Accounts/Ends28/0001149828_AC_20250630_E_C.pdf as of 2026-09-16T10:12:41Z (HTTP 404),0,,HTTP 404 this fetch. Blind spot: content behind the failed route. Working alternate recorded on other Task A–D rows where one exists.,caps_hit. Primary research/primary/MD22-intermediary-returns/cc-ev-accounts-20250630.pdf-20260916T100418Z. [xhigh re-run row 110 of research/grok-out/MD22-intermediary-returns.csv; no medium counterpart]
X111,E,MDS,C02.E5;C06.E1,r.jina.ai proxy of every.org/metr,,,,,,,,,,,,,,,,,,,,,,,,,,,,,,public grant databases,GET https://r.jina.ai/https://www.every.org/metr,https://r.jina.ai/https://www.every.org/metr,"search === '' && location.href.slice(0, location.href.length - window._cf_chl_opt.cOgUHash.length).indexOf('?') !== -1 ? '?' : location.search;if (window.history && window.history.replaceState) {var ogU = location.pathname + window._cf_chl_opt.cOgUQuery + window._cf_chl_opt.cOgUHash;history.replaceS",2026-09-16T10:11:39Z,none found in https://r.jina.ai/https://www.every.org/metr as of 2026-09-16T10:11:39Z (HTTP 403),0,,HTTP 403 this fetch. Blind spot: content behind the failed route. Working alternate recorded on other Task A–D rows where one exists.,caps_hit. Primary research/primary/MD22-intermediary-returns/jina-every-metr.html-20260916T100418Z. [xhigh re-run row 111 of research/grok-out/MD22-intermediary-returns.csv; no medium counterpart]
X112,E,MDS,C06.E1,IRS TEOS public landing page www.irs.gov,,,,,,,,,,,,,,,,,,,,,,,,,,,,,,IRS TEOS and e-file index,GET https://www.irs.gov/charities-non-profits/tax-exempt-organization-search,https://www.irs.gov/charities-non-profits/tax-exempt-organization-search,"Access Denied</TITLE>
</HEAD><BODY>
<H1>Access Denied</H1>
 
You don't have permission to access ""http&#58;&#47;&#47;www&#46;irs&#46;gov&#47;charities&#45;non&#45;profits&#47;tax&#45;exempt&#45;organization&#45;search"" on this server.<P>
Reference&#32;&#35;18&#46;486ccd17&#46;1789553492&#46;e1e9cd5
",2026-09-16T10:11:32Z,none found in https://www.irs.gov/charities-non-profits/tax-exempt-organization-search as of 2026-09-16T10:11:32Z (HTTP 403),0,,HTTP 403 this fetch. Blind spot: content behind the failed route. Working alternate recorded on other Task A–D rows where one exists.,caps_hit. Primary research/primary/MD22-intermediary-returns/irs-teos-landing.html-20260916T100418Z. [xhigh re-run row 112 of research/grok-out/MD22-intermediary-returns.csv; no medium counterpart]
X113,E,MDS,C06.E1,ev.org/usa live page,,,,,,,,,,,,,,,,,,,,,,,,,,,,,,issuer statements,GET https://www.ev.org/usa,https://www.ev.org/usa,"404 wp-custom-logo post-statement-on-charity-commission-inquiry-into-effective-ventures-foundation-uk hfeed"">

<!-- header start here -->
<header>
	<div class=""container"">
		<div class=""site-header"">
			<div class=""header-logo"">
				<a href=""https://ev.org"" title=""Effective Ventures"">
					<div clas",2026-09-16T10:11:50Z,none found in https://www.ev.org/usa as of 2026-09-16T10:11:50Z (HTTP 404),0,,HTTP 404 this fetch. Blind spot: content behind the failed route. Working alternate recorded on other Task A–D rows where one exists.,caps_hit. Primary research/primary/MD22-intermediary-returns/ev-usa.html-20260916T100418Z. [xhigh re-run row 113 of research/grok-out/MD22-intermediary-returns.csv; no medium counterpart]
X115,E,MDS,C06.E1,IRS e-file index_2027.csv,,,,,,,,,,,,,,,,,,,,,,,,,,,,,,IRS TEOS and e-file index,GET https://apps.irs.gov/pub/epostcard/990/xml/2027/index_2027.csv,https://apps.irs.gov/pub/epostcard/990/xml/2027/index_2027.csv,HTTP 404 bytes=86733,2026-09-16T10:04:29Z,none found in IRS e-file index_2027.csv as of 2026-09-16T10:04:29Z (HTTP 404),0,index_2026.csv is the latest working publication-year index this fetch,No 2027 publication year index yet. Not a negative on any filer's TY2026 return.,"Calendar closer, not a content negative. [xhigh re-run row 115 of research/grok-out/MD22-intermediary-returns.csv; no medium counterpart]"
X116,E,MDS,C06.E1,Form 990-T index hits for intermediaries/sponsors are not grant schedules,,,,,,,,,,,,,,,,,,,,,,,,,,,,,,IRS TEOS and e-file index,index_2021..index_2026 filter RETURN_TYPE=990T for intermediary EINs,https://apps.irs.gov/pub/epostcard/990/xml/2026/index_2026.csv,"990T,93393136029394,202441369339302939,2024_TEOS_XML_05a
22599989,EFILE,232888152,202306,2024,VANGUARD CHARITABLE ENDOWMENT PROGRAM,990,93493135094394,202441359349309439,2024_TEOS_XML_05a
22910600,EFILE,232888152,202306,2024,VANGUARD CHARITABLE ENDOWMENT PROGRAM,990T,93393135024714,20241135933930247",2026-09-16T10:12:54Z,none found in 15 Form 990-T index hits as of 2026-09-16T10:12:54Z for a METR grant-schedule line (990-T is unrelated-business income; not Schedule I),0,The companion Form 990/990-PF for the same tax period (Task A),Form 990-T does not carry a charitable grant schedule. Blind spot: none for METR grants; use the 990. 990-T XMLs were not downloaded.,"Index proof those tax years exist; grant test is on the 990/990-PF, not the 990-T. [xhigh re-run row 116 of research/grok-out/MD22-intermediary-returns.csv; no medium counterpart]"
X117,C,MDS,C06.E1,"Effective Ventures Foundation (UK) 44-page accounts PDF (Companies House 07962181) vs METR (scanned TIFF, no text layer)",grantmaker,,07962181 MzUwNDQ3MTAxM2FkaXF6a2N4,,,,,,,,,,,,,,,,,,,,,,,,,,,funder filings,GET https://find-and-update.company-information.service.gov.uk/company/07962181/filing-history/MzUwNDQ3MTAxM2FkaXF6a2N4/document?format=pdf&download=0 ; pdftotext/strings METR|Model Evaluation,https://find-and-update.company-information.service.gov.uk/company/07962181/filing-history/MzUwNDQ3MTAxM2FkaXF6a2N4/document?format=pdf&download=0,none found in Effective Ventures Foundation (UK) Companies House accounts PDF MzUwNDQ3MTAxM2FkaXF6a2N4 as of 2026-09-16T10:12:54Z (go-tiff2pdf scanned document; pdftotext empty; strings contain no METR),2026-09-16T10:12:54Z,none found in Effective Ventures Foundation (UK) Companies House accounts PDF MzUwNDQ3MTAxM2FkaXF6a2N4 as of 2026-09-16T10:12:54Z for a METR grant line,0,"next accounts made up to 30 June 2026 due by 31 March 2027, or a text-layer / OCR of these PDFs",PDF is Companies House go-tiff2pdf (scanned TIFF); no text layer. Blind spot: a METR grant note could exist on the image pages and would not match strings/pdftotext. OCR was not available on this host.,Primary research/primary/MD22-intermediary-returns/ch-ev-uk-07962181-doc-MzUwNDQ3MTAxM2FkaXF6a2N4.pdf-20260916T100418Z. Distinct from EV USA EIN 47-1988398. [xhigh re-run row 117 of research/grok-out/MD22-intermediary-returns.csv; no medium counterpart]
X118,C,MDS,C06.E1,"Effective Ventures Foundation (UK) 47-page accounts PDF (Companies House 07962181) vs METR (scanned TIFF, no text layer)",grantmaker,,07962181 MzQ2MDU2NjI0MmFkaXF6a2N4,,,,,,,,,,,,,,,,,,,,,,,,,,,funder filings,GET https://find-and-update.company-information.service.gov.uk/company/07962181/filing-history/MzQ2MDU2NjI0MmFkaXF6a2N4/document?format=pdf&download=0 ; pdftotext/strings METR|Model Evaluation,https://find-and-update.company-information.service.gov.uk/company/07962181/filing-history/MzQ2MDU2NjI0MmFkaXF6a2N4/document?format=pdf&download=0,none found in Effective Ventures Foundation (UK) Companies House accounts PDF MzQ2MDU2NjI0MmFkaXF6a2N4 as of 2026-09-16T10:12:54Z (go-tiff2pdf scanned document; pdftotext empty; strings contain no METR),2026-09-16T10:12:54Z,none found in Effective Ventures Foundation (UK) Companies House accounts PDF MzQ2MDU2NjI0MmFkaXF6a2N4 as of 2026-09-16T10:12:54Z for a METR grant line,0,"next accounts made up to 30 June 2026 due by 31 March 2027, or a text-layer / OCR of these PDFs",PDF is Companies House go-tiff2pdf (scanned TIFF); no text layer. Blind spot: a METR grant note could exist on the image pages and would not match strings/pdftotext. OCR was not available on this host.,Primary research/primary/MD22-intermediary-returns/ch-ev-uk-07962181-doc-MzQ2MDU2NjI0MmFkaXF6a2N4.pdf-20260916T100418Z. Distinct from EV USA EIN 47-1988398. [xhigh re-run row 118 of research/grok-out/MD22-intermediary-returns.csv; no medium counterpart]
X119,C,MDS,C06.E1,"Founders Pledge Ltd group accounts made up to 31 December 2024 vs METR (scanned TIFF, no text layer)",grantmaker,,08565148 AA MzQ4MzQyNDk1N2FkaXF6a2N4,,,,,,,,,,,,,,,,,,,,,,,,,,,funder filings,GET https://find-and-update.company-information.service.gov.uk/company/08565148/filing-history/MzQ4MzQyNDk1N2FkaXF6a2N4/document?format=pdf&download=0 ; pdftotext/strings METR|Model Evaluation,https://find-and-update.company-information.service.gov.uk/company/08565148/filing-history/MzQ4MzQyNDk1N2FkaXF6a2N4/document?format=pdf&download=0,none found in Founders Pledge Ltd group accounts made up to 31 December 2024 (Companies House PDF MzQ4MzQyNDk1N2FkaXF6a2N4) as of 2026-09-16T10:12:54Z (go-tiff2pdf scanned document; pdftotext empty; strings contain no METR),2026-09-16T10:12:54Z,none found in Founders Pledge Ltd group accounts made up to 31 December 2024 (Companies House PDF MzQ4MzQyNDk1N2FkaXF6a2N4) as of 2026-09-16T10:12:54Z for a METR grant line,0,accounts made up to 31 December 2025 due by 30 September 2026,PDF is Companies House go-tiff2pdf (scanned TIFF); no text layer. Distinct from Founders Pledge Inc EIN 37-1795297. Blind spot: image-only grant notes.,Primary research/primary/MD22-intermediary-returns/ch-fp-ltd-aa-MzQ4MzQyNDk1N2FkaXF6a2N4.pdf-20260916T100418Z. [xhigh re-run row 119 of research/grok-out/MD22-intermediary-returns.csv; no medium counterpart]
X120,C,MDS,C06.E1,"Founders Pledge Ltd group accounts made up to 31 December 2023 vs METR (scanned TIFF, no text layer)",grantmaker,,08565148 AA MzQyNzgwOTcyOGFkaXF6a2N4,,,,,,,,,,,,,,,,,,,,,,,,,,,funder filings,GET https://find-and-update.company-information.service.gov.uk/company/08565148/filing-history/MzQyNzgwOTcyOGFkaXF6a2N4/document?format=pdf&download=0 ; pdftotext/strings METR|Model Evaluation,https://find-and-update.company-information.service.gov.uk/company/08565148/filing-history/MzQyNzgwOTcyOGFkaXF6a2N4/document?format=pdf&download=0,none found in Founders Pledge Ltd group accounts made up to 31 December 2023 (Companies House PDF MzQyNzgwOTcyOGFkaXF6a2N4) as of 2026-09-16T10:12:54Z (go-tiff2pdf scanned document; pdftotext empty; strings contain no METR),2026-09-16T10:12:54Z,none found in Founders Pledge Ltd group accounts made up to 31 December 2023 (Companies House PDF MzQyNzgwOTcyOGFkaXF6a2N4) as of 2026-09-16T10:12:54Z for a METR grant line,0,accounts made up to 31 December 2025 due by 30 September 2026,PDF is Companies House go-tiff2pdf (scanned TIFF); no text layer. Distinct from Founders Pledge Inc EIN 37-1795297. Blind spot: image-only grant notes.,Primary research/primary/MD22-intermediary-returns/ch-fp-ltd-aa-MzQyNzgwOTcyOGFkaXF6a2N4.pdf-20260916T100418Z. [xhigh re-run row 120 of research/grok-out/MD22-intermediary-returns.csv; no medium counterpart]
X121,B,MDF,C02.E5;C06.E1,"Good Ventures Foundation FY2025 990-PF grant to Founders Pledge Inc (payer-into-FP, not METR)",foundation,,EIN 46-1008520; object 202641359349102829,Good Ventures Foundation,Founders Pledge Inc,,filed grant into intermediary,2024-07-01,2025-06-30,,filed_grant,250000,USD,2025-06-30,interval,FY2025 (2024-07-01 to 2025-06-30),filed as granted,SUPPORT MATCHING SCHEME TO PROMOTE DONATIONS FROM MEMBERS TO TOP CHARITIES,,,,,,,,,,,yes,funder filings,GET ProPublica full_text/202641359349102829/IRS990PF (GT XML HTTP 404); GrantOrContributionPdDurYrGrp FOUNDERS PLEDGE INC,https://projects.propublica.org/nonprofits/full_text/202641359349102829/IRS990PF,"FOUNDERS PLEDGE INC</span><br><br><span style=""width:0px;""></span><span style=""display:inline;"" id=""/AppData/SubmissionHeaderAndDocument/SubmissionDocument/IRS990PF[1]/SupplementaryInformationGrp[1]/GrantOrContributionPdDurYrGrp[111]/RecipientUSAddress[1]/AddressLine1Txt[1]"">228 PARK AVE S PMB 71081",2026-09-16T10:12:54Z,Good Ventures FY2025 990-PF line Amt=250000 to Founders Pledge Inc; not a METR recipient line,1,,Payer-into-intermediary. Lineage MDF0126–MDF0127 are earlier-year GV→FP lines; this is a later FY. Not a payment to METR. GT XML 404 this fetch; ProPublica HTML render used.,"Primary research/primary/MD22-intermediary-returns/pp-gv-fy2025-990pf-excerpt.html-20260916T100418Z. Keep Good Ventures, Founders Pledge Inc, and METR unmerged. [xhigh re-run row 121 of research/grok-out/MD22-intermediary-returns.csv; no medium counterpart]"
X122,B,MDF,C02.E5;C06.E1,"Good Ventures Foundation FY2025 990-PF grant to Effective Ventures Foundation USA Inc research on AI alignment (payer-into-EV, not METR)",foundation,,EIN 46-1008520; object 202641359349102829,Good Ventures Foundation,Effective Ventures Foundation USA Inc,,filed grant into intermediary,2024-07-01,2025-06-30,,filed_grant,332500,USD,2025-06-30,interval,FY2025 (2024-07-01 to 2025-06-30),filed as granted,RESEARCH ON AI ALIGNMENT,,,,,,,,,,,yes,funder filings,"GET ProPublica full_text/202641359349102829/IRS990PF; GrantOrContributionPdDurYrGrp[88] RecipientBusinessName EFFECTIVE VENTURES FOUNDATION USA INC; Amt[1] 332,500; GrantOrContributionPurposeTxt RESEARCH ON AI ALIGNMENT",https://projects.propublica.org/nonprofits/full_text/202641359349102829/IRS990PF,"GrantOrContributionPdDurYrGrp[88]/Amt[1]"">332,500</span>",2026-09-16T10:12:54Z,Good Ventures FY2025 990-PF GrantOrContributionPdDurYrGrp[88] Amt=332500 purpose RESEARCH ON AI ALIGNMENT to EV USA; not a METR recipient line,1,,"Payer-into-intermediary. Adjacent EV USA / EV UK purpose-restricted lines on the same return are not summed and are not METR. Cite MDF0128–MDF0144 for FY2024 set. Grp[85] is a different EV USA line (FARM ANIMAL WELFARE RESEARCH 15,000) and is not this row.",Primary research/primary/MD22-intermediary-returns/pp-gv-fy2025-990pf.html-20260916T100418Z Grp[88] Amt/purpose spans. Excerpt research/primary/MD22-intermediary-returns/pp-gv-fy2025-990pf-excerpt.html-20260916T100418Z rebuilt to include those spans. [xhigh re-run row 122 of research/grok-out/MD22-intermediary-returns.csv; no medium counterpart]
X123,E,MDS,C02.E5;C06.E1,Good Ventures Foundation FY2025 990-PF object 202641359349102829 vs METR,,,,,,,,,,,,,,,,,,,,,,,,,,,,,,funder filings,GET GT XML 202641359349102829 (404) then ProPublica full_text IRS990PF filter MODEL EVALUATION|991219864,https://projects.propublica.org/nonprofits/full_text/202641359349102829/IRS990PF,"FOUNDERS PLEDGE INC</span><br><br><span style=""width:0px;""></span><span style=""display:inline;"" id=""/AppData/SubmissionHeaderAndDocument/SubmissionDocument/IRS990PF[1]/SupplementaryInformationGrp[1]/GrantOrContributionPdDurYrGrp[111]/RecipientUSAddress[1]/AddressLine1Txt[1]"">228 PARK AVE S PMB 71081",2026-09-16T10:12:54Z,none found in Good Ventures Foundation FY2025 990-PF object 202641359349102829 as of 2026-09-16T10:12:54Z for a METR/EIN 99-1219864 grant line (GT XML HTTP 404; ProPublica render used),0,"Good Ventures FY2026 990-PF original due 2026-11-16, commonly extended to 2027-05-17 (STATE calendar)","Good Ventures is a payer into FP/EV, not an intermediary-to-METR filer. Zero METR name/EIN hits on the FY2025 grant schedule render.",caps_hit on GT XML. Working alternate: ProPublica full_text. Not a re-collection of MDF0126–MDF0144 as new METR facts. [xhigh re-run row 123 of research/grok-out/MD22-intermediary-returns.csv; no medium counterpart]
X124,A,MDP,C02.E5;C06.E1,"Founders Pledge grantee page names METR (issuer statement, no filed amount on this page)",grantmaker,FP; Founders Pledge,https://www.founderspledge.com/grantees/metr,Founders Pledge,Founders Pledge,METR,named grantee profile,,,,,,,,,,,,,,,,,,,,,,,issuer statements,GET https://www.founderspledge.com/grantees/metr live HTML,https://www.founderspledge.com/grantees/metr,"Funding METR&#x27;s development of autonomous capability evaluations and their research on AI task-completion time horizons to inform critical decisions about AI safety timing and preparedness.</p></div></div></div></div><div class=""_12ozhww0 _1uh06w5 _1uh06w8 _1uh06wb""><a target=""_self"" href=""/gran",2026-09-16T10:12:54Z,issuer names METR as a grantee (April 2024 heading present); no dollar amount on the recovered HTML (JS app),1,"Founders Pledge Inc TY2024 Form 990 Schedule I $184,000 line (Task A filed_grant, already recovered)",A grantee-directory profile is not a Form 990 grant line and is not summed with filed_grant. JS app may omit amounts from the HTML.,Primary research/primary/MD22-intermediary-returns/fp-grantees-metr.html-20260916T100418Z. Keep Founders Pledge brand vs Founders Pledge Inc vs Founders Pledge Ltd unmerged. [xhigh re-run row 124 of research/grok-out/MD22-intermediary-returns.csv; no medium counterpart]
X125,C,MDE,C02.E5;C06.E1,Longview Philanthropy umbrella: USA Inc and Inc. Ltd are separate legal entities,foundation,Longview Philanthropy,https://www.longview.org/organisational-structure/,Longview Philanthropy USA Inc,,,,,,,,,,,,,,,,,,,,,,,,,,issuer statements,GET https://www.longview.org/organisational-structure/,https://www.longview.org/organisational-structure/,"Longview Philanthropy USA Inc. and Longview Inc. Ltd, two separate legal entities that work together in furtherance of common objectives. While they collaborate on certain programs and activities, they operate as separate and independent organizations, each entity solely responsible for its activiti",2026-09-16T10:12:54Z,brand is an umbrella for two unmerged legal filers (USA Inc and Inc. Ltd),1,USA Inc Form 990 and UK Companies House 14444004 accounts (Task A/C),Brand and filer are not merged. Cite MD10#11 / MDE0032; this-lane re-fetch.,Primary research/primary/MD22-intermediary-returns/longview-org-structure.json-20260916T100418Z. [xhigh re-run row 125 of research/grok-out/MD22-intermediary-returns.csv; no medium counterpart]
C30,B,MDF,C06.E1,Founders Pledge Inc TY2024 (2024-01-01 to 2024-12-31) reported total revenue (not a METR grant),grantmaker,,EIN 37-1795297; object 202523079349303352,contributors to Founders Pledge Inc (see Schedule B rows),Founders Pledge Inc,,,,,,,144636466,USD,2024-12-31,interval,TY2024 (2024-01-01 to 2024-12-31),filed total revenue,,,,,,,,,,,,,funder filings,GET GT XML 202523079349303352; Return CYTotalRevenueAmt / ContriRcvdRevAndExpnssAmt,https://gt990datalake-rawdata.s3.amazonaws.com/EfileData/XmlFiles/202523079349303352_public.xml,"<CYTotalRevenueAmt>144636466</CYTotalRevenueAmt>
      <PYGrantsAndSimilarPaidAmt>0</PYGrantsAndSimilarPaidAmt>
      <CYGrantsAndSimilarPaidAmt>30147500</CYGrantsAndSimilarPaidAmt>
      <PYBenefitsPaidToMembersAmt>0</PYBenefitsPaidToMembersAmt>
      <CYBenefitsPaidToMembersAmt>0</CYBenefitsPaidTo",2026-09-16T10:07:30Z,own revenue CYTotalRevenueAmt/ContriRcvdRevAndExpnssAmt=144636466; not a METR grant,1,,"This is the intermediary's own revenue, not a payment to METR. Do not sum with grant-schedule METR lines. money_type left empty: a filer's revenue total is not a funding event to METR.",Separate proposition from Task A intermediary-to-METR rows. Primary research/primary/MD22-intermediary-returns/gt-xml-202523079349303352.xml-20260916T100418Z. [xhigh re-run row 30 of research/grok-out/MD22-intermediary-returns.csv; candidate correction of medium row 25 (promoted MDF0155)]
C74,B,MDF,C06.E1,Effective Ventures Foundation USA FY2025 (2024-07-01 to 2025-06-30) reported total revenue (not a METR grant),grantmaker,,EIN 47-1988398; object 202601359349300640,contributors to Effective Ventures Foundation USA (see Schedule B rows),Effective Ventures Foundation USA,,,,,,,23675475,USD,2025-06-30,interval,FY2025 (2024-07-01 to 2025-06-30),filed total revenue,,,,,,,,,,,,,funder filings,GET GT XML 202601359349300640; Return CYTotalRevenueAmt / ContriRcvdRevAndExpnssAmt,https://gt990datalake-rawdata.s3.amazonaws.com/EfileData/XmlFiles/202601359349300640_public.xml,"<CYTotalRevenueAmt>23675475</CYTotalRevenueAmt>
      <PYGrantsAndSimilarPaidAmt>20964608</PYGrantsAndSimilarPaidAmt>
      <CYGrantsAndSimilarPaidAmt>17307788</CYGrantsAndSimilarPaidAmt>
      <PYBenefitsPaidToMembersAmt>0</PYBenefitsPaidToMembersAmt>
      <CYBenefitsPaidToMembersAmt>0</CYBenefits",2026-09-16T10:08:39Z,own revenue CYTotalRevenueAmt/ContriRcvdRevAndExpnssAmt=23675475; not a METR grant,1,,"This is the intermediary's own revenue, not a payment to METR. Do not sum with grant-schedule METR lines. money_type left empty: a filer's revenue total is not a funding event to METR.",Separate proposition from Task A intermediary-to-METR rows. Primary research/primary/MD22-intermediary-returns/gt-xml-202601359349300640.xml-20260916T100418Z. [xhigh re-run row 74 of research/grok-out/MD22-intermediary-returns.csv; candidate correction of medium row 34 (promoted MDF0163)]
C90,D,MDT,C06.E1,Every Org fiscal-year basis and next unfiled year,grantmaker,,EIN 61-1913297,,,,,2024-01-01,2024-12-31,,,,,2024-12-31,interval,calendar year 990-PF,,,,,,,,,,,,,,funder filings,GT XML 202502749349100700 TaxPeriodBeginDt/EndDt; index_2026.csv EIN 611913297,https://gt990datalake-rawdata.s3.amazonaws.com/EfileData/XmlFiles/202502749349100700_public.xml,"<TaxPeriodBeginDt>2024-01-01</TaxPeriodBeginDt>
    <Filer>
      <EIN>611913297</EIN>
      <BusinessName>
        <BusinessNameLine1Txt>EVERY ORG</BusinessNameLine1Txt>
      </BusinessName>
      <BusinessNameControlTxt>EVER</BusinessNameControlTxt>
      <PhoneNum>4156500503</PhoneNum>
      <US",2026-09-16T10:07:31Z,Every Org files calendar year 990-PF. Latest recovered period 2024-01-01 to 2024-12-31. TY2025 absent from index_2026.csv this fetch (no row for EIN 611913297).,1,"TY2025 Form 990/990-PF original due 2026-05-15, commonly extended to 2026-11-16","index_2026.csv is a snapshot. A later TEOS batch can add a return without a new calendar year. A not-yet-due return is a calendar closer, not a negative finding.",STATE calendar closer: June-year DAF FY2026 and calendar TY2025 after 2026-11-16. This-lane XML research/primary/MD22-intermediary-returns/gt-xml-202502749349100700.xml-20260916T100418Z. [xhigh re-run row 90 of research/grok-out/MD22-intermediary-returns.csv; candidate correction of medium row 45 (promoted MDT0055)]
C91,D,MDT,C06.E1,Effective Ventures Foundation USA fiscal-year basis and next unfiled year,grantmaker,,EIN 47-1988398,,,,,2024-07-01,2025-06-30,,,,,2025-06-30,interval,1 July – 30 June Form 990 year,,,,,,,,,,,,,,funder filings,GT XML 202601359349300640 TaxPeriodBeginDt/EndDt; index_2026.csv EIN 471988398,https://gt990datalake-rawdata.s3.amazonaws.com/EfileData/XmlFiles/202601359349300640_public.xml,"<TaxPeriodBeginDt>2024-07-01</TaxPeriodBeginDt>
    <Filer>
      <EIN>471988398</EIN>
      <BusinessName>
        <BusinessNameLine1Txt>EFFECTIVE VENTURES FOUNDATION USA INC</BusinessNameLine1Txt>
      </BusinessName>
      <BusinessNameControlTxt>EFFE</BusinessNameControlTxt>
      <PhoneNum>415",2026-09-16T10:08:39Z,Effective Ventures Foundation USA files 1 July – 30 June Form 990 year. Latest recovered period 2024-07-01 to 2025-06-30. FY2026 (ending 2026-06-30) is unfiled.,1,FY2026 Form 990 original due 2026-11-16 (15th day of 5th month after 2026-06-30),"index_2026.csv is a snapshot. A later TEOS batch can add a return without a new calendar year. A not-yet-due return is a calendar closer, not a negative finding.",STATE calendar closer: June-year DAF FY2026 and calendar TY2025 after 2026-11-16. This-lane XML research/primary/MD22-intermediary-returns/gt-xml-202601359349300640.xml-20260916T100418Z. [xhigh re-run row 91 of research/grok-out/MD22-intermediary-returns.csv; candidate correction of medium row 46 (promoted MDT0056)]
