# MD22-intermediary-returns.csv; fetch_window=2026-09-16T10:04:18Z/2026-09-16T10:12:54Z; routes=ProPublica API v2 orgs+search; IRS apps.irs.gov/pub/epostcard/990/xml/YYYY/index_YYYY.csv; GivingTuesday gt990datalake-rawdata XML by OBJECT_ID; ProPublica full_text IRS990ScheduleI (Vanguard FY2025 working alternate); IRS TEOS apps.irs.gov/app/eos (expected 403) + form-990-series-downloads + TEOS bulk landing + EO BMF; s3.amazonaws.com/irs-form-990/index_YYYY.csv (expected 404); metr.org/donate,/about; founderspledge.com/grantees/metr; every.org/metr; ev.org; longview.org/organisational-structure; Companies House 14444004, 08565148, 07962181 + Longview AA PDF; Charity Commission search/details; findthatcharity GB-CHC-1149828.json; SEC EFTS; CourtListener; USAspending; Bundesanzeiger; Unternehmensregister; caps_hit=IRS index_2027.csv HTTP 404; https://apps.irs.gov/app/eos/ HTTP 403; https://apps.irs.gov/app/eos/inputEin HTTP 403; https://www.irs.gov/charities-non-profits/tax-exempt-organization-search HTTP 403; https://s3.amazonaws.com/irs-form-990/index_2025.csv HTTP 404; https://s3.amazonaws.com/irs-form-990/index_2026.csv HTTP 404; https://www.every.org/metr HTTP 429; https://www.every.org/ HTTP 429; https://register-of-charities.charitycommission.gov.uk/en/charity-details/?regId=1149828&subId=0 HTTP 404; https://register-of-charities.charitycommission.gov.uk/api/search?term=Effective%20Ventures HTTP 404; https://apps.charitycommission.gov.uk/Accounts/Ends28/0001149828_AC_20250630_E_C.pdf HTTP 404; https://apps.charitycommission.gov.uk/Accounts/Ends28/0001149828_AC_20240630_E_C.pdf HTTP 404; https://www.philanthropy.org/who-funds HTTP 403; no_kevinnbass_sources=true; public_read_only=true (no email/message/telephone/file/submit/post); money types not summed; legal filers kept distinct (FP Inc vs FP Ltd vs Every Org vs EV USA vs EV UK vs Longview USA vs Longview Inc. Ltd vs DAF sponsors vs DAF accounts vs advisers); overlap with STATE/MD09/MD10/MD11/lineage cited by existing row id and re-fetched this lane; research/STATE.md read before facts
row,task,target_prefix,element_ids,subject,entity_type,aliases,identifier,from_entity,intermediary,to_entity,relationship_type,start_date,end_date,ledger,money_type,amount_usd,currency,date,date_precision,period,payment_status,purpose_restriction,project,provider,in_kind_type,quantity_or_value,terms,policy_version,disclosure_recusal,provider_authority,personnel_conflicts,edge_type,documented_transaction,source_class,query_or_endpoint,url,quote_300,checked_utc,result,result_count,next_document,limitation,note
1,A,MDS,C02.E3;C02.E5;C06.E1,Founders Pledge Inc TY2020 (2020-01-01 to 2020-12-31) grant schedule vs METR,grantmaker,FP-US; Founders Pledge,EIN 37-1795297; object 202131059349101903,Founders Pledge Inc,Founders Pledge Inc,Model Evaluation and Threat Research,,2020-01-01,2020-12-31,,,,,2020-12-31,year,TY2020 (2020-01-01 to 2020-12-31),,,,,,,,,,,,,,funder filings,GET GT XML 202131059349101903; Schedule I RecipientTable / 990-PF GrantOrContributionPdDurYrGrp filter RecipientEIN 991219864 OR BusinessNameLine1Txt MODEL EVALUATION AND THREAT RESEARCH,https://gt990datalake-rawdata.s3.amazonaws.com/EfileData/XmlFiles/202131059349101903_public.xml,"<TaxPeriodBeginDt>2020-01-01</TaxPeriodBeginDt>
    <Filer>
      <EIN>371795297</EIN>
      <BusinessName>
        <BusinessNameLine1Txt>FOUNDERS PLEDGE INC</BusinessNameLine1Txt>
      </BusinessName>
      <BusinessNameControlTxt>FOUN</BusinessNameControlTxt>
      <PhoneNum>6465859644</PhoneNum>",2026-09-16T10:04:42Z,none found in Founders Pledge Inc TY2020 (2020-01-01 to 2020-12-31) XML object 202131059349101903 as of 2026-09-16T10:04:42Z for a METR/EIN 99-1219864 grant line,0,"TY2025 Form 990/990-PF original due 2026-05-15, commonly extended to 2026-11-16",55 grant-schedule rows scanned. Sub-threshold or renamed grants would not match. Keep ARC vs METR unmerged.,This-lane XML research/primary/MD22-intermediary-returns/gt-xml-202131059349101903.xml-20260916T100418Z. Overlap with MD09/MD10/MD11 cited rather than treated as a new discovery where those lanes already recorded this year. Fidelity/Schwab/NPT remainder stays cited in MD11.
2,A,MDS,C02.E3;C02.E5;C06.E1,Founders Pledge Inc TY2021 (2021-01-01 to 2021-12-31) grant schedule vs METR,grantmaker,FP-US; Founders Pledge,EIN 37-1795297; object 202232349349100823,Founders Pledge Inc,Founders Pledge Inc,Model Evaluation and Threat Research,,2021-01-01,2021-12-31,,,,,2021-12-31,year,TY2021 (2021-01-01 to 2021-12-31),,,,,,,,,,,,,,funder filings,GET GT XML 202232349349100823; Schedule I RecipientTable / 990-PF GrantOrContributionPdDurYrGrp filter RecipientEIN 991219864 OR BusinessNameLine1Txt MODEL EVALUATION AND THREAT RESEARCH,https://gt990datalake-rawdata.s3.amazonaws.com/EfileData/XmlFiles/202232349349100823_public.xml,"<TaxPeriodBeginDt>2021-01-01</TaxPeriodBeginDt>
    <Filer>
      <EIN>371795297</EIN>
      <BusinessName>
        <BusinessNameLine1Txt>FOUNDERS PLEDGE INC</BusinessNameLine1Txt>
      </BusinessName>
      <BusinessNameControlTxt>FOUN</BusinessNameControlTxt>
      <PhoneNum>6465859644</PhoneNum>",2026-09-16T10:05:37Z,none found in Founders Pledge Inc TY2021 (2021-01-01 to 2021-12-31) XML object 202232349349100823 as of 2026-09-16T10:05:37Z for a METR/EIN 99-1219864 grant line,0,"TY2025 Form 990/990-PF original due 2026-05-15, commonly extended to 2026-11-16",94 grant-schedule rows scanned. Sub-threshold or renamed grants would not match. Keep ARC vs METR unmerged.,This-lane XML research/primary/MD22-intermediary-returns/gt-xml-202232349349100823.xml-20260916T100418Z. Overlap with MD09/MD10/MD11 cited rather than treated as a new discovery where those lanes already recorded this year. Fidelity/Schwab/NPT remainder stays cited in MD11.
3,A,MDS,C02.E3;C02.E5;C06.E1,Founders Pledge Inc TY2022 (2022-01-01 to 2022-12-31) grant schedule vs METR,grantmaker,FP-US; Founders Pledge,EIN 37-1795297; object 202301999349100115,Founders Pledge Inc,Founders Pledge Inc,Model Evaluation and Threat Research,,2022-01-01,2022-12-31,,,,,2022-12-31,year,TY2022 (2022-01-01 to 2022-12-31),,,,,,,,,,,,,,funder filings,GET GT XML 202301999349100115; Schedule I RecipientTable / 990-PF GrantOrContributionPdDurYrGrp filter RecipientEIN 991219864 OR BusinessNameLine1Txt MODEL EVALUATION AND THREAT RESEARCH,https://gt990datalake-rawdata.s3.amazonaws.com/EfileData/XmlFiles/202301999349100115_public.xml,"<TaxPeriodBeginDt>2022-01-01</TaxPeriodBeginDt>
    <Filer>
      <EIN>371795297</EIN>
      <BusinessName>
        <BusinessNameLine1Txt>FOUNDERS PLEDGE INC</BusinessNameLine1Txt>
      </BusinessName>
      <BusinessNameControlTxt>FOUN</BusinessNameControlTxt>
      <PhoneNum>6465859644</PhoneNum>",2026-09-16T10:06:22Z,none found in Founders Pledge Inc TY2022 (2022-01-01 to 2022-12-31) XML object 202301999349100115 as of 2026-09-16T10:06:22Z for a METR/EIN 99-1219864 grant line,0,"TY2025 Form 990/990-PF original due 2026-05-15, commonly extended to 2026-11-16","61 grant-schedule rows scanned. ARC-only line(s) kept on ARC, not typed as METR: ALIGNMENT RESEARCH CENTER Amt 2179000 purpose . Sub-threshold or renamed grants would not match. Keep ARC vs METR unmerged.",This-lane XML research/primary/MD22-intermediary-returns/gt-xml-202301999349100115.xml-20260916T100418Z. Overlap with MD09/MD10/MD11 cited rather than treated as a new discovery where those lanes already recorded this year. Fidelity/Schwab/NPT remainder stays cited in MD11.
4,A,MDS,C02.E3;C02.E5;C06.E1,Founders Pledge Inc TY2023 (2023-01-01 to 2023-12-31) grant schedule vs METR,grantmaker,FP-US; Founders Pledge,EIN 37-1795297; object 202402359349100515,Founders Pledge Inc,Founders Pledge Inc,Model Evaluation and Threat Research,,2023-01-01,2023-12-31,,,,,2023-12-31,year,TY2023 (2023-01-01 to 2023-12-31),,,,,,,,,,,,,,funder filings,GET GT XML 202402359349100515; Schedule I RecipientTable / 990-PF GrantOrContributionPdDurYrGrp filter RecipientEIN 991219864 OR BusinessNameLine1Txt MODEL EVALUATION AND THREAT RESEARCH,https://gt990datalake-rawdata.s3.amazonaws.com/EfileData/XmlFiles/202402359349100515_public.xml,"<TaxPeriodBeginDt>2023-01-01</TaxPeriodBeginDt>
    <Filer>
      <EIN>371795297</EIN>
      <BusinessName>
        <BusinessNameLine1Txt>FOUNDERS PLEDGE INC</BusinessNameLine1Txt>
      </BusinessName>
      <BusinessNameControlTxt>FOUN</BusinessNameControlTxt>
      <PhoneNum>6465859644</PhoneNum>",2026-09-16T10:07:20Z,none found in Founders Pledge Inc TY2023 (2023-01-01 to 2023-12-31) XML object 202402359349100515 as of 2026-09-16T10:07:20Z for a METR/EIN 99-1219864 grant line,0,"TY2025 Form 990/990-PF original due 2026-05-15, commonly extended to 2026-11-16","76 grant-schedule rows scanned. ARC-only line(s) kept on ARC, not typed as METR: ALIGNMENT RESEARCH CENTER Amt 1846000 purpose . Sub-threshold or renamed grants would not match. Keep ARC vs METR unmerged.",This-lane XML research/primary/MD22-intermediary-returns/gt-xml-202402359349100515.xml-20260916T100418Z. Overlap with MD09/MD10/MD11 cited rather than treated as a new discovery where those lanes already recorded this year. Fidelity/Schwab/NPT remainder stays cited in MD11.
5,A,MDF,C02.E3;C02.E5;C06.E1,Founders Pledge Inc TY2024 (2024-01-01 to 2024-12-31) grant-schedule cash grant to METR,grantmaker,FP-US; Founders Pledge,EIN 37-1795297; object 202523079349303352,Founders Pledge Inc,Founders Pledge Inc,MODEL EVALUATION AND THREAT RESEARCH INC,intermediary filed grant,2024-01-01,2024-12-31,,filed_grant,184000,USD,2024-12-31,interval,TY2024 (2024-01-01 to 2024-12-31),filed as granted,FUND CHARITABLE ACTIVITIES,,,,,,,,,,,yes,funder filings,GET GT XML 202523079349303352; Schedule I RecipientTable / 990-PF GrantOrContributionPdDurYrGrp filter RecipientEIN 991219864 OR BusinessNameLine1Txt MODEL EVALUATION AND THREAT RESEARCH,https://gt990datalake-rawdata.s3.amazonaws.com/EfileData/XmlFiles/202523079349303352_public.xml,"<BusinessNameLine1Txt>MODEL EVALUATION AND THREAT RESEARCH INC</BusinessNameLine1Txt>
        </RecipientBusinessName>
        <USAddress>
          <AddressLine1Txt>440 N BARRANCA AVE 3345</AddressLine1Txt>
          <CityNm>COVINA</CityNm>
          <StateAbbreviationCd>CA</StateAbbreviationCd>
  ",2026-09-16T10:07:30Z,1 METR grant-schedule line; CashGrantAmt=184000,1,"TY2025 Form 990/990-PF original due 2026-05-15, commonly extended to 2026-11-16",Calendar year of the 990 is not a bank date. Public Schedule B contributor names are RESTRICTED on Form 990. money_type=filed_grant; not summed with recommendations or ledger paid_grant. ,"This-lane re-fetch of held MDF0058 / MD09-sff-tallinn.csv#28 / STATE filed $184,000. Not a new discovery. Primary research/primary/MD22-intermediary-returns/gt-xml-202523079349303352.xml-20260916T100418Z. Filer EIN 37-1795297."
6,A,MDS,C02.E3;C02.E5;C06.E1,Longview Philanthropy USA Inc TY2024 (2024-01-01 to 2024-12-31) grant schedule vs METR,foundation,Longview Philanthropy USA,EIN 93-2664730; object 202503179349304265,Longview Philanthropy USA Inc,Longview Philanthropy USA Inc,Model Evaluation and Threat Research,,2024-01-01,2024-12-31,,,,,2024-12-31,year,TY2024 (2024-01-01 to 2024-12-31),,,,,,,,,,,,,,funder filings,GET GT XML 202503179349304265; Schedule I RecipientTable / 990-PF GrantOrContributionPdDurYrGrp filter RecipientEIN 991219864 OR BusinessNameLine1Txt MODEL EVALUATION AND THREAT RESEARCH,https://gt990datalake-rawdata.s3.amazonaws.com/EfileData/XmlFiles/202503179349304265_public.xml,"<TaxPeriodBeginDt>2024-01-01</TaxPeriodBeginDt>
    <Filer>
      <EIN>932664730</EIN>
      <BusinessName>
        <BusinessNameLine1Txt>LONGVIEW PHILANTHROPY USA INC</BusinessNameLine1Txt>
      </BusinessName>
      <BusinessNameControlTxt>LONG</BusinessNameControlTxt>
      <PhoneNum>9145574508<",2026-09-16T10:07:53Z,none found in Longview Philanthropy USA Inc TY2024 (2024-01-01 to 2024-12-31) XML object 202503179349304265 as of 2026-09-16T10:07:53Z for a METR/EIN 99-1219864 grant line,0,"TY2025 Form 990/990-PF original due 2026-05-15, commonly extended to 2026-11-16",8 grant-schedule rows scanned. Sub-threshold or renamed grants would not match. Keep ARC vs METR unmerged.,This-lane XML research/primary/MD22-intermediary-returns/gt-xml-202503179349304265.xml-20260916T100418Z. Overlap with MD09/MD10/MD11 cited rather than treated as a new discovery where those lanes already recorded this year. Fidelity/Schwab/NPT remainder stays cited in MD11.
7,A,MDS,C02.E3;C02.E5;C06.E1,Every Org TY2020 (2020-01-01 to 2020-12-31) grant schedule vs METR,grantmaker,every.org; Every.org,EIN 61-1913297; object 202141729349100004,Every Org,Every Org,Model Evaluation and Threat Research,,2020-01-01,2020-12-31,,,,,2020-12-31,year,TY2020 (2020-01-01 to 2020-12-31),,,,,,,,,,,,,,funder filings,GET GT XML 202141729349100004; Schedule I RecipientTable / 990-PF GrantOrContributionPdDurYrGrp filter RecipientEIN 991219864 OR BusinessNameLine1Txt MODEL EVALUATION AND THREAT RESEARCH,https://gt990datalake-rawdata.s3.amazonaws.com/EfileData/XmlFiles/202141729349100004_public.xml,"<TaxPeriodBeginDt>2020-01-01</TaxPeriodBeginDt>
    <Filer>
      <EIN>611913297</EIN>
      <BusinessName>
        <BusinessNameLine1Txt>EVERY ORG</BusinessNameLine1Txt>
      </BusinessName>
      <InCareOfNm>% TINA ROH</InCareOfNm>
      <BusinessNameControlTxt>EVER</BusinessNameControlTxt>
     ",2026-09-16T10:04:31Z,none found in Every Org TY2020 (2020-01-01 to 2020-12-31) XML object 202141729349100004 as of 2026-09-16T10:04:31Z for a METR/EIN 99-1219864 grant line,0,"TY2025 Form 990/990-PF original due 2026-05-15, commonly extended to 2026-11-16",10 grant-schedule rows scanned. Sub-threshold or renamed grants would not match. Keep ARC vs METR unmerged.,This-lane XML research/primary/MD22-intermediary-returns/gt-xml-202141729349100004.xml-20260916T100418Z. Overlap with MD09/MD10/MD11 cited rather than treated as a new discovery where those lanes already recorded this year. Fidelity/Schwab/NPT remainder stays cited in MD11.
8,A,MDS,C02.E3;C02.E5;C06.E1,Every Org TY2021 (2021-01-01 to 2021-12-31) grant schedule vs METR,grantmaker,every.org; Every.org,EIN 61-1913297; object 202201479349100500,Every Org,Every Org,Model Evaluation and Threat Research,,2021-01-01,2021-12-31,,,,,2021-12-31,year,TY2021 (2021-01-01 to 2021-12-31),,,,,,,,,,,,,,funder filings,GET GT XML 202201479349100500; Schedule I RecipientTable / 990-PF GrantOrContributionPdDurYrGrp filter RecipientEIN 991219864 OR BusinessNameLine1Txt MODEL EVALUATION AND THREAT RESEARCH,https://gt990datalake-rawdata.s3.amazonaws.com/EfileData/XmlFiles/202201479349100500_public.xml,"<TaxPeriodBeginDt>2021-01-01</TaxPeriodBeginDt>
    <Filer>
      <EIN>611913297</EIN>
      <BusinessName>
        <BusinessNameLine1Txt>EVERY ORG</BusinessNameLine1Txt>
      </BusinessName>
      <InCareOfNm>% TINA ROH</InCareOfNm>
      <BusinessNameControlTxt>EVER</BusinessNameControlTxt>
     ",2026-09-16T10:05:35Z,none found in Every Org TY2021 (2021-01-01 to 2021-12-31) XML object 202201479349100500 as of 2026-09-16T10:05:35Z for a METR/EIN 99-1219864 grant line,0,"TY2025 Form 990/990-PF original due 2026-05-15, commonly extended to 2026-11-16",52 grant-schedule rows scanned. Sub-threshold or renamed grants would not match. Keep ARC vs METR unmerged.,This-lane XML research/primary/MD22-intermediary-returns/gt-xml-202201479349100500.xml-20260916T100418Z. Overlap with MD09/MD10/MD11 cited rather than treated as a new discovery where those lanes already recorded this year. Fidelity/Schwab/NPT remainder stays cited in MD11.
9,A,MDS,C02.E3;C02.E5;C06.E1,Every Org TY2022 (2022-01-01 to 2022-12-31) grant schedule vs METR,grantmaker,every.org; Every.org,EIN 61-1913297; object 202333179349100048,Every Org,Every Org,Model Evaluation and Threat Research,,2022-01-01,2022-12-31,,,,,2022-12-31,year,TY2022 (2022-01-01 to 2022-12-31),,,,,,,,,,,,,,funder filings,GET GT XML 202333179349100048; Schedule I RecipientTable / 990-PF GrantOrContributionPdDurYrGrp filter RecipientEIN 991219864 OR BusinessNameLine1Txt MODEL EVALUATION AND THREAT RESEARCH,https://gt990datalake-rawdata.s3.amazonaws.com/EfileData/XmlFiles/202333179349100048_public.xml,"<TaxPeriodBeginDt>2022-01-01</TaxPeriodBeginDt>
    <Filer>
      <EIN>611913297</EIN>
      <BusinessName>
        <BusinessNameLine1Txt>EVERY ORG</BusinessNameLine1Txt>
      </BusinessName>
      <InCareOfNm>% TINA ROH</InCareOfNm>
      <BusinessNameControlTxt>EVER</BusinessNameControlTxt>
     ",2026-09-16T10:06:19Z,none found in Every Org TY2022 (2022-01-01 to 2022-12-31) XML object 202333179349100048 as of 2026-09-16T10:06:19Z for a METR/EIN 99-1219864 grant line,0,"TY2025 Form 990/990-PF original due 2026-05-15, commonly extended to 2026-11-16",98 grant-schedule rows scanned. Sub-threshold or renamed grants would not match. Keep ARC vs METR unmerged.,This-lane XML research/primary/MD22-intermediary-returns/gt-xml-202333179349100048.xml-20260916T100418Z. Overlap with MD09/MD10/MD11 cited rather than treated as a new discovery where those lanes already recorded this year. Fidelity/Schwab/NPT remainder stays cited in MD11.
10,A,MDS,C02.E3;C02.E5;C06.E1,Every Org TY2023 (2023-01-01 to 2023-12-31) grant schedule vs METR,grantmaker,every.org; Every.org,EIN 61-1913297; object 202423199349106002,Every Org,Every Org,Model Evaluation and Threat Research,,2023-01-01,2023-12-31,,,,,2023-12-31,year,TY2023 (2023-01-01 to 2023-12-31),,,,,,,,,,,,,,funder filings,GET GT XML 202423199349106002; Schedule I RecipientTable / 990-PF GrantOrContributionPdDurYrGrp filter RecipientEIN 991219864 OR BusinessNameLine1Txt MODEL EVALUATION AND THREAT RESEARCH,https://gt990datalake-rawdata.s3.amazonaws.com/EfileData/XmlFiles/202423199349106002_public.xml,"<TaxPeriodBeginDt>2023-01-01</TaxPeriodBeginDt>
    <Filer>
      <EIN>611913297</EIN>
      <BusinessName>
        <BusinessNameLine1Txt>EVERY ORG</BusinessNameLine1Txt>
      </BusinessName>
      <InCareOfNm>% TINA ROH</InCareOfNm>
      <BusinessNameControlTxt>EVER</BusinessNameControlTxt>
     ",2026-09-16T10:07:27Z,none found in Every Org TY2023 (2023-01-01 to 2023-12-31) XML object 202423199349106002 as of 2026-09-16T10:07:27Z for a METR/EIN 99-1219864 grant line,0,"TY2025 Form 990/990-PF original due 2026-05-15, commonly extended to 2026-11-16","223 grant-schedule rows scanned. ARC-only line(s) kept on ARC, not typed as METR: ALIGNMENT RESEARCH CENTER Amt 223805 purpose . Sub-threshold or renamed grants would not match. Keep ARC vs METR unmerged.",This-lane XML research/primary/MD22-intermediary-returns/gt-xml-202423199349106002.xml-20260916T100418Z. Overlap with MD09/MD10/MD11 cited rather than treated as a new discovery where those lanes already recorded this year. Fidelity/Schwab/NPT remainder stays cited in MD11.
11,A,MDS,C02.E3;C02.E5;C06.E1,Every Org TY2024 (2024-01-01 to 2024-12-31) grant schedule vs METR,grantmaker,every.org; Every.org,EIN 61-1913297; object 202502749349100700,Every Org,Every Org,Model Evaluation and Threat Research,,2024-01-01,2024-12-31,,,,,2024-12-31,year,TY2024 (2024-01-01 to 2024-12-31),,,,,,,,,,,,,,funder filings,GET GT XML 202502749349100700; Schedule I RecipientTable / 990-PF GrantOrContributionPdDurYrGrp filter RecipientEIN 991219864 OR BusinessNameLine1Txt MODEL EVALUATION AND THREAT RESEARCH,https://gt990datalake-rawdata.s3.amazonaws.com/EfileData/XmlFiles/202502749349100700_public.xml,"<TaxPeriodBeginDt>2024-01-01</TaxPeriodBeginDt>
    <Filer>
      <EIN>611913297</EIN>
      <BusinessName>
        <BusinessNameLine1Txt>EVERY ORG</BusinessNameLine1Txt>
      </BusinessName>
      <BusinessNameControlTxt>EVER</BusinessNameControlTxt>
      <PhoneNum>4156500503</PhoneNum>
      <US",2026-09-16T10:07:31Z,none found in Every Org TY2024 (2024-01-01 to 2024-12-31) XML object 202502749349100700 as of 2026-09-16T10:07:31Z for a METR/EIN 99-1219864 grant line,0,"TY2025 Form 990/990-PF original due 2026-05-15, commonly extended to 2026-11-16","210 grant-schedule rows scanned. ARC-only line(s) kept on ARC, not typed as METR: ALIGNMENT RESEARCH CENTER Amt 132837 purpose . Sub-threshold or renamed grants would not match. Keep ARC vs METR unmerged.",This-lane XML research/primary/MD22-intermediary-returns/gt-xml-202502749349100700.xml-20260916T100418Z. Overlap with MD09/MD10/MD11 cited rather than treated as a new discovery where those lanes already recorded this year. Fidelity/Schwab/NPT remainder stays cited in MD11.
12,A,MDS,C02.E3;C02.E5;C06.E1,Effective Ventures Foundation USA TY2020 (2020-01-01 to 2020-12-31) grant schedule vs METR,grantmaker,EV USA; Centre for Effective Altruism USA,EIN 47-1988398; object 202142849349300829,Effective Ventures Foundation USA,Effective Ventures Foundation USA,Model Evaluation and Threat Research,,2020-01-01,2020-12-31,,,,,2020-12-31,year,TY2020 (2020-01-01 to 2020-12-31),,,,,,,,,,,,,,funder filings,GET GT XML 202142849349300829; Schedule I RecipientTable / 990-PF GrantOrContributionPdDurYrGrp filter RecipientEIN 991219864 OR BusinessNameLine1Txt MODEL EVALUATION AND THREAT RESEARCH,https://gt990datalake-rawdata.s3.amazonaws.com/EfileData/XmlFiles/202142849349300829_public.xml,"<TaxPeriodBeginDt>2020-01-01</TaxPeriodBeginDt>
    <Filer>
      <EIN>471988398</EIN>
      <BusinessName>
        <BusinessNameLine1Txt>CENTRE FOR EFFECTIVE ALTRUISM USA INC</BusinessNameLine1Txt>
      </BusinessName>
      <BusinessNameControlTxt>CENT</BusinessNameControlTxt>
      <PhoneNum>510",2026-09-16T10:04:47Z,none found in Effective Ventures Foundation USA TY2020 (2020-01-01 to 2020-12-31) XML object 202142849349300829 as of 2026-09-16T10:04:47Z for a METR/EIN 99-1219864 grant line,0,FY2026 Form 990 original due 2026-11-16 (15th day of 5th month after 2026-06-30),54 grant-schedule rows scanned. Sub-threshold or renamed grants would not match. Keep ARC vs METR unmerged.,This-lane XML research/primary/MD22-intermediary-returns/gt-xml-202142849349300829.xml-20260916T100418Z. Overlap with MD09/MD10/MD11 cited rather than treated as a new discovery where those lanes already recorded this year. Fidelity/Schwab/NPT remainder stays cited in MD11.
13,A,MDS,C02.E3;C02.E5;C06.E1,Effective Ventures Foundation USA FY2021 (2021-01-01 to 2021-06-30) grant schedule vs METR,grantmaker,EV USA; Centre for Effective Altruism USA,EIN 47-1988398; object 202221369349309152,Effective Ventures Foundation USA,Effective Ventures Foundation USA,Model Evaluation and Threat Research,,2021-01-01,2021-06-30,,,,,2021-06-30,year,FY2021 (2021-01-01 to 2021-06-30),,,,,,,,,,,,,,funder filings,GET GT XML 202221369349309152; Schedule I RecipientTable / 990-PF GrantOrContributionPdDurYrGrp filter RecipientEIN 991219864 OR BusinessNameLine1Txt MODEL EVALUATION AND THREAT RESEARCH,https://gt990datalake-rawdata.s3.amazonaws.com/EfileData/XmlFiles/202221369349309152_public.xml,"<TaxPeriodBeginDt>2021-01-01</TaxPeriodBeginDt>
    <Filer>
      <EIN>471988398</EIN>
      <BusinessName>
        <BusinessNameLine1Txt>CENTRE FOR EFFECTIVE ALTRUISM USA INC</BusinessNameLine1Txt>
      </BusinessName>
      <BusinessNameControlTxt>CENT</BusinessNameControlTxt>
      <PhoneNum>510",2026-09-16T10:05:34Z,none found in Effective Ventures Foundation USA FY2021 (2021-01-01 to 2021-06-30) XML object 202221369349309152 as of 2026-09-16T10:05:34Z for a METR/EIN 99-1219864 grant line,0,FY2026 Form 990 original due 2026-11-16 (15th day of 5th month after 2026-06-30),38 grant-schedule rows scanned. Sub-threshold or renamed grants would not match. Keep ARC vs METR unmerged.,This-lane XML research/primary/MD22-intermediary-returns/gt-xml-202221369349309152.xml-20260916T100418Z. Overlap with MD09/MD10/MD11 cited rather than treated as a new discovery where those lanes already recorded this year. Fidelity/Schwab/NPT remainder stays cited in MD11.
14,A,MDS,C02.E3;C02.E5;C06.E1,Effective Ventures Foundation USA FY2022 (2021-07-01 to 2022-06-30) grant schedule vs METR,grantmaker,EV USA; Centre for Effective Altruism USA,EIN 47-1988398; object 202311339349300516,Effective Ventures Foundation USA,Effective Ventures Foundation USA,Model Evaluation and Threat Research,,2021-07-01,2022-06-30,,,,,2022-06-30,year,FY2022 (2021-07-01 to 2022-06-30),,,,,,,,,,,,,,funder filings,GET GT XML 202311339349300516; Schedule I RecipientTable / 990-PF GrantOrContributionPdDurYrGrp filter RecipientEIN 991219864 OR BusinessNameLine1Txt MODEL EVALUATION AND THREAT RESEARCH,https://gt990datalake-rawdata.s3.amazonaws.com/EfileData/XmlFiles/202311339349300516_public.xml,"<TaxPeriodBeginDt>2021-07-01</TaxPeriodBeginDt>
    <Filer>
      <EIN>471988398</EIN>
      <BusinessName>
        <BusinessNameLine1Txt>CENTRE FOR EFFECTIVE ALTRUISM USA INC</BusinessNameLine1Txt>
      </BusinessName>
      <BusinessNameControlTxt>CENT</BusinessNameControlTxt>
      <PhoneNum>415",2026-09-16T10:06:34Z,none found in Effective Ventures Foundation USA FY2022 (2021-07-01 to 2022-06-30) XML object 202311339349300516 as of 2026-09-16T10:06:34Z for a METR/EIN 99-1219864 grant line,0,FY2026 Form 990 original due 2026-11-16 (15th day of 5th month after 2026-06-30),159 grant-schedule rows scanned. Sub-threshold or renamed grants would not match. Keep ARC vs METR unmerged.,This-lane XML research/primary/MD22-intermediary-returns/gt-xml-202311339349300516.xml-20260916T100418Z. Overlap with MD09/MD10/MD11 cited rather than treated as a new discovery where those lanes already recorded this year. Fidelity/Schwab/NPT remainder stays cited in MD11.
15,A,MDS,C02.E3;C02.E5;C06.E1,Effective Ventures Foundation USA FY2023 (2022-07-01 to 2023-06-30) grant schedule vs METR,grantmaker,EV USA; Centre for Effective Altruism USA,EIN 47-1988398; object 202411359349306381,Effective Ventures Foundation USA,Effective Ventures Foundation USA,Model Evaluation and Threat Research,,2022-07-01,2023-06-30,,,,,2023-06-30,year,FY2023 (2022-07-01 to 2023-06-30),,,,,,,,,,,,,,funder filings,GET GT XML 202411359349306381; Schedule I RecipientTable / 990-PF GrantOrContributionPdDurYrGrp filter RecipientEIN 991219864 OR BusinessNameLine1Txt MODEL EVALUATION AND THREAT RESEARCH,https://gt990datalake-rawdata.s3.amazonaws.com/EfileData/XmlFiles/202411359349306381_public.xml,"<TaxPeriodBeginDt>2022-07-01</TaxPeriodBeginDt>
    <Filer>
      <EIN>471988398</EIN>
      <BusinessName>
        <BusinessNameLine1Txt>EFFECTIVE VENTURES FOUNDATION USA INC</BusinessNameLine1Txt>
      </BusinessName>
      <BusinessNameControlTxt>EFFE</BusinessNameControlTxt>
      <PhoneNum>415",2026-09-16T10:06:35Z,none found in Effective Ventures Foundation USA FY2023 (2022-07-01 to 2023-06-30) XML object 202411359349306381 as of 2026-09-16T10:06:35Z for a METR/EIN 99-1219864 grant line,0,FY2026 Form 990 original due 2026-11-16 (15th day of 5th month after 2026-06-30),"127 grant-schedule rows scanned. ARC-only line(s) kept on ARC, not typed as METR: ALIGNMENT RESEARCH CENTER Amt 1500000 purpose GENERAL NONPROFIT SUPPORT; ALIGNMENT RESEARCH CENTER Amt 54543 purpose RESEARCH AND COLLABORATION ON AI ALIGNMENT. Sub-threshold or renamed grants would not match. Keep ARC vs METR unmerged.",This-lane XML research/primary/MD22-intermediary-returns/gt-xml-202411359349306381.xml-20260916T100418Z. Overlap with MD09/MD10/MD11 cited rather than treated as a new discovery where those lanes already recorded this year. Fidelity/Schwab/NPT remainder stays cited in MD11.
16,A,MDS,C02.E3;C02.E5;C06.E1,Effective Ventures Foundation USA FY2024 (2023-07-01 to 2024-06-30) grant schedule vs METR,grantmaker,EV USA; Centre for Effective Altruism USA,EIN 47-1988398; object 202541349349311654,Effective Ventures Foundation USA,Effective Ventures Foundation USA,Model Evaluation and Threat Research,,2023-07-01,2024-06-30,,,,,2024-06-30,year,FY2024 (2023-07-01 to 2024-06-30),,,,,,,,,,,,,,funder filings,GET GT XML 202541349349311654; Schedule I RecipientTable / 990-PF GrantOrContributionPdDurYrGrp filter RecipientEIN 991219864 OR BusinessNameLine1Txt MODEL EVALUATION AND THREAT RESEARCH,https://gt990datalake-rawdata.s3.amazonaws.com/EfileData/XmlFiles/202541349349311654_public.xml,"<TaxPeriodBeginDt>2023-07-01</TaxPeriodBeginDt>
    <Filer>
      <EIN>471988398</EIN>
      <BusinessName>
        <BusinessNameLine1Txt>EFFECTIVE VENTURES FOUNDATION USA INC</BusinessNameLine1Txt>
      </BusinessName>
      <BusinessNameControlTxt>EFFE</BusinessNameControlTxt>
      <PhoneNum>415",2026-09-16T10:07:39Z,none found in Effective Ventures Foundation USA FY2024 (2023-07-01 to 2024-06-30) XML object 202541349349311654 as of 2026-09-16T10:07:39Z for a METR/EIN 99-1219864 grant line,0,FY2026 Form 990 original due 2026-11-16 (15th day of 5th month after 2026-06-30),"92 grant-schedule rows scanned. ARC-only line(s) kept on ARC, not typed as METR: ALIGNMENT RESEARCH CENTER Amt 100000 purpose RESEARCH ON AI SAFETY. Sub-threshold or renamed grants would not match. Keep ARC vs METR unmerged.",This-lane XML research/primary/MD22-intermediary-returns/gt-xml-202541349349311654.xml-20260916T100418Z. Overlap with MD09/MD10/MD11 cited rather than treated as a new discovery where those lanes already recorded this year. Fidelity/Schwab/NPT remainder stays cited in MD11.
17,A,MDS,C02.E3;C02.E5;C06.E1,Effective Ventures Foundation USA FY2025 (2024-07-01 to 2025-06-30) grant schedule vs METR,grantmaker,EV USA; Centre for Effective Altruism USA,EIN 47-1988398; object 202601359349300640,Effective Ventures Foundation USA,Effective Ventures Foundation USA,Model Evaluation and Threat Research,,2024-07-01,2025-06-30,,,,,2025-06-30,year,FY2025 (2024-07-01 to 2025-06-30),,,,,,,,,,,,,,funder filings,GET GT XML 202601359349300640; Schedule I RecipientTable / 990-PF GrantOrContributionPdDurYrGrp filter RecipientEIN 991219864 OR BusinessNameLine1Txt MODEL EVALUATION AND THREAT RESEARCH,https://gt990datalake-rawdata.s3.amazonaws.com/EfileData/XmlFiles/202601359349300640_public.xml,"<TaxPeriodBeginDt>2024-07-01</TaxPeriodBeginDt>
    <Filer>
      <EIN>471988398</EIN>
      <BusinessName>
        <BusinessNameLine1Txt>EFFECTIVE VENTURES FOUNDATION USA INC</BusinessNameLine1Txt>
      </BusinessName>
      <BusinessNameControlTxt>EFFE</BusinessNameControlTxt>
      <PhoneNum>415",2026-09-16T10:08:39Z,none found in Effective Ventures Foundation USA FY2025 (2024-07-01 to 2025-06-30) XML object 202601359349300640 as of 2026-09-16T10:08:39Z for a METR/EIN 99-1219864 grant line,0,FY2026 Form 990 original due 2026-11-16 (15th day of 5th month after 2026-06-30),79 grant-schedule rows scanned. Sub-threshold or renamed grants would not match. Keep ARC vs METR unmerged.,This-lane XML research/primary/MD22-intermediary-returns/gt-xml-202601359349300640.xml-20260916T100418Z. Overlap with MD09/MD10/MD11 cited rather than treated as a new discovery where those lanes already recorded this year. Fidelity/Schwab/NPT remainder stays cited in MD11.
18,A,MDS,C02.E3;C02.E5;C06.E1,Silicon Valley Community Foundation TY2020 (2020-01-01 to 2020-12-31) grant schedule vs METR,DAF sponsor,SVCF,EIN 20-5205488; object 202103199349327615,Silicon Valley Community Foundation,Silicon Valley Community Foundation,Model Evaluation and Threat Research,,2020-01-01,2020-12-31,,,,,2020-12-31,year,TY2020 (2020-01-01 to 2020-12-31),,,,,,,,,,,,,,DAF sponsor filings,GET GT XML 202103199349327615; Schedule I RecipientTable / 990-PF GrantOrContributionPdDurYrGrp filter RecipientEIN 991219864 OR BusinessNameLine1Txt MODEL EVALUATION AND THREAT RESEARCH,https://gt990datalake-rawdata.s3.amazonaws.com/EfileData/XmlFiles/202103199349327615_public.xml,"<TaxPeriodBeginDt>2020-01-01</TaxPeriodBeginDt>
    <Filer>
      <EIN>205205488</EIN>
      <BusinessName>
        <BusinessNameLine1Txt>Silicon Valley Community Foundation</BusinessNameLine1Txt>
      </BusinessName>
      <BusinessNameControlTxt>SILI</BusinessNameControlTxt>
      <PhoneNum>65045",2026-09-16T10:04:32Z,none found in Silicon Valley Community Foundation TY2020 (2020-01-01 to 2020-12-31) XML object 202103199349327615 as of 2026-09-16T10:04:32Z for a METR/EIN 99-1219864 grant line,0,"TY2025 Form 990/990-PF original due 2026-05-15, commonly extended to 2026-11-16",3937 grant-schedule rows scanned. Sub-threshold or renamed grants would not match. Keep ARC vs METR unmerged.,This-lane XML research/primary/MD22-intermediary-returns/gt-xml-202103199349327615.xml-20260916T100418Z. Overlap with MD09/MD10/MD11 cited rather than treated as a new discovery where those lanes already recorded this year. Fidelity/Schwab/NPT remainder stays cited in MD11.
19,A,MDS,C02.E3;C02.E5;C06.E1,Silicon Valley Community Foundation TY2021 (2021-01-01 to 2021-12-31) grant schedule vs METR,DAF sponsor,SVCF,EIN 20-5205488; object 202223199349318287,Silicon Valley Community Foundation,Silicon Valley Community Foundation,Model Evaluation and Threat Research,,2021-01-01,2021-12-31,,,,,2021-12-31,year,TY2021 (2021-01-01 to 2021-12-31),,,,,,,,,,,,,,DAF sponsor filings,GET GT XML 202223199349318287; Schedule I RecipientTable / 990-PF GrantOrContributionPdDurYrGrp filter RecipientEIN 991219864 OR BusinessNameLine1Txt MODEL EVALUATION AND THREAT RESEARCH,https://gt990datalake-rawdata.s3.amazonaws.com/EfileData/XmlFiles/202223199349318287_public.xml,"<TaxPeriodBeginDt>2021-01-01</TaxPeriodBeginDt>
    <Filer>
      <EIN>205205488</EIN>
      <BusinessName>
        <BusinessNameLine1Txt>Silicon Valley Community Foundation</BusinessNameLine1Txt>
      </BusinessName>
      <BusinessNameControlTxt>SILI</BusinessNameControlTxt>
      <PhoneNum>65045",2026-09-16T10:05:40Z,none found in Silicon Valley Community Foundation TY2021 (2021-01-01 to 2021-12-31) XML object 202223199349318287 as of 2026-09-16T10:05:40Z for a METR/EIN 99-1219864 grant line,0,"TY2025 Form 990/990-PF original due 2026-05-15, commonly extended to 2026-11-16",3722 grant-schedule rows scanned. Sub-threshold or renamed grants would not match. Keep ARC vs METR unmerged.,This-lane XML research/primary/MD22-intermediary-returns/gt-xml-202223199349318287.xml-20260916T100418Z. Overlap with MD09/MD10/MD11 cited rather than treated as a new discovery where those lanes already recorded this year. Fidelity/Schwab/NPT remainder stays cited in MD11.
20,A,MDS,C02.E3;C02.E5;C06.E1,Silicon Valley Community Foundation TY2022 (2022-01-01 to 2022-12-31) grant schedule vs METR,DAF sponsor,SVCF,EIN 20-5205488; object 202333189349318948,Silicon Valley Community Foundation,Silicon Valley Community Foundation,Model Evaluation and Threat Research,,2022-01-01,2022-12-31,,,,,2022-12-31,year,TY2022 (2022-01-01 to 2022-12-31),,,,,,,,,,,,,,DAF sponsor filings,GET GT XML 202333189349318948; Schedule I RecipientTable / 990-PF GrantOrContributionPdDurYrGrp filter RecipientEIN 991219864 OR BusinessNameLine1Txt MODEL EVALUATION AND THREAT RESEARCH,https://gt990datalake-rawdata.s3.amazonaws.com/EfileData/XmlFiles/202333189349318948_public.xml,"<TaxPeriodBeginDt>2022-01-01</TaxPeriodBeginDt>
    <Filer>
      <EIN>205205488</EIN>
      <BusinessName>
        <BusinessNameLine1Txt>Silicon Valley Community Foundation</BusinessNameLine1Txt>
      </BusinessName>
      <BusinessNameControlTxt>SILI</BusinessNameControlTxt>
      <PhoneNum>65045",2026-09-16T10:06:23Z,none found in Silicon Valley Community Foundation TY2022 (2022-01-01 to 2022-12-31) XML object 202333189349318948 as of 2026-09-16T10:06:23Z for a METR/EIN 99-1219864 grant line,0,"TY2025 Form 990/990-PF original due 2026-05-15, commonly extended to 2026-11-16",3867 grant-schedule rows scanned. Sub-threshold or renamed grants would not match. Keep ARC vs METR unmerged.,This-lane XML research/primary/MD22-intermediary-returns/gt-xml-202333189349318948.xml-20260916T100418Z. Overlap with MD09/MD10/MD11 cited rather than treated as a new discovery where those lanes already recorded this year. Fidelity/Schwab/NPT remainder stays cited in MD11.
21,A,MDS,C02.E3;C02.E5;C06.E1,Silicon Valley Community Foundation TY2023 (2023-01-01 to 2023-12-31) grant schedule vs METR,DAF sponsor,SVCF,EIN 20-5205488; object 202413129349304911,Silicon Valley Community Foundation,Silicon Valley Community Foundation,Model Evaluation and Threat Research,,2023-01-01,2023-12-31,,,,,2023-12-31,year,TY2023 (2023-01-01 to 2023-12-31),,,,,,,,,,,,,,DAF sponsor filings,GET GT XML 202413129349304911; Schedule I RecipientTable / 990-PF GrantOrContributionPdDurYrGrp filter RecipientEIN 991219864 OR BusinessNameLine1Txt MODEL EVALUATION AND THREAT RESEARCH,https://gt990datalake-rawdata.s3.amazonaws.com/EfileData/XmlFiles/202413129349304911_public.xml,"<TaxPeriodBeginDt>2023-01-01</TaxPeriodBeginDt>
    <Filer>
      <EIN>205205488</EIN>
      <BusinessName>
        <BusinessNameLine1Txt>Silicon Valley Community Foundation</BusinessNameLine1Txt>
      </BusinessName>
      <BusinessNameControlTxt>SILI</BusinessNameControlTxt>
      <PhoneNum>65045",2026-09-16T10:07:21Z,none found in Silicon Valley Community Foundation TY2023 (2023-01-01 to 2023-12-31) XML object 202413129349304911 as of 2026-09-16T10:07:21Z for a METR/EIN 99-1219864 grant line,0,"TY2025 Form 990/990-PF original due 2026-05-15, commonly extended to 2026-11-16","3551 grant-schedule rows scanned. ARC-only line(s) kept on ARC, not typed as METR: Alignment Research Center Amt 1401000 purpose Sciences. Sub-threshold or renamed grants would not match. Keep ARC vs METR unmerged.",This-lane XML research/primary/MD22-intermediary-returns/gt-xml-202413129349304911.xml-20260916T100418Z. Overlap with MD09/MD10/MD11 cited rather than treated as a new discovery where those lanes already recorded this year. Fidelity/Schwab/NPT remainder stays cited in MD11.
22,A,MDF,C02.E3;C02.E5;C06.E1,Silicon Valley Community Foundation TY2024 (2024-01-01 to 2024-12-31) grant-schedule cash grant to METR,DAF sponsor,SVCF,EIN 20-5205488; object 202543149349305759,Silicon Valley Community Foundation,Silicon Valley Community Foundation,Model Evaluation and Threat Research,DAF sponsor filed grant,2024-01-01,2024-12-31,,filed_grant,20000,USD,2024-12-31,interval,TY2024 (2024-01-01 to 2024-12-31),filed as granted,Sciences,,,,,,,,,,,yes,DAF sponsor filings,GET GT XML 202543149349305759; Schedule I RecipientTable / 990-PF GrantOrContributionPdDurYrGrp filter RecipientEIN 991219864 OR BusinessNameLine1Txt MODEL EVALUATION AND THREAT RESEARCH,https://gt990datalake-rawdata.s3.amazonaws.com/EfileData/XmlFiles/202543149349305759_public.xml,"<BusinessNameLine1Txt>Model Evaluation and Threat Research</BusinessNameLine1Txt>
        </RecipientBusinessName>
        <USAddress>
          <AddressLine1Txt>440 N Barranca Ave 3345</AddressLine1Txt>
          <CityNm>Covina</CityNm>
          <StateAbbreviationCd>CA</StateAbbreviationCd>
      ",2026-09-16T10:07:40Z,1 METR grant-schedule line; CashGrantAmt=20000,1,"TY2025 Form 990/990-PF original due 2026-05-15, commonly extended to 2026-11-16",Calendar year of the 990 is not a bank date. Public Schedule B contributor names are RESTRICTED on Form 990. money_type=filed_grant; not summed with recommendations or ledger paid_grant. Sponsor does not disclose the DAF account principal or adviser. Not a full MD11 DAF-sponsor sweep.,"This-lane re-fetch of held MDF0037 / MD11-daf-filed-grants.csv#1 / STATE $20,000. Not a new discovery. Primary research/primary/MD22-intermediary-returns/gt-xml-202543149349305759.xml-20260916T100418Z. Filer EIN 20-5205488."
23,A,MDS,C02.E3;C02.E5;C06.E1,Vanguard Charitable Endowment Program FY2021 (2020-07-01 to 2021-06-30) grant schedule vs METR,DAF sponsor,Vanguard Charitable Endowment Program,EIN 23-2888152; object 202211339349310116,Vanguard Charitable Endowment Program,Vanguard Charitable Endowment Program,Model Evaluation and Threat Research,,2020-07-01,2021-06-30,,,,,2021-06-30,year,FY2021 (2020-07-01 to 2021-06-30),,,,,,,,,,,,,,DAF sponsor filings,GET GT XML 202211339349310116; Schedule I RecipientTable / 990-PF GrantOrContributionPdDurYrGrp filter RecipientEIN 991219864 OR BusinessNameLine1Txt MODEL EVALUATION AND THREAT RESEARCH,https://gt990datalake-rawdata.s3.amazonaws.com/EfileData/XmlFiles/202211339349310116_public.xml,"<TaxPeriodBeginDt>2020-07-01</TaxPeriodBeginDt>
    <Filer>
      <EIN>232888152</EIN>
      <BusinessName>
        <BusinessNameLine1Txt>Vanguard Charitable Endowment Program</BusinessNameLine1Txt>
      </BusinessName>
      <InCareOfNm>% MARK FROEHLICH</InCareOfNm>
      <BusinessNameControlTxt>V",2026-09-16T10:04:49Z,none found in Vanguard Charitable Endowment Program FY2021 (2020-07-01 to 2021-06-30) XML object 202211339349310116 as of 2026-09-16T10:04:49Z for a METR/EIN 99-1219864 grant line,0,FY2026 Form 990 original due 2026-11-16 (15th day of 5th month after 2026-06-30),19509 grant-schedule rows scanned. Sub-threshold or renamed grants would not match. Keep ARC vs METR unmerged.,This-lane XML research/primary/MD22-intermediary-returns/gt-xml-202211339349310116.xml-20260916T100418Z. Overlap with MD09/MD10/MD11 cited rather than treated as a new discovery where those lanes already recorded this year. Fidelity/Schwab/NPT remainder stays cited in MD11.
24,A,MDS,C02.E3;C02.E5;C06.E1,Vanguard Charitable Endowment Program FY2022 (2021-07-01 to 2022-06-30) grant schedule vs METR,DAF sponsor,Vanguard Charitable Endowment Program,EIN 23-2888152; object 202331359349303108,Vanguard Charitable Endowment Program,Vanguard Charitable Endowment Program,Model Evaluation and Threat Research,,2021-07-01,2022-06-30,,,,,2022-06-30,year,FY2022 (2021-07-01 to 2022-06-30),,,,,,,,,,,,,,DAF sponsor filings,GET GT XML 202331359349303108; Schedule I RecipientTable / 990-PF GrantOrContributionPdDurYrGrp filter RecipientEIN 991219864 OR BusinessNameLine1Txt MODEL EVALUATION AND THREAT RESEARCH,https://gt990datalake-rawdata.s3.amazonaws.com/EfileData/XmlFiles/202331359349303108_public.xml,"<TaxPeriodBeginDt>2021-07-01</TaxPeriodBeginDt>
    <Filer>
      <EIN>232888152</EIN>
      <BusinessName>
        <BusinessNameLine1Txt>Vanguard Charitable Endowment Program</BusinessNameLine1Txt>
      </BusinessName>
      <InCareOfNm>% MARK FROEHLICH</InCareOfNm>
      <BusinessNameControlTxt>V",2026-09-16T10:05:47Z,none found in Vanguard Charitable Endowment Program FY2022 (2021-07-01 to 2022-06-30) XML object 202331359349303108 as of 2026-09-16T10:05:47Z for a METR/EIN 99-1219864 grant line,0,FY2026 Form 990 original due 2026-11-16 (15th day of 5th month after 2026-06-30),21567 grant-schedule rows scanned. Sub-threshold or renamed grants would not match. Keep ARC vs METR unmerged.,This-lane XML research/primary/MD22-intermediary-returns/gt-xml-202331359349303108.xml-20260916T100418Z. Overlap with MD09/MD10/MD11 cited rather than treated as a new discovery where those lanes already recorded this year. Fidelity/Schwab/NPT remainder stays cited in MD11.
25,A,MDS,C02.E3;C02.E5;C06.E1,Vanguard Charitable Endowment Program FY2023 (2022-07-01 to 2023-06-30) grant schedule vs METR,DAF sponsor,Vanguard Charitable Endowment Program,EIN 23-2888152; object 202441359349309439,Vanguard Charitable Endowment Program,Vanguard Charitable Endowment Program,Model Evaluation and Threat Research,,2022-07-01,2023-06-30,,,,,2023-06-30,year,FY2023 (2022-07-01 to 2023-06-30),,,,,,,,,,,,,,DAF sponsor filings,GET GT XML 202441359349309439; Schedule I RecipientTable / 990-PF GrantOrContributionPdDurYrGrp filter RecipientEIN 991219864 OR BusinessNameLine1Txt MODEL EVALUATION AND THREAT RESEARCH,https://gt990datalake-rawdata.s3.amazonaws.com/EfileData/XmlFiles/202441359349309439_public.xml,"<TaxPeriodBeginDt>2022-07-01</TaxPeriodBeginDt>
    <Filer>
      <EIN>232888152</EIN>
      <BusinessName>
        <BusinessNameLine1Txt>VANGUARD CHARITABLE ENDOWMENT PROGRAM</BusinessNameLine1Txt>
      </BusinessName>
      <InCareOfNm>% MARK FROEHLICH</InCareOfNm>
      <BusinessNameControlTxt>V",2026-09-16T10:06:39Z,none found in Vanguard Charitable Endowment Program FY2023 (2022-07-01 to 2023-06-30) XML object 202441359349309439 as of 2026-09-16T10:06:39Z for a METR/EIN 99-1219864 grant line,0,FY2026 Form 990 original due 2026-11-16 (15th day of 5th month after 2026-06-30),"21288 grant-schedule rows scanned. ARC-only line(s) kept on ARC, not typed as METR: ALIGNMENT RESEARCH CENTER Amt 201000 purpose FOR RECIPIENT'S EXEMPT PURPOSE. Sub-threshold or renamed grants would not match. Keep ARC vs METR unmerged.",This-lane XML research/primary/MD22-intermediary-returns/gt-xml-202441359349309439.xml-20260916T100418Z. Overlap with MD09/MD10/MD11 cited rather than treated as a new discovery where those lanes already recorded this year. Fidelity/Schwab/NPT remainder stays cited in MD11.
26,A,MDS,C02.E3;C02.E5;C06.E1,Vanguard Charitable Endowment Program FY2024 (2023-07-01 to 2024-06-30) grant schedule vs METR,DAF sponsor,Vanguard Charitable Endowment Program,EIN 23-2888152; object 202511349349313096,Vanguard Charitable Endowment Program,Vanguard Charitable Endowment Program,Model Evaluation and Threat Research,,2023-07-01,2024-06-30,,,,,2024-06-30,year,FY2024 (2023-07-01 to 2024-06-30),,,,,,,,,,,,,,DAF sponsor filings,GET GT XML 202511349349313096; Schedule I RecipientTable / 990-PF GrantOrContributionPdDurYrGrp filter RecipientEIN 991219864 OR BusinessNameLine1Txt MODEL EVALUATION AND THREAT RESEARCH,https://gt990datalake-rawdata.s3.amazonaws.com/EfileData/XmlFiles/202511349349313096_public.xml,"<TaxPeriodBeginDt>2023-07-01</TaxPeriodBeginDt>
    <Filer>
      <EIN>232888152</EIN>
      <BusinessName>
        <BusinessNameLine1Txt>VANGUARD CHARITABLE ENDOWMENT PROGRAM</BusinessNameLine1Txt>
      </BusinessName>
      <InCareOfNm>% MARK FROEHLICH</InCareOfNm>
      <BusinessNameControlTxt>V",2026-09-16T10:07:54Z,none found in Vanguard Charitable Endowment Program FY2024 (2023-07-01 to 2024-06-30) XML object 202511349349313096 as of 2026-09-16T10:07:54Z for a METR/EIN 99-1219864 grant line,0,FY2026 Form 990 original due 2026-11-16 (15th day of 5th month after 2026-06-30),"24302 grant-schedule rows scanned. ARC-only line(s) kept on ARC, not typed as METR: ALIGNMENT RESEARCH CENTER Amt 1000000 purpose FOR RECIPIENT'S EXEMPT PURPOSE. Sub-threshold or renamed grants would not match. Keep ARC vs METR unmerged.",This-lane XML research/primary/MD22-intermediary-returns/gt-xml-202511349349313096.xml-20260916T100418Z. Overlap with MD09/MD10/MD11 cited rather than treated as a new discovery where those lanes already recorded this year. Fidelity/Schwab/NPT remainder stays cited in MD11.
27,A,MDF,C02.E3;C02.E5;C06.E1,Vanguard Charitable FY2025 Schedule I cash grant to METR,DAF sponsor,Vanguard Charitable Endowment Program,EIN 23-2888152; object 202621329349306657,Vanguard Charitable Endowment Program,Vanguard Charitable Endowment Program,MODEL EVALUATION AND THREAT RESEARCH,DAF sponsor filed grant,2024-07-01,2025-06-30,,filed_grant,4000000,USD,2025-06-30,interval,FY2025 (2024-07-01 to 2025-06-30),filed as granted,FOR RECIPIENT'S EXEMPT PURPOSE,,,,,,,,,,,yes,DAF sponsor filings,GET ProPublica full_text/202621329349306657/IRS990ScheduleI (GT XML HTTP 404; PP download-xml recorded in Task E); RecipientTable EIN 99-1219864,https://projects.propublica.org/nonprofits/full_text/202621329349306657/IRS990ScheduleI,"RecipientTable[15424]/CashGrantAmt[1]"">4,000,000</span></td>
                  <td class=""sty990ScheduleIColC"" style=""height:auto;border-style: solid; border-color: black;padding-top: 1mm;width: 28mm;font-size:7pt;vertical-align:top""><span style=""color:darkblue;"" id=""/.."">
                         
",2026-09-16T10:08:53Z,1 METR RecipientTable; CashGrantAmt=4000000,1,FY2026 Form 990 original due 2026-11-16 (15th day of 5th month after 2026-06-30),GT S3 XML for object 202621329349306657 HTTP 404 this fetch; ProPublica download-xml blocked. Rendered Schedule I used as working primary. Account principal undisclosed. Not a full MD11 DAF-sponsor sweep.,"This-lane re-fetch of held MDF0038 / MD11-daf-filed-grants.csv#2 / STATE $4,000,000. Not a new discovery. Excerpt research/primary/MD22-intermediary-returns/pp-vanguard-fy2025-schedI-metr-excerpt.html-20260916T100418Z. index_2026 lists OBJECT_ID 202621329349306657 TAX_PERIOD=202506 RETURN_TYPE=990."
28,A,MDS,C02.E3;C06.E1,Centre For Effective Altruism Inc EIN 33-3737390 — no e-file in index_2021..index_2026,grantmaker,CEA Inc,EIN 33-3737390,Centre For Effective Altruism Inc,,,,,,,,,,,,,,,,,,,,,,,,,,IRS TEOS and e-file index,stream index_2021.csv through index_2026.csv filter EIN 333737390,https://apps.irs.gov/pub/epostcard/990/xml/2026/index_2026.csv,"RETURN_ID,FILING_TYPE,EIN,TAX_PERIOD,SUB_DATE,TAXPAYER_NAME,RETURN_TYPE,DLN,OBJECT_ID,XML_BATCH_ID
",2026-09-16T10:04:28Z,none found in IRS e-file index_2021.csv through index_2026.csv for EIN 333737390 as of 2026-09-16T10:04:28Z,0,"first Form 990 after ruling_date 2025-03-01; if calendar TY2025, original due 2026-05-15 commonly extended to 2026-11-16",ProPublica org JSON latest_object_id is the locator; filings_with_data empty if still null. Distinct from EV USA EIN 47-1988398.,Locator research/primary/MD22-intermediary-returns/pp-org-333737390.json-20260916T100418Z. Do not merge CEA Inc with Effective Ventures Foundation USA.
29,A,MDS,C02.E5;C06.E1,Longview Philanthropy USA Inc — no e-file before TY2024 in index_2021..index_2026,foundation,Longview Philanthropy USA,EIN 93-2664730,Longview Philanthropy USA Inc,,,,,,,,,,,,,,,,,,,,,,,,,,IRS TEOS and e-file index,stream index_2021.csv through index_2026.csv filter EIN 932664730,https://apps.irs.gov/pub/epostcard/990/xml/2025/index_2025.csv,"932664730,202412,2025,LONGVIEW PHILANTHROPY USA INC,990,93493317042655,202503179349304265,2025_TEOS_XML_11A
23451879,EFILE,232888152,202406,2025,VANGUARD CHARITABLE ENDOWMENT PROGRAM,990,93493134130965,202511349349313096,2025_TEOS_XML_05A
23506036,EFILE,461008520,202406,2025,GOOD VENTURES FOUNDATION",2026-09-16T10:12:54Z,none found in IRS e-file indexes for EIN 932664730 other than the TY2024 object(s) recovered this fetch as of 2026-09-16T10:12:54Z,1,"TY2025 Form 990/990-PF original due 2026-05-15, commonly extended to 2026-11-16",Ruling date 2024-02-01 so TY2024 is the first 990 year. Cite MD10#13 / MDE0032; not recopied as a new discovery of the legal-filer split.,Index hit file research/primary/MD22-intermediary-returns/irs-index-2025-intermediary-hits.csv-20260916T100418Z
30,B,MDF,C06.E1,Founders Pledge Inc TY2024 (2024-01-01 to 2024-12-31) reported total revenue (not a METR grant),grantmaker,,EIN 37-1795297; object 202523079349303352,contributors to Founders Pledge Inc (see Schedule B rows),Founders Pledge Inc,,,,,,,144636466,USD,2024-12-31,interval,TY2024 (2024-01-01 to 2024-12-31),filed total revenue,,,,,,,,,,,,,funder filings,GET GT XML 202523079349303352; Return CYTotalRevenueAmt / ContriRcvdRevAndExpnssAmt,https://gt990datalake-rawdata.s3.amazonaws.com/EfileData/XmlFiles/202523079349303352_public.xml,"<CYTotalRevenueAmt>144636466</CYTotalRevenueAmt>
      <PYGrantsAndSimilarPaidAmt>0</PYGrantsAndSimilarPaidAmt>
      <CYGrantsAndSimilarPaidAmt>30147500</CYGrantsAndSimilarPaidAmt>
      <PYBenefitsPaidToMembersAmt>0</PYBenefitsPaidToMembersAmt>
      <CYBenefitsPaidToMembersAmt>0</CYBenefitsPaidTo",2026-09-16T10:07:30Z,own revenue CYTotalRevenueAmt/ContriRcvdRevAndExpnssAmt=144636466; not a METR grant,1,,"This is the intermediary's own revenue, not a payment to METR. Do not sum with grant-schedule METR lines. money_type left empty: a filer's revenue total is not a funding event to METR.",Separate proposition from Task A intermediary-to-METR rows. Primary research/primary/MD22-intermediary-returns/gt-xml-202523079349303352.xml-20260916T100418Z.
31,B,MDS,C06.E1,Founders Pledge Inc TY2024 (2024-01-01 to 2024-12-31) Schedule B named payers,grantmaker,,EIN 37-1795297; object 202523079349303352,,Founders Pledge Inc,,,,,,,,,,,,,,,,,,,,,,,,,funder filings,GET GT XML 202523079349303352; IRS990ScheduleB ContributorInformationGrp ContributorNum,https://gt990datalake-rawdata.s3.amazonaws.com/EfileData/XmlFiles/202523079349303352_public.xml,"<ContributorNum>RESTRICTED</ContributorNum>
        <ContributorBusinessName>
          <BusinessNameLine1>RESTRICTED</BusinessNameLine1>
        </ContributorBusinessName>
        <ContributorUSAddress>
          <AddressLine1>RESTRICTED</AddressLine1>
          <AddressLine2>RESTRICTED</AddressLin",2026-09-16T10:07:30Z,none found in Founders Pledge Inc TY2024 (2024-01-01 to 2024-12-31) Form 990 Schedule B public copy object 202523079349303352 as of 2026-09-16T10:07:30Z for a named payer (ContributorNum=RESTRICTED),0,unredacted Schedule B is not a public e-file field,Public 990 Schedule B names are restricted. Named payers into this filer are not recoverable from this public XML.,"Payer-into-intermediary negative, not an intermediary-to-METR grant."
32,B,MDF,C02.E5;C06.E1,"FIDELITY INVESTMENTS CHARITABLE GIFT FUND contribution into Founders Pledge Inc (payer-into-intermediary, not METR)",grantmaker,,object 202402359349100515,FIDELITY INVESTMENTS CHARITABLE GIFT FUND,Founders Pledge Inc,,named contributor into intermediary,2023-01-01,2023-12-31,,transfer,511736,USD,2023-12-31,year,TY2023 (2023-01-01 to 2023-12-31),,,,,,,,,,,,,yes,funder filings,GET GT XML 202402359349100515; ContributorInformationGrp FIDELITY INVESTMENTS CHARITABLE GIFT FUND,https://gt990datalake-rawdata.s3.amazonaws.com/EfileData/XmlFiles/202402359349100515_public.xml,"<BusinessNameLine1Txt>FIDELITY INVESTMENTS CHARITABLE GIFT FUND</BusinessNameLine1Txt>
        </ContributorBusinessName>
        <ContributorUSAddress>
          <AddressLine1Txt>200 SEAPORT BOULEVARD</AddressLine1Txt>
          <CityNm>BOSTON</CityNm>
          <StateAbbreviationCd>MA</StateAbbrev",2026-09-16T10:07:20Z,named contributor TotalContributionsAmt=511736 FIDELITY INVESTMENTS CHARITABLE GIFT FUND into Founders Pledge Inc,1,,"Payer-into-intermediary, not intermediary-to-METR. Do not deanonymize a DAF adviser. Natural-person Schedule B names on 990-PF are not copied. Not summed with METR filed_grant rows. Keep legal filers unmerged.",Primary research/primary/MD22-intermediary-returns/gt-xml-202402359349100515.xml-20260916T100418Z.
33,B,MDF,C02.E5;C06.E1,"EVERYORG contribution into Founders Pledge Inc (payer-into-intermediary, not METR)",grantmaker,,object 202402359349100515,EVERYORG,Founders Pledge Inc,,named contributor into intermediary,2023-01-01,2023-12-31,,transfer,1246087,USD,2023-12-31,year,TY2023 (2023-01-01 to 2023-12-31),,,,,,,,,,,,,yes,funder filings,GET GT XML 202402359349100515; ContributorInformationGrp EVERYORG,https://gt990datalake-rawdata.s3.amazonaws.com/EfileData/XmlFiles/202402359349100515_public.xml,"<BusinessNameLine1Txt>EVERYORG</BusinessNameLine1Txt>
        </ContributorBusinessName>
        <ContributorUSAddress>
          <AddressLine1Txt>58 WEST PORTAL AVE 781</AddressLine1Txt>
          <CityNm>SAN FRANCISCO</CityNm>
          <StateAbbreviationCd>CA</StateAbbreviationCd>
          <ZIPC",2026-09-16T10:07:20Z,named contributor TotalContributionsAmt=1246087 EVERYORG into Founders Pledge Inc,1,,"Payer-into-intermediary, not intermediary-to-METR. Do not deanonymize a DAF adviser. Natural-person Schedule B names on 990-PF are not copied. Not summed with METR filed_grant rows. Keep legal filers unmerged.",Primary research/primary/MD22-intermediary-returns/gt-xml-202402359349100515.xml-20260916T100418Z.
34,B,MDF,C02.E5;C06.E1,"VANGUARD CHARITABLE contribution into Founders Pledge Inc (payer-into-intermediary, not METR)",grantmaker,,object 202402359349100515,VANGUARD CHARITABLE,Founders Pledge Inc,,named contributor into intermediary,2023-01-01,2023-12-31,,transfer,34273,USD,2023-12-31,year,TY2023 (2023-01-01 to 2023-12-31),,,,,,,,,,,,,yes,funder filings,GET GT XML 202402359349100515; ContributorInformationGrp VANGUARD CHARITABLE,https://gt990datalake-rawdata.s3.amazonaws.com/EfileData/XmlFiles/202402359349100515_public.xml,"<BusinessNameLine1Txt>VANGUARD CHARITABLE</BusinessNameLine1Txt>
        </ContributorBusinessName>
        <ContributorUSAddress>
          <AddressLine1Txt>PO BOX 9509</AddressLine1Txt>
          <CityNm>WARWICK</CityNm>
          <StateAbbreviationCd>RI</StateAbbreviationCd>
          <ZIPCd>0288",2026-09-16T10:07:20Z,named contributor TotalContributionsAmt=34273 VANGUARD CHARITABLE into Founders Pledge Inc,1,,"Payer-into-intermediary, not intermediary-to-METR. Do not deanonymize a DAF adviser. Natural-person Schedule B names on 990-PF are not copied. Not summed with METR filed_grant rows. Keep legal filers unmerged.",Primary research/primary/MD22-intermediary-returns/gt-xml-202402359349100515.xml-20260916T100418Z.
35,B,MDF,C02.E5;C06.E1,"FOUNDERS PLEDGE LTD contribution into Founders Pledge Inc (payer-into-intermediary, not METR)",grantmaker,,object 202402359349100515,FOUNDERS PLEDGE LTD,Founders Pledge Inc,,named contributor into intermediary,2023-01-01,2023-12-31,,transfer,3138047,USD,2023-12-31,year,TY2023 (2023-01-01 to 2023-12-31),,,,,,,,,,,,,yes,funder filings,GET GT XML 202402359349100515; ContributorInformationGrp FOUNDERS PLEDGE LTD,https://gt990datalake-rawdata.s3.amazonaws.com/EfileData/XmlFiles/202402359349100515_public.xml,"<BusinessNameLine1Txt>FOUNDERS PLEDGE LTD</BusinessNameLine1Txt>
        </ContributorBusinessName>
        <ContributorForeignAddress>
          <AddressLine1Txt>RUNWAY EAST BOROUGH MARKET 20 ST TH</AddressLine1Txt>
          <CityNm>LONDON</CityNm>
          <CountryCd>UK</CountryCd>
          <Fo",2026-09-16T10:07:20Z,named contributor TotalContributionsAmt=3138047 FOUNDERS PLEDGE LTD into Founders Pledge Inc,1,,"Payer-into-intermediary, not intermediary-to-METR. Do not deanonymize a DAF adviser. Natural-person Schedule B names on 990-PF are not copied. Not summed with METR filed_grant rows. Keep legal filers unmerged.",Primary research/primary/MD22-intermediary-returns/gt-xml-202402359349100515.xml-20260916T100418Z.
36,B,MDF,C02.E5;C06.E1,"SCHWAB CHARITABLE FUND contribution into Founders Pledge Inc (payer-into-intermediary, not METR)",grantmaker,,object 202402359349100515,SCHWAB CHARITABLE FUND,Founders Pledge Inc,,named contributor into intermediary,2023-01-01,2023-12-31,,transfer,114101,USD,2023-12-31,year,TY2023 (2023-01-01 to 2023-12-31),,,,,,,,,,,,,yes,funder filings,GET GT XML 202402359349100515; ContributorInformationGrp SCHWAB CHARITABLE FUND,https://gt990datalake-rawdata.s3.amazonaws.com/EfileData/XmlFiles/202402359349100515_public.xml,"<BusinessNameLine1Txt>SCHWAB CHARITABLE FUND</BusinessNameLine1Txt>
        </ContributorBusinessName>
        <ContributorUSAddress>
          <AddressLine1Txt>211 MAIN STREET</AddressLine1Txt>
          <CityNm>SAN FRANCISCO</CityNm>
          <StateAbbreviationCd>CA</StateAbbreviationCd>
        ",2026-09-16T10:07:20Z,named contributor TotalContributionsAmt=114101 SCHWAB CHARITABLE FUND into Founders Pledge Inc,1,,"Payer-into-intermediary, not intermediary-to-METR. Do not deanonymize a DAF adviser. Natural-person Schedule B names on 990-PF are not copied. Not summed with METR filed_grant rows. Keep legal filers unmerged.",Primary research/primary/MD22-intermediary-returns/gt-xml-202402359349100515.xml-20260916T100418Z.
37,B,MDF,C02.E5;C06.E1,"EFFECTIVE VENTURES FOUNDATION contribution into Founders Pledge Inc (payer-into-intermediary, not METR)",grantmaker,,object 202402359349100515,EFFECTIVE VENTURES FOUNDATION,Founders Pledge Inc,,named contributor into intermediary,2023-01-01,2023-12-31,,transfer,1060136,USD,2023-12-31,year,TY2023 (2023-01-01 to 2023-12-31),,,,,,,,,,,,,yes,funder filings,GET GT XML 202402359349100515; ContributorInformationGrp EFFECTIVE VENTURES FOUNDATION,https://gt990datalake-rawdata.s3.amazonaws.com/EfileData/XmlFiles/202402359349100515_public.xml,"<BusinessNameLine1Txt>EFFECTIVE VENTURES FOUNDATION</BusinessNameLine1Txt>
        </ContributorBusinessName>
        <ContributorUSAddress>
          <AddressLine1Txt>2443 FILLMORE ST 380-16662</AddressLine1Txt>
          <CityNm>SAN FRANCISCO</CityNm>
          <StateAbbreviationCd>CA</StateAbbrev",2026-09-16T10:07:20Z,named contributor TotalContributionsAmt=1060136 EFFECTIVE VENTURES FOUNDATION into Founders Pledge Inc,1,,"Payer-into-intermediary, not intermediary-to-METR. Do not deanonymize a DAF adviser. Natural-person Schedule B names on 990-PF are not copied. Not summed with METR filed_grant rows. Keep legal filers unmerged.",Primary research/primary/MD22-intermediary-returns/gt-xml-202402359349100515.xml-20260916T100418Z.
38,B,MDF,C02.E5;C06.E1,"SILICON VALLEY COMMUNITY FOUNDATION contribution into Founders Pledge Inc (payer-into-intermediary, not METR)",grantmaker,,object 202402359349100515,SILICON VALLEY COMMUNITY FOUNDATION,Founders Pledge Inc,,named contributor into intermediary,2023-01-01,2023-12-31,,transfer,1702000,USD,2023-12-31,year,TY2023 (2023-01-01 to 2023-12-31),,,,,,,,,,,,,yes,funder filings,GET GT XML 202402359349100515; ContributorInformationGrp SILICON VALLEY COMMUNITY FOUNDATION,https://gt990datalake-rawdata.s3.amazonaws.com/EfileData/XmlFiles/202402359349100515_public.xml,"<BusinessNameLine1Txt>SILICON VALLEY COMMUNITY FOUNDATION</BusinessNameLine1Txt>
        </ContributorBusinessName>
        <ContributorUSAddress>
          <AddressLine1Txt>2440 WEST EL CAMINO REAL STE 300</AddressLine1Txt>
          <CityNm>MOUNTAIN VIEW</CityNm>
          <StateAbbreviationCd>CA<",2026-09-16T10:07:20Z,named contributor TotalContributionsAmt=1702000 SILICON VALLEY COMMUNITY FOUNDATION into Founders Pledge Inc,1,,"Payer-into-intermediary, not intermediary-to-METR. Do not deanonymize a DAF adviser. Natural-person Schedule B names on 990-PF are not copied. Not summed with METR filed_grant rows. Keep legal filers unmerged.",Primary research/primary/MD22-intermediary-returns/gt-xml-202402359349100515.xml-20260916T100418Z.
39,B,MDF,C02.E5;C06.E1,"FOUNDERS PLEDGE GGMBH contribution into Founders Pledge Inc (payer-into-intermediary, not METR)",grantmaker,,object 202402359349100515,FOUNDERS PLEDGE GGMBH,Founders Pledge Inc,,named contributor into intermediary,2023-01-01,2023-12-31,,transfer,449412,USD,2023-12-31,year,TY2023 (2023-01-01 to 2023-12-31),,,,,,,,,,,,,yes,funder filings,GET GT XML 202402359349100515; ContributorInformationGrp FOUNDERS PLEDGE GGMBH,https://gt990datalake-rawdata.s3.amazonaws.com/EfileData/XmlFiles/202402359349100515_public.xml,"<BusinessNameLine1Txt>FOUNDERS PLEDGE GGMBH</BusinessNameLine1Txt>
        </ContributorBusinessName>
        <ContributorForeignAddress>
          <AddressLine1Txt>EFFEKTIV SPENDEN MULLERSTRABE 138D</AddressLine1Txt>
          <CityNm>BERLIN</CityNm>
          <CountryCd>GM</CountryCd>
          <F",2026-09-16T10:07:20Z,named contributor TotalContributionsAmt=449412 FOUNDERS PLEDGE GGMBH into Founders Pledge Inc,1,,"Payer-into-intermediary, not intermediary-to-METR. Do not deanonymize a DAF adviser. Natural-person Schedule B names on 990-PF are not copied. Not summed with METR filed_grant rows. Keep legal filers unmerged.",Primary research/primary/MD22-intermediary-returns/gt-xml-202402359349100515.xml-20260916T100418Z.
40,B,MDF,C02.E5;C06.E1,"BANK OF AMERICA CHARITABLE GIFT FUND contribution into Founders Pledge Inc (payer-into-intermediary, not METR)",grantmaker,,object 202402359349100515,BANK OF AMERICA CHARITABLE GIFT FUND,Founders Pledge Inc,,named contributor into intermediary,2023-01-01,2023-12-31,,transfer,7500,USD,2023-12-31,year,TY2023 (2023-01-01 to 2023-12-31),,,,,,,,,,,,,yes,funder filings,GET GT XML 202402359349100515; ContributorInformationGrp BANK OF AMERICA CHARITABLE GIFT FUND,https://gt990datalake-rawdata.s3.amazonaws.com/EfileData/XmlFiles/202402359349100515_public.xml,"<BusinessNameLine1Txt>BANK OF AMERICA CHARITABLE GIFT FUND</BusinessNameLine1Txt>
        </ContributorBusinessName>
        <ContributorUSAddress>
          <AddressLine1Txt>100 FEDERAL ST</AddressLine1Txt>
          <CityNm>BOSTON</CityNm>
          <StateAbbreviationCd>MA</StateAbbreviationCd>
  ",2026-09-16T10:07:20Z,named contributor TotalContributionsAmt=7500 BANK OF AMERICA CHARITABLE GIFT FUND into Founders Pledge Inc,1,,"Payer-into-intermediary, not intermediary-to-METR. Do not deanonymize a DAF adviser. Natural-person Schedule B names on 990-PF are not copied. Not summed with METR filed_grant rows. Keep legal filers unmerged.",Primary research/primary/MD22-intermediary-returns/gt-xml-202402359349100515.xml-20260916T100418Z.
41,B,MDF,C02.E5;C06.E1,"FIDELITY INVESTMENTS CHARITABLE GIFT FUND contribution into Founders Pledge Inc (payer-into-intermediary, not METR)",grantmaker,,object 202301999349100115,FIDELITY INVESTMENTS CHARITABLE GIFT FUND,Founders Pledge Inc,,named contributor into intermediary,2022-01-01,2022-12-31,,transfer,1440450,USD,2022-12-31,year,TY2022 (2022-01-01 to 2022-12-31),,,,,,,,,,,,,yes,funder filings,GET GT XML 202301999349100115; ContributorInformationGrp FIDELITY INVESTMENTS CHARITABLE GIFT FUND,https://gt990datalake-rawdata.s3.amazonaws.com/EfileData/XmlFiles/202301999349100115_public.xml,"<BusinessNameLine1Txt>FIDELITY INVESTMENTS CHARITABLE GIFT FUND</BusinessNameLine1Txt>
        </ContributorBusinessName>
        <ContributorUSAddress>
          <AddressLine1Txt>200 SEAPORT BOULEVARD</AddressLine1Txt>
          <CityNm>BOSTON</CityNm>
          <StateAbbreviationCd>MA</StateAbbrev",2026-09-16T10:06:22Z,named contributor TotalContributionsAmt=1440450 FIDELITY INVESTMENTS CHARITABLE GIFT FUND into Founders Pledge Inc,1,,"Payer-into-intermediary, not intermediary-to-METR. Do not deanonymize a DAF adviser. Natural-person Schedule B names on 990-PF are not copied. Not summed with METR filed_grant rows. Keep legal filers unmerged.",Primary research/primary/MD22-intermediary-returns/gt-xml-202301999349100115.xml-20260916T100418Z.
42,B,MDF,C02.E5;C06.E1,"EVERYORG contribution into Founders Pledge Inc (payer-into-intermediary, not METR)",grantmaker,,object 202301999349100115,EVERYORG,Founders Pledge Inc,,named contributor into intermediary,2022-01-01,2022-12-31,,transfer,525370,USD,2022-12-31,year,TY2022 (2022-01-01 to 2022-12-31),,,,,,,,,,,,,yes,funder filings,GET GT XML 202301999349100115; ContributorInformationGrp EVERYORG,https://gt990datalake-rawdata.s3.amazonaws.com/EfileData/XmlFiles/202301999349100115_public.xml,"<BusinessNameLine1Txt>EVERYORG</BusinessNameLine1Txt>
        </ContributorBusinessName>
        <ContributorUSAddress>
          <AddressLine1Txt>2021 FILLMORE ST 20</AddressLine1Txt>
          <CityNm>SAN FRANCISCO</CityNm>
          <StateAbbreviationCd>CA</StateAbbreviationCd>
          <ZIPCd>9",2026-09-16T10:06:22Z,named contributor TotalContributionsAmt=525370 EVERYORG into Founders Pledge Inc,1,,"Payer-into-intermediary, not intermediary-to-METR. Do not deanonymize a DAF adviser. Natural-person Schedule B names on 990-PF are not copied. Not summed with METR filed_grant rows. Keep legal filers unmerged.",Primary research/primary/MD22-intermediary-returns/gt-xml-202301999349100115.xml-20260916T100418Z.
43,B,MDF,C02.E5;C06.E1,"VANGUARD CHARITABLE contribution into Founders Pledge Inc (payer-into-intermediary, not METR)",grantmaker,,object 202301999349100115,VANGUARD CHARITABLE,Founders Pledge Inc,,named contributor into intermediary,2022-01-01,2022-12-31,,transfer,177685,USD,2022-12-31,year,TY2022 (2022-01-01 to 2022-12-31),,,,,,,,,,,,,yes,funder filings,GET GT XML 202301999349100115; ContributorInformationGrp VANGUARD CHARITABLE,https://gt990datalake-rawdata.s3.amazonaws.com/EfileData/XmlFiles/202301999349100115_public.xml,"<BusinessNameLine1Txt>VANGUARD CHARITABLE</BusinessNameLine1Txt>
        </ContributorBusinessName>
        <ContributorUSAddress>
          <AddressLine1Txt>PO BOX 9509</AddressLine1Txt>
          <CityNm>WARWICK</CityNm>
          <StateAbbreviationCd>RI</StateAbbreviationCd>
          <ZIPCd>0288",2026-09-16T10:06:22Z,named contributor TotalContributionsAmt=177685 VANGUARD CHARITABLE into Founders Pledge Inc,1,,"Payer-into-intermediary, not intermediary-to-METR. Do not deanonymize a DAF adviser. Natural-person Schedule B names on 990-PF are not copied. Not summed with METR filed_grant rows. Keep legal filers unmerged.",Primary research/primary/MD22-intermediary-returns/gt-xml-202301999349100115.xml-20260916T100418Z.
44,B,MDF,C02.E5;C06.E1,"FOUNDERS PLEDGE LTD contribution into Founders Pledge Inc (payer-into-intermediary, not METR)",grantmaker,,object 202301999349100115,FOUNDERS PLEDGE LTD,Founders Pledge Inc,,named contributor into intermediary,2022-01-01,2022-12-31,,transfer,69524,USD,2022-12-31,year,TY2022 (2022-01-01 to 2022-12-31),,,,,,,,,,,,,yes,funder filings,GET GT XML 202301999349100115; ContributorInformationGrp FOUNDERS PLEDGE LTD,https://gt990datalake-rawdata.s3.amazonaws.com/EfileData/XmlFiles/202301999349100115_public.xml,"<BusinessNameLine1Txt>FOUNDERS PLEDGE LTD</BusinessNameLine1Txt>
          </RecipientBusinessName>
          <RecipientForeignAddress>
            <AddressLine1Txt>RUNWAY EAST NEW CITY COURT 20 ST</AddressLine1Txt>
            <AddressLine2Txt>THOMAS STREET</AddressLine2Txt>
            <CityNm>LON",2026-09-16T10:06:22Z,named contributor TotalContributionsAmt=69524 FOUNDERS PLEDGE LTD into Founders Pledge Inc,1,,"Payer-into-intermediary, not intermediary-to-METR. Do not deanonymize a DAF adviser. Natural-person Schedule B names on 990-PF are not copied. Not summed with METR filed_grant rows. Keep legal filers unmerged.",Primary research/primary/MD22-intermediary-returns/gt-xml-202301999349100115.xml-20260916T100418Z.
45,B,MDF,C02.E5;C06.E1,"SCHWAB CHARITABLE FUND contribution into Founders Pledge Inc (payer-into-intermediary, not METR)",grantmaker,,object 202301999349100115,SCHWAB CHARITABLE FUND,Founders Pledge Inc,,named contributor into intermediary,2022-01-01,2022-12-31,,transfer,14079,USD,2022-12-31,year,TY2022 (2022-01-01 to 2022-12-31),,,,,,,,,,,,,yes,funder filings,GET GT XML 202301999349100115; ContributorInformationGrp SCHWAB CHARITABLE FUND,https://gt990datalake-rawdata.s3.amazonaws.com/EfileData/XmlFiles/202301999349100115_public.xml,"<BusinessNameLine1Txt>SCHWAB CHARITABLE FUND</BusinessNameLine1Txt>
        </ContributorBusinessName>
        <ContributorUSAddress>
          <AddressLine1Txt>211 MAIN STREET</AddressLine1Txt>
          <CityNm>SAN FRANCISCO</CityNm>
          <StateAbbreviationCd>CA</StateAbbreviationCd>
        ",2026-09-16T10:06:22Z,named contributor TotalContributionsAmt=14079 SCHWAB CHARITABLE FUND into Founders Pledge Inc,1,,"Payer-into-intermediary, not intermediary-to-METR. Do not deanonymize a DAF adviser. Natural-person Schedule B names on 990-PF are not copied. Not summed with METR filed_grant rows. Keep legal filers unmerged.",Primary research/primary/MD22-intermediary-returns/gt-xml-202301999349100115.xml-20260916T100418Z.
46,B,MDF,C02.E5;C06.E1,"OPEN PHILANTHROPY PROJECT contribution into Founders Pledge Inc (payer-into-intermediary, not METR)",grantmaker,,object 202232349349100823,OPEN PHILANTHROPY PROJECT,Founders Pledge Inc,,named contributor into intermediary,2021-01-01,2021-12-31,,transfer,1000000,USD,2021-12-31,year,TY2021 (2021-01-01 to 2021-12-31),,,,,,,,,,,,,yes,funder filings,GET GT XML 202232349349100823; ContributorInformationGrp OPEN PHILANTHROPY PROJECT,https://gt990datalake-rawdata.s3.amazonaws.com/EfileData/XmlFiles/202232349349100823_public.xml,"<BusinessNameLine1Txt>OPEN PHILANTHROPY PROJECT</BusinessNameLine1Txt>
        </ContributorBusinessName>
        <ContributorUSAddress>
          <AddressLine1Txt>182 HOWARD STREET 225</AddressLine1Txt>
          <CityNm>SAN FRANCISCO</CityNm>
          <StateAbbreviationCd>CA</StateAbbreviationCd>",2026-09-16T10:05:37Z,named contributor TotalContributionsAmt=1000000 OPEN PHILANTHROPY PROJECT into Founders Pledge Inc,1,,"Payer-into-intermediary, not intermediary-to-METR. Do not deanonymize a DAF adviser. Natural-person Schedule B names on 990-PF are not copied. Not summed with METR filed_grant rows. Keep legal filers unmerged.",Primary research/primary/MD22-intermediary-returns/gt-xml-202232349349100823.xml-20260916T100418Z.
47,B,MDF,C02.E5;C06.E1,"VANGUARD CHARITABLE contribution into Founders Pledge Inc (payer-into-intermediary, not METR)",grantmaker,,object 202232349349100823,VANGUARD CHARITABLE,Founders Pledge Inc,,named contributor into intermediary,2021-01-01,2021-12-31,,transfer,325000,USD,2021-12-31,year,TY2021 (2021-01-01 to 2021-12-31),,,,,,,,,,,,,yes,funder filings,GET GT XML 202232349349100823; ContributorInformationGrp VANGUARD CHARITABLE,https://gt990datalake-rawdata.s3.amazonaws.com/EfileData/XmlFiles/202232349349100823_public.xml,"<BusinessNameLine1Txt>VANGUARD CHARITABLE</BusinessNameLine1Txt>
        </ContributorBusinessName>
        <ContributorUSAddress>
          <AddressLine1Txt>PO BOX 5909</AddressLine1Txt>
          <CityNm>WARWICK</CityNm>
          <StateAbbreviationCd>RI</StateAbbreviationCd>
          <ZIPCd>0288",2026-09-16T10:05:37Z,named contributor TotalContributionsAmt=325000 VANGUARD CHARITABLE into Founders Pledge Inc,1,,"Payer-into-intermediary, not intermediary-to-METR. Do not deanonymize a DAF adviser. Natural-person Schedule B names on 990-PF are not copied. Not summed with METR filed_grant rows. Keep legal filers unmerged.",Primary research/primary/MD22-intermediary-returns/gt-xml-202232349349100823.xml-20260916T100418Z.
48,B,MDF,C02.E5;C06.E1,"EVERYORG contribution into Founders Pledge Inc (payer-into-intermediary, not METR)",grantmaker,,object 202232349349100823,EVERYORG,Founders Pledge Inc,,named contributor into intermediary,2021-01-01,2021-12-31,,transfer,586327,USD,2021-12-31,year,TY2021 (2021-01-01 to 2021-12-31),,,,,,,,,,,,,yes,funder filings,GET GT XML 202232349349100823; ContributorInformationGrp EVERYORG,https://gt990datalake-rawdata.s3.amazonaws.com/EfileData/XmlFiles/202232349349100823_public.xml,"<BusinessNameLine1Txt>EVERYORG</BusinessNameLine1Txt>
        </ContributorBusinessName>
        <ContributorUSAddress>
          <AddressLine1Txt>2021 FILLMORE ST SUITE 20</AddressLine1Txt>
          <CityNm>SAN FRANCISCO</CityNm>
          <StateAbbreviationCd>CA</StateAbbreviationCd>
          <Z",2026-09-16T10:05:37Z,named contributor TotalContributionsAmt=586327 EVERYORG into Founders Pledge Inc,1,,"Payer-into-intermediary, not intermediary-to-METR. Do not deanonymize a DAF adviser. Natural-person Schedule B names on 990-PF are not copied. Not summed with METR filed_grant rows. Keep legal filers unmerged.",Primary research/primary/MD22-intermediary-returns/gt-xml-202232349349100823.xml-20260916T100418Z.
49,B,MDF,C02.E5;C06.E1,"FIDELITY CHARITABLE contribution into Founders Pledge Inc (payer-into-intermediary, not METR)",grantmaker,,object 202232349349100823,FIDELITY CHARITABLE,Founders Pledge Inc,,named contributor into intermediary,2021-01-01,2021-12-31,,transfer,483750,USD,2021-12-31,year,TY2021 (2021-01-01 to 2021-12-31),,,,,,,,,,,,,yes,funder filings,GET GT XML 202232349349100823; ContributorInformationGrp FIDELITY CHARITABLE,https://gt990datalake-rawdata.s3.amazonaws.com/EfileData/XmlFiles/202232349349100823_public.xml,"<BusinessNameLine1Txt>FIDELITY CHARITABLE</BusinessNameLine1Txt>
        </ContributorBusinessName>
        <ContributorUSAddress>
          <AddressLine1Txt>PO BOX 770001</AddressLine1Txt>
          <CityNm>CINCINNATI</CityNm>
          <StateAbbreviationCd>OH</StateAbbreviationCd>
          <ZIPCd",2026-09-16T10:05:37Z,named contributor TotalContributionsAmt=483750 FIDELITY CHARITABLE into Founders Pledge Inc,1,,"Payer-into-intermediary, not intermediary-to-METR. Do not deanonymize a DAF adviser. Natural-person Schedule B names on 990-PF are not copied. Not summed with METR filed_grant rows. Keep legal filers unmerged.",Primary research/primary/MD22-intermediary-returns/gt-xml-202232349349100823.xml-20260916T100418Z.
50,B,MDF,C02.E5;C06.E1,"FOUNDERS PLEDGE GGMBH contribution into Founders Pledge Inc (payer-into-intermediary, not METR)",grantmaker,,object 202232349349100823,FOUNDERS PLEDGE GGMBH,Founders Pledge Inc,,named contributor into intermediary,2021-01-01,2021-12-31,,transfer,6981,USD,2021-12-31,year,TY2021 (2021-01-01 to 2021-12-31),,,,,,,,,,,,,yes,funder filings,GET GT XML 202232349349100823; ContributorInformationGrp FOUNDERS PLEDGE GGMBH,https://gt990datalake-rawdata.s3.amazonaws.com/EfileData/XmlFiles/202232349349100823_public.xml,"<BusinessNameLine1Txt>FOUNDERS PLEDGE GGMBH</BusinessNameLine1Txt>
        </ContributorBusinessName>
        <ContributorForeignAddress>
          <AddressLine1Txt>FRIEDRICHSTRASSE 206</AddressLine1Txt>
          <CityNm>BERLIN</CityNm>
          <CountryCd>GM</CountryCd>
          <ForeignPostalCd",2026-09-16T10:05:37Z,named contributor TotalContributionsAmt=6981 FOUNDERS PLEDGE GGMBH into Founders Pledge Inc,1,,"Payer-into-intermediary, not intermediary-to-METR. Do not deanonymize a DAF adviser. Natural-person Schedule B names on 990-PF are not copied. Not summed with METR filed_grant rows. Keep legal filers unmerged.",Primary research/primary/MD22-intermediary-returns/gt-xml-202232349349100823.xml-20260916T100418Z.
51,B,MDF,C02.E5;C06.E1,"GOOD VENTURES FOUNDATION contribution into Founders Pledge Inc (payer-into-intermediary, not METR)",grantmaker,,object 202232349349100823,GOOD VENTURES FOUNDATION,Founders Pledge Inc,,named contributor into intermediary,2021-01-01,2021-12-31,,transfer,1000000,USD,2021-12-31,year,TY2021 (2021-01-01 to 2021-12-31),,,,,,,,,,,,,yes,funder filings,GET GT XML 202232349349100823; ContributorInformationGrp GOOD VENTURES FOUNDATION,https://gt990datalake-rawdata.s3.amazonaws.com/EfileData/XmlFiles/202232349349100823_public.xml,"<BusinessNameLine1Txt>GOOD VENTURES FOUNDATION</BusinessNameLine1Txt>
        </ContributorBusinessName>
        <ContributorUSAddress>
          <AddressLine1Txt>314 LYTTON AVE</AddressLine1Txt>
          <CityNm>PALO ALTO</CityNm>
          <StateAbbreviationCd>CA</StateAbbreviationCd>
          <",2026-09-16T10:05:37Z,named contributor TotalContributionsAmt=1000000 GOOD VENTURES FOUNDATION into Founders Pledge Inc,1,,"Payer-into-intermediary, not intermediary-to-METR. Do not deanonymize a DAF adviser. Natural-person Schedule B names on 990-PF are not copied. Not summed with METR filed_grant rows. Keep legal filers unmerged.",Primary research/primary/MD22-intermediary-returns/gt-xml-202232349349100823.xml-20260916T100418Z.
52,B,MDF,C02.E5;C06.E1,"SILICON VALLEY COMMUNITY FOUNDATION contribution into Founders Pledge Inc (payer-into-intermediary, not METR)",grantmaker,,object 202131059349101903,SILICON VALLEY COMMUNITY FOUNDATION,Founders Pledge Inc,,named contributor into intermediary,2020-01-01,2020-12-31,,transfer,1000000,USD,2020-12-31,year,TY2020 (2020-01-01 to 2020-12-31),,,,,,,,,,,,,yes,funder filings,GET GT XML 202131059349101903; ContributorInformationGrp SILICON VALLEY COMMUNITY FOUNDATION,https://gt990datalake-rawdata.s3.amazonaws.com/EfileData/XmlFiles/202131059349101903_public.xml,"<BusinessNameLine1Txt>SILICON VALLEY COMMUNITY FOUNDATION</BusinessNameLine1Txt>
        </ContributorBusinessName>
        <ContributorUSAddress>
          <AddressLine1Txt>2440 W EL CAMINO REAL STE 300</AddressLine1Txt>
          <CityNm>MOUNTAIN VIEW</CityNm>
          <StateAbbreviationCd>CA</St",2026-09-16T10:04:42Z,named contributor TotalContributionsAmt=1000000 SILICON VALLEY COMMUNITY FOUNDATION into Founders Pledge Inc,1,,"Payer-into-intermediary, not intermediary-to-METR. Do not deanonymize a DAF adviser. Natural-person Schedule B names on 990-PF are not copied. Not summed with METR filed_grant rows. Keep legal filers unmerged.",Primary research/primary/MD22-intermediary-returns/gt-xml-202131059349101903.xml-20260916T100418Z.
53,B,MDF,C02.E5;C06.E1,"FIDELITY CHARITABLE contribution into Founders Pledge Inc (payer-into-intermediary, not METR)",grantmaker,,object 202131059349101903,FIDELITY CHARITABLE,Founders Pledge Inc,,named contributor into intermediary,2020-01-01,2020-12-31,,transfer,175000,USD,2020-12-31,year,TY2020 (2020-01-01 to 2020-12-31),,,,,,,,,,,,,yes,funder filings,GET GT XML 202131059349101903; ContributorInformationGrp FIDELITY CHARITABLE,https://gt990datalake-rawdata.s3.amazonaws.com/EfileData/XmlFiles/202131059349101903_public.xml,"<BusinessNameLine1Txt>FIDELITY CHARITABLE</BusinessNameLine1Txt>
        </ContributorBusinessName>
        <ContributorUSAddress>
          <AddressLine1Txt>200 SEAPORT BLVD</AddressLine1Txt>
          <CityNm>BOSTON</CityNm>
          <StateAbbreviationCd>MA</StateAbbreviationCd>
          <ZIPCd>",2026-09-16T10:04:42Z,named contributor TotalContributionsAmt=175000 FIDELITY CHARITABLE into Founders Pledge Inc,1,,"Payer-into-intermediary, not intermediary-to-METR. Do not deanonymize a DAF adviser. Natural-person Schedule B names on 990-PF are not copied. Not summed with METR filed_grant rows. Keep legal filers unmerged.",Primary research/primary/MD22-intermediary-returns/gt-xml-202131059349101903.xml-20260916T100418Z.
54,B,MDF,C02.E5;C06.E1,"GOOD VENTURES FOUNDATION contribution into Founders Pledge Inc (payer-into-intermediary, not METR)",grantmaker,,object 202131059349101903,GOOD VENTURES FOUNDATION,Founders Pledge Inc,,named contributor into intermediary,2020-01-01,2020-12-31,,transfer,1500000,USD,2020-12-31,year,TY2020 (2020-01-01 to 2020-12-31),,,,,,,,,,,,,yes,funder filings,GET GT XML 202131059349101903; ContributorInformationGrp GOOD VENTURES FOUNDATION,https://gt990datalake-rawdata.s3.amazonaws.com/EfileData/XmlFiles/202131059349101903_public.xml,"<BusinessNameLine1Txt>GOOD VENTURES FOUNDATION</BusinessNameLine1Txt>
        </ContributorBusinessName>
        <ContributorUSAddress>
          <AddressLine1Txt>314 LYTTON AVE STE 200</AddressLine1Txt>
          <CityNm>PALO ALTO</CityNm>
          <StateAbbreviationCd>CA</StateAbbreviationCd>
   ",2026-09-16T10:04:42Z,named contributor TotalContributionsAmt=1500000 GOOD VENTURES FOUNDATION into Founders Pledge Inc,1,,"Payer-into-intermediary, not intermediary-to-METR. Do not deanonymize a DAF adviser. Natural-person Schedule B names on 990-PF are not copied. Not summed with METR filed_grant rows. Keep legal filers unmerged.",Primary research/primary/MD22-intermediary-returns/gt-xml-202131059349101903.xml-20260916T100418Z.
55,B,MDF,C02.E5;C06.E1,"FIDELITY CHARITABLE contribution into Founders Pledge Inc (payer-into-intermediary, not METR)",grantmaker,,object 202131059349101903,FIDELITY CHARITABLE,Founders Pledge Inc,,named contributor into intermediary,2020-01-01,2020-12-31,,transfer,6000,USD,2020-12-31,year,TY2020 (2020-01-01 to 2020-12-31),,,,,,,,,,,,,yes,funder filings,GET GT XML 202131059349101903; ContributorInformationGrp FIDELITY CHARITABLE,https://gt990datalake-rawdata.s3.amazonaws.com/EfileData/XmlFiles/202131059349101903_public.xml,"<BusinessNameLine1Txt>FIDELITY CHARITABLE</BusinessNameLine1Txt>
        </ContributorBusinessName>
        <ContributorUSAddress>
          <AddressLine1Txt>200 SEAPORT BLVD</AddressLine1Txt>
          <CityNm>BOSTON</CityNm>
          <StateAbbreviationCd>MA</StateAbbreviationCd>
          <ZIPCd>",2026-09-16T10:04:42Z,named contributor TotalContributionsAmt=6000 FIDELITY CHARITABLE into Founders Pledge Inc,1,,"Payer-into-intermediary, not intermediary-to-METR. Do not deanonymize a DAF adviser. Natural-person Schedule B names on 990-PF are not copied. Not summed with METR filed_grant rows. Keep legal filers unmerged.",Primary research/primary/MD22-intermediary-returns/gt-xml-202131059349101903.xml-20260916T100418Z.
56,B,MDF,C02.E5;C06.E1,"FIDELITY CHARITABLE contribution into Founders Pledge Inc (payer-into-intermediary, not METR)",grantmaker,,object 202131059349101903,FIDELITY CHARITABLE,Founders Pledge Inc,,named contributor into intermediary,2020-01-01,2020-12-31,,transfer,40000,USD,2020-12-31,year,TY2020 (2020-01-01 to 2020-12-31),,,,,,,,,,,,,yes,funder filings,GET GT XML 202131059349101903; ContributorInformationGrp FIDELITY CHARITABLE,https://gt990datalake-rawdata.s3.amazonaws.com/EfileData/XmlFiles/202131059349101903_public.xml,"<BusinessNameLine1Txt>FIDELITY CHARITABLE</BusinessNameLine1Txt>
        </ContributorBusinessName>
        <ContributorUSAddress>
          <AddressLine1Txt>200 SEAPORT BLVD</AddressLine1Txt>
          <CityNm>BOSTON</CityNm>
          <StateAbbreviationCd>MA</StateAbbreviationCd>
          <ZIPCd>",2026-09-16T10:04:42Z,named contributor TotalContributionsAmt=40000 FIDELITY CHARITABLE into Founders Pledge Inc,1,,"Payer-into-intermediary, not intermediary-to-METR. Do not deanonymize a DAF adviser. Natural-person Schedule B names on 990-PF are not copied. Not summed with METR filed_grant rows. Keep legal filers unmerged.",Primary research/primary/MD22-intermediary-returns/gt-xml-202131059349101903.xml-20260916T100418Z.
57,B,MDF,C02.E5;C06.E1,"FIDELITY CHARITABLE contribution into Founders Pledge Inc (payer-into-intermediary, not METR)",grantmaker,,object 202131059349101903,FIDELITY CHARITABLE,Founders Pledge Inc,,named contributor into intermediary,2020-01-01,2020-12-31,,transfer,50000,USD,2020-12-31,year,TY2020 (2020-01-01 to 2020-12-31),,,,,,,,,,,,,yes,funder filings,GET GT XML 202131059349101903; ContributorInformationGrp FIDELITY CHARITABLE,https://gt990datalake-rawdata.s3.amazonaws.com/EfileData/XmlFiles/202131059349101903_public.xml,"<BusinessNameLine1Txt>FIDELITY CHARITABLE</BusinessNameLine1Txt>
        </ContributorBusinessName>
        <ContributorUSAddress>
          <AddressLine1Txt>200 SEAPORT BLVD</AddressLine1Txt>
          <CityNm>BOSTON</CityNm>
          <StateAbbreviationCd>MA</StateAbbreviationCd>
          <ZIPCd>",2026-09-16T10:04:42Z,named contributor TotalContributionsAmt=50000 FIDELITY CHARITABLE into Founders Pledge Inc,1,,"Payer-into-intermediary, not intermediary-to-METR. Do not deanonymize a DAF adviser. Natural-person Schedule B names on 990-PF are not copied. Not summed with METR filed_grant rows. Keep legal filers unmerged.",Primary research/primary/MD22-intermediary-returns/gt-xml-202131059349101903.xml-20260916T100418Z.
58,B,MDF,C06.E1,Every Org TY2024 (2024-01-01 to 2024-12-31) reported total revenue (not a METR grant),grantmaker,,EIN 61-1913297; object 202502749349100700,contributors to Every Org (see Schedule B rows),Every Org,,,,,,,50455689,USD,2024-12-31,interval,TY2024 (2024-01-01 to 2024-12-31),filed total revenue,,,,,,,,,,,,,funder filings,GET GT XML 202502749349100700; Return CYTotalRevenueAmt / ContriRcvdRevAndExpnssAmt,https://gt990datalake-rawdata.s3.amazonaws.com/EfileData/XmlFiles/202502749349100700_public.xml,"<ContriRcvdRevAndExpnssAmt>50455689</ContriRcvdRevAndExpnssAmt>
        <InterestOnSavRevAndExpnssAmt>111651</InterestOnSavRevAndExpnssAmt>
        <InterestOnSavNetInvstIncmAmt>111651</InterestOnSavNetInvstIncmAmt>
        <DividendsRevAndExpnssAmt>0</DividendsRevAndExpnssAmt>
        <DividendsNet",2026-09-16T10:07:31Z,own revenue CYTotalRevenueAmt/ContriRcvdRevAndExpnssAmt=50455689; not a METR grant,1,,"This is the intermediary's own revenue, not a payment to METR. Do not sum with grant-schedule METR lines. money_type left empty: a filer's revenue total is not a funding event to METR.",Separate proposition from Task A intermediary-to-METR rows. Primary research/primary/MD22-intermediary-returns/gt-xml-202502749349100700.xml-20260916T100418Z.
59,B,MDF,C02.E5;C06.E1,"FIDELITY CHARITABLE contribution into Every Org (payer-into-intermediary, not METR)",grantmaker,,object 202502749349100700,FIDELITY CHARITABLE,Every Org,,named contributor into intermediary,2024-01-01,2024-12-31,,transfer,425000,USD,2024-12-31,year,TY2024 (2024-01-01 to 2024-12-31),,,,,,,,,,,,,yes,funder filings,GET GT XML 202502749349100700; ContributorInformationGrp FIDELITY CHARITABLE,https://gt990datalake-rawdata.s3.amazonaws.com/EfileData/XmlFiles/202502749349100700_public.xml,"<ContributorPersonNm>FIDELITY CHARITABLE</ContributorPersonNm>
        <ContributorUSAddress>
          <AddressLine1Txt>PO BOX 770001</AddressLine1Txt>
          <CityNm>CINCINNATI</CityNm>
          <StateAbbreviationCd>OH</StateAbbreviationCd>
          <ZIPCd>45277</ZIPCd>
        </ContributorU",2026-09-16T10:07:31Z,named contributor TotalContributionsAmt=425000 FIDELITY CHARITABLE into Every Org,1,,"Payer-into-intermediary, not intermediary-to-METR. Do not deanonymize a DAF adviser. Natural-person Schedule B names on 990-PF are not copied. Not summed with METR filed_grant rows. Keep legal filers unmerged.",Primary research/primary/MD22-intermediary-returns/gt-xml-202502749349100700.xml-20260916T100418Z.
60,B,MDF,C02.E5;C06.E1,"FIDELITY CHARITABLE contribution into Every Org (payer-into-intermediary, not METR)",grantmaker,,object 202423199349106002,FIDELITY CHARITABLE,Every Org,,named contributor into intermediary,2023-01-01,2023-12-31,,transfer,1014836,USD,2023-12-31,year,TY2023 (2023-01-01 to 2023-12-31),,,,,,,,,,,,,yes,funder filings,GET GT XML 202423199349106002; ContributorInformationGrp FIDELITY CHARITABLE,https://gt990datalake-rawdata.s3.amazonaws.com/EfileData/XmlFiles/202423199349106002_public.xml,"<ContributorPersonNm>FIDELITY CHARITABLE</ContributorPersonNm>
        <ContributorUSAddress>
          <AddressLine1Txt>PO BOX 770001</AddressLine1Txt>
          <CityNm>CINCINNATI</CityNm>
          <StateAbbreviationCd>OH</StateAbbreviationCd>
          <ZIPCd>45277</ZIPCd>
        </ContributorU",2026-09-16T10:07:27Z,named contributor TotalContributionsAmt=1014836 FIDELITY CHARITABLE into Every Org,1,,"Payer-into-intermediary, not intermediary-to-METR. Do not deanonymize a DAF adviser. Natural-person Schedule B names on 990-PF are not copied. Not summed with METR filed_grant rows. Keep legal filers unmerged.",Primary research/primary/MD22-intermediary-returns/gt-xml-202423199349106002.xml-20260916T100418Z.
61,B,MDF,C02.E5;C06.E1,"SCHWAB CHARITABLE contribution into Every Org (payer-into-intermediary, not METR)",grantmaker,,object 202423199349106002,SCHWAB CHARITABLE,Every Org,,named contributor into intermediary,2023-01-01,2023-12-31,,transfer,210115,USD,2023-12-31,year,TY2023 (2023-01-01 to 2023-12-31),,,,,,,,,,,,,yes,funder filings,GET GT XML 202423199349106002; ContributorInformationGrp SCHWAB CHARITABLE,https://gt990datalake-rawdata.s3.amazonaws.com/EfileData/XmlFiles/202423199349106002_public.xml,"<ContributorPersonNm>SCHWAB CHARITABLE</ContributorPersonNm>
        <ContributorUSAddress>
          <AddressLine1Txt>PO BOX 2430</AddressLine1Txt>
          <CityNm>OMAHA</CityNm>
          <StateAbbreviationCd>NE</StateAbbreviationCd>
          <ZIPCd>68103</ZIPCd>
        </ContributorUSAddress>",2026-09-16T10:07:27Z,named contributor TotalContributionsAmt=210115 SCHWAB CHARITABLE into Every Org,1,,"Payer-into-intermediary, not intermediary-to-METR. Do not deanonymize a DAF adviser. Natural-person Schedule B names on 990-PF are not copied. Not summed with METR filed_grant rows. Keep legal filers unmerged.",Primary research/primary/MD22-intermediary-returns/gt-xml-202423199349106002.xml-20260916T100418Z.
62,B,MDF,C02.E5;C06.E1,"VANGUARD CHARITABLE contribution into Every Org (payer-into-intermediary, not METR)",grantmaker,,object 202423199349106002,VANGUARD CHARITABLE,Every Org,,named contributor into intermediary,2023-01-01,2023-12-31,,transfer,50075,USD,2023-12-31,year,TY2023 (2023-01-01 to 2023-12-31),,,,,,,,,,,,,yes,funder filings,GET GT XML 202423199349106002; ContributorInformationGrp VANGUARD CHARITABLE,https://gt990datalake-rawdata.s3.amazonaws.com/EfileData/XmlFiles/202423199349106002_public.xml,"<ContributorPersonNm>VANGUARD CHARITABLE</ContributorPersonNm>
        <ContributorUSAddress>
          <AddressLine1Txt>PO BOX 9509</AddressLine1Txt>
          <CityNm>WARWICK</CityNm>
          <StateAbbreviationCd>RI</StateAbbreviationCd>
          <ZIPCd>02889</ZIPCd>
        </ContributorUSAddr",2026-09-16T10:07:27Z,named contributor TotalContributionsAmt=50075 VANGUARD CHARITABLE into Every Org,1,,"Payer-into-intermediary, not intermediary-to-METR. Do not deanonymize a DAF adviser. Natural-person Schedule B names on 990-PF are not copied. Not summed with METR filed_grant rows. Keep legal filers unmerged.",Primary research/primary/MD22-intermediary-returns/gt-xml-202423199349106002.xml-20260916T100418Z.
63,B,MDF,C02.E5;C06.E1,"GOLDMAN SACHS CHARITABLE GIFT FUND contribution into Every Org (payer-into-intermediary, not METR)",grantmaker,,object 202423199349106002,GOLDMAN SACHS CHARITABLE GIFT FUND,Every Org,,named contributor into intermediary,2023-01-01,2023-12-31,,transfer,37500,USD,2023-12-31,year,TY2023 (2023-01-01 to 2023-12-31),,,,,,,,,,,,,yes,funder filings,GET GT XML 202423199349106002; ContributorInformationGrp GOLDMAN SACHS CHARITABLE GIFT FUND,https://gt990datalake-rawdata.s3.amazonaws.com/EfileData/XmlFiles/202423199349106002_public.xml,"<ContributorPersonNm>GOLDMAN SACHS CHARITABLE GIFT FUND</ContributorPersonNm>
        <ContributorUSAddress>
          <AddressLine1Txt>200 WEST STREET 29TH FLOOR</AddressLine1Txt>
          <CityNm>NEW YORK</CityNm>
          <StateAbbreviationCd>NY</StateAbbreviationCd>
          <ZIPCd>10282</ZIP",2026-09-16T10:07:27Z,named contributor TotalContributionsAmt=37500 GOLDMAN SACHS CHARITABLE GIFT FUND into Every Org,1,,"Payer-into-intermediary, not intermediary-to-METR. Do not deanonymize a DAF adviser. Natural-person Schedule B names on 990-PF are not copied. Not summed with METR filed_grant rows. Keep legal filers unmerged.",Primary research/primary/MD22-intermediary-returns/gt-xml-202423199349106002.xml-20260916T100418Z.
64,B,MDF,C02.E5;C06.E1,"MARIN COMMUNITY FOUNDATION MCF contribution into Every Org (payer-into-intermediary, not METR)",grantmaker,,object 202423199349106002,MARIN COMMUNITY FOUNDATION MCF,Every Org,,named contributor into intermediary,2023-01-01,2023-12-31,,transfer,10000,USD,2023-12-31,year,TY2023 (2023-01-01 to 2023-12-31),,,,,,,,,,,,,yes,funder filings,GET GT XML 202423199349106002; ContributorInformationGrp MARIN COMMUNITY FOUNDATION MCF,https://gt990datalake-rawdata.s3.amazonaws.com/EfileData/XmlFiles/202423199349106002_public.xml,"<ContributorPersonNm>MARIN COMMUNITY FOUNDATION MCF</ContributorPersonNm>
        <ContributorUSAddress>
          <AddressLine1Txt>5 HAMILTON LANDING SUITE 200</AddressLine1Txt>
          <CityNm>NOVATO</CityNm>
          <StateAbbreviationCd>CA</StateAbbreviationCd>
          <ZIPCd>94949</ZIPCd>
",2026-09-16T10:07:27Z,named contributor TotalContributionsAmt=10000 MARIN COMMUNITY FOUNDATION MCF into Every Org,1,,"Payer-into-intermediary, not intermediary-to-METR. Do not deanonymize a DAF adviser. Natural-person Schedule B names on 990-PF are not copied. Not summed with METR filed_grant rows. Keep legal filers unmerged.",Primary research/primary/MD22-intermediary-returns/gt-xml-202423199349106002.xml-20260916T100418Z.
65,B,MDF,C02.E5;C06.E1,"BANK OF AMERICA CHARITABLE FUND contribution into Every Org (payer-into-intermediary, not METR)",grantmaker,,object 202423199349106002,BANK OF AMERICA CHARITABLE FUND,Every Org,,named contributor into intermediary,2023-01-01,2023-12-31,,transfer,5500,USD,2023-12-31,year,TY2023 (2023-01-01 to 2023-12-31),,,,,,,,,,,,,yes,funder filings,GET GT XML 202423199349106002; ContributorInformationGrp BANK OF AMERICA CHARITABLE FUND,https://gt990datalake-rawdata.s3.amazonaws.com/EfileData/XmlFiles/202423199349106002_public.xml,"<ContributorPersonNm>BANK OF AMERICA CHARITABLE FUND</ContributorPersonNm>
        <ContributorUSAddress>
          <AddressLine1Txt>100 FEDERAL STREET MA1</AddressLine1Txt>
          <CityNm>BOSTON</CityNm>
          <StateAbbreviationCd>MA</StateAbbreviationCd>
          <ZIPCd>02110</ZIPCd>
     ",2026-09-16T10:07:27Z,named contributor TotalContributionsAmt=5500 BANK OF AMERICA CHARITABLE FUND into Every Org,1,,"Payer-into-intermediary, not intermediary-to-METR. Do not deanonymize a DAF adviser. Natural-person Schedule B names on 990-PF are not copied. Not summed with METR filed_grant rows. Keep legal filers unmerged.",Primary research/primary/MD22-intermediary-returns/gt-xml-202423199349106002.xml-20260916T100418Z.
66,B,MDF,C02.E5;C06.E1,"FIDELITY CHARITABLE contribution into Every Org (payer-into-intermediary, not METR)",grantmaker,,object 202201479349100500,FIDELITY CHARITABLE,Every Org,,named contributor into intermediary,2021-01-01,2021-12-31,,transfer,158314,USD,2021-12-31,year,TY2021 (2021-01-01 to 2021-12-31),,,,,,,,,,,,,yes,funder filings,GET GT XML 202201479349100500; ContributorInformationGrp FIDELITY CHARITABLE,https://gt990datalake-rawdata.s3.amazonaws.com/EfileData/XmlFiles/202201479349100500_public.xml,"<BusinessNameLine1Txt>FIDELITY CHARITABLE</BusinessNameLine1Txt>
        </ContributorBusinessName>
        <ContributorUSAddress>
          <AddressLine1Txt>PO BOX 770001</AddressLine1Txt>
          <CityNm>CINCINNATI</CityNm>
          <StateAbbreviationCd>OH</StateAbbreviationCd>
          <ZIPCd",2026-09-16T10:05:35Z,named contributor TotalContributionsAmt=158314 FIDELITY CHARITABLE into Every Org,1,,"Payer-into-intermediary, not intermediary-to-METR. Do not deanonymize a DAF adviser. Natural-person Schedule B names on 990-PF are not copied. Not summed with METR filed_grant rows. Keep legal filers unmerged.",Primary research/primary/MD22-intermediary-returns/gt-xml-202201479349100500.xml-20260916T100418Z.
67,B,MDF,C02.E5;C06.E1,"SCHWAB CHARITABLE contribution into Every Org (payer-into-intermediary, not METR)",grantmaker,,object 202201479349100500,SCHWAB CHARITABLE,Every Org,,named contributor into intermediary,2021-01-01,2021-12-31,,transfer,56600,USD,2021-12-31,year,TY2021 (2021-01-01 to 2021-12-31),,,,,,,,,,,,,yes,funder filings,GET GT XML 202201479349100500; ContributorInformationGrp SCHWAB CHARITABLE,https://gt990datalake-rawdata.s3.amazonaws.com/EfileData/XmlFiles/202201479349100500_public.xml,"<BusinessNameLine1Txt>SCHWAB CHARITABLE</BusinessNameLine1Txt>
        </ContributorBusinessName>
        <ContributorUSAddress>
          <AddressLine1Txt>PO BOX 628298</AddressLine1Txt>
          <CityNm>ORLANDO</CityNm>
          <StateAbbreviationCd>FL</StateAbbreviationCd>
          <ZIPCd>3286",2026-09-16T10:05:35Z,named contributor TotalContributionsAmt=56600 SCHWAB CHARITABLE into Every Org,1,,"Payer-into-intermediary, not intermediary-to-METR. Do not deanonymize a DAF adviser. Natural-person Schedule B names on 990-PF are not copied. Not summed with METR filed_grant rows. Keep legal filers unmerged.",Primary research/primary/MD22-intermediary-returns/gt-xml-202201479349100500.xml-20260916T100418Z.
68,B,MDF,C02.E5;C06.E1,"VANGUARD CHARITABLE contribution into Every Org (payer-into-intermediary, not METR)",grantmaker,,object 202201479349100500,VANGUARD CHARITABLE,Every Org,,named contributor into intermediary,2021-01-01,2021-12-31,,transfer,31480,USD,2021-12-31,year,TY2021 (2021-01-01 to 2021-12-31),,,,,,,,,,,,,yes,funder filings,GET GT XML 202201479349100500; ContributorInformationGrp VANGUARD CHARITABLE,https://gt990datalake-rawdata.s3.amazonaws.com/EfileData/XmlFiles/202201479349100500_public.xml,"<BusinessNameLine1Txt>VANGUARD CHARITABLE</BusinessNameLine1Txt>
        </ContributorBusinessName>
        <ContributorUSAddress>
          <AddressLine1Txt>PO BOX 9509</AddressLine1Txt>
          <CityNm>WARWICK</CityNm>
          <StateAbbreviationCd>RI</StateAbbreviationCd>
          <ZIPCd>0288",2026-09-16T10:05:35Z,named contributor TotalContributionsAmt=31480 VANGUARD CHARITABLE into Every Org,1,,"Payer-into-intermediary, not intermediary-to-METR. Do not deanonymize a DAF adviser. Natural-person Schedule B names on 990-PF are not copied. Not summed with METR filed_grant rows. Keep legal filers unmerged.",Primary research/primary/MD22-intermediary-returns/gt-xml-202201479349100500.xml-20260916T100418Z.
69,B,MDF,C02.E5;C06.E1,"JEWISH COMMUNITY FOUNDATION LOS ANG contribution into Every Org (payer-into-intermediary, not METR)",grantmaker,,object 202201479349100500,JEWISH COMMUNITY FOUNDATION LOS ANG,Every Org,,named contributor into intermediary,2021-01-01,2021-12-31,,transfer,25000,USD,2021-12-31,year,TY2021 (2021-01-01 to 2021-12-31),,,,,,,,,,,,,yes,funder filings,GET GT XML 202201479349100500; ContributorInformationGrp JEWISH COMMUNITY FOUNDATION LOS ANG,https://gt990datalake-rawdata.s3.amazonaws.com/EfileData/XmlFiles/202201479349100500_public.xml,"<BusinessNameLine1Txt>JEWISH COMMUNITY FOUNDATION LOS ANG</BusinessNameLine1Txt>
        </ContributorBusinessName>
        <ContributorUSAddress>
          <AddressLine1Txt>6505 WILSHIRE BOULEVARD SUITE 1200</AddressLine1Txt>
          <CityNm>LOS ANGELES</CityNm>
          <StateAbbreviationCd>CA<",2026-09-16T10:05:35Z,named contributor TotalContributionsAmt=25000 JEWISH COMMUNITY FOUNDATION LOS ANG into Every Org,1,,"Payer-into-intermediary, not intermediary-to-METR. Do not deanonymize a DAF adviser. Natural-person Schedule B names on 990-PF are not copied. Not summed with METR filed_grant rows. Keep legal filers unmerged.",Primary research/primary/MD22-intermediary-returns/gt-xml-202201479349100500.xml-20260916T100418Z.
70,B,MDF,C02.E5;C06.E1,"BMO CHARITABLE FUND contribution into Every Org (payer-into-intermediary, not METR)",grantmaker,,object 202141729349100004,BMO CHARITABLE FUND,Every Org,,named contributor into intermediary,2020-01-01,2020-12-31,,transfer,30000,USD,2020-12-31,year,TY2020 (2020-01-01 to 2020-12-31),,,,,,,,,,,,,yes,funder filings,GET GT XML 202141729349100004; ContributorInformationGrp BMO CHARITABLE FUND,https://gt990datalake-rawdata.s3.amazonaws.com/EfileData/XmlFiles/202141729349100004_public.xml,"<BusinessNameLine1Txt>BMO CHARITABLE FUND</BusinessNameLine1Txt>
        </ContributorBusinessName>
        <ContributorUSAddress>
          <AddressLine1Txt>165 TOWNSHIP LINE ROAD</AddressLine1Txt>
          <AddressLine2Txt>STE 150</AddressLine2Txt>
          <CityNm>JENKINTOWN</CityNm>
          ",2026-09-16T10:04:31Z,named contributor TotalContributionsAmt=30000 BMO CHARITABLE FUND into Every Org,1,,"Payer-into-intermediary, not intermediary-to-METR. Do not deanonymize a DAF adviser. Natural-person Schedule B names on 990-PF are not copied. Not summed with METR filed_grant rows. Keep legal filers unmerged.",Primary research/primary/MD22-intermediary-returns/gt-xml-202141729349100004.xml-20260916T100418Z.
71,B,MDF,C02.E5;C06.E1,"VANGUARD CHARITABLE contribution into Every Org (payer-into-intermediary, not METR)",grantmaker,,object 202141729349100004,VANGUARD CHARITABLE,Every Org,,named contributor into intermediary,2020-01-01,2020-12-31,,transfer,5500,USD,2020-12-31,year,TY2020 (2020-01-01 to 2020-12-31),,,,,,,,,,,,,yes,funder filings,GET GT XML 202141729349100004; ContributorInformationGrp VANGUARD CHARITABLE,https://gt990datalake-rawdata.s3.amazonaws.com/EfileData/XmlFiles/202141729349100004_public.xml,"<BusinessNameLine1Txt>VANGUARD CHARITABLE</BusinessNameLine1Txt>
        </ContributorBusinessName>
        <ContributorUSAddress>
          <AddressLine1Txt>2670 WARWICK AVENUE</AddressLine1Txt>
          <CityNm>WARWICK</CityNm>
          <StateAbbreviationCd>RI</StateAbbreviationCd>
          <ZI",2026-09-16T10:04:31Z,named contributor TotalContributionsAmt=5500 VANGUARD CHARITABLE into Every Org,1,,"Payer-into-intermediary, not intermediary-to-METR. Do not deanonymize a DAF adviser. Natural-person Schedule B names on 990-PF are not copied. Not summed with METR filed_grant rows. Keep legal filers unmerged.",Primary research/primary/MD22-intermediary-returns/gt-xml-202141729349100004.xml-20260916T100418Z.
72,B,MDF,C06.E1,Longview Philanthropy USA Inc TY2024 (2024-01-01 to 2024-12-31) reported total revenue (not a METR grant),foundation,,EIN 93-2664730; object 202503179349304265,contributors to Longview Philanthropy USA Inc (see Schedule B rows),Longview Philanthropy USA Inc,,,,,,,10007719,USD,2024-12-31,interval,TY2024 (2024-01-01 to 2024-12-31),filed total revenue,,,,,,,,,,,,,funder filings,GET GT XML 202503179349304265; Return CYTotalRevenueAmt / ContriRcvdRevAndExpnssAmt,https://gt990datalake-rawdata.s3.amazonaws.com/EfileData/XmlFiles/202503179349304265_public.xml,"<CYTotalRevenueAmt>10007719</CYTotalRevenueAmt>
      <PYGrantsAndSimilarPaidAmt>0</PYGrantsAndSimilarPaidAmt>
      <CYGrantsAndSimilarPaidAmt>1347842</CYGrantsAndSimilarPaidAmt>
      <PYBenefitsPaidToMembersAmt>0</PYBenefitsPaidToMembersAmt>
      <CYBenefitsPaidToMembersAmt>0</CYBenefitsPaidToMe",2026-09-16T10:07:53Z,own revenue CYTotalRevenueAmt/ContriRcvdRevAndExpnssAmt=10007719; not a METR grant,1,,"This is the intermediary's own revenue, not a payment to METR. Do not sum with grant-schedule METR lines. money_type left empty: a filer's revenue total is not a funding event to METR.",Separate proposition from Task A intermediary-to-METR rows. Primary research/primary/MD22-intermediary-returns/gt-xml-202503179349304265.xml-20260916T100418Z.
73,B,MDS,C06.E1,Longview Philanthropy USA Inc TY2024 (2024-01-01 to 2024-12-31) Schedule B named payers,grantmaker,,EIN 93-2664730; object 202503179349304265,,Longview Philanthropy USA Inc,,,,,,,,,,,,,,,,,,,,,,,,,funder filings,GET GT XML 202503179349304265; IRS990ScheduleB ContributorInformationGrp ContributorNum,https://gt990datalake-rawdata.s3.amazonaws.com/EfileData/XmlFiles/202503179349304265_public.xml,"<ContributorNum>RESTRICTED</ContributorNum>
        <ContributorBusinessName>
          <BusinessNameLine1>RESTRICTED</BusinessNameLine1>
        </ContributorBusinessName>
        <ContributorUSAddress>
          <AddressLine1>RESTRICTED</AddressLine1>
          <AddressLine2>RESTRICTED</AddressLin",2026-09-16T10:07:53Z,none found in Longview Philanthropy USA Inc TY2024 (2024-01-01 to 2024-12-31) Form 990 Schedule B public copy object 202503179349304265 as of 2026-09-16T10:07:53Z for a named payer (ContributorNum=RESTRICTED),0,unredacted Schedule B is not a public e-file field,Public 990 Schedule B names are restricted. Named payers into this filer are not recoverable from this public XML.,"Payer-into-intermediary negative, not an intermediary-to-METR grant."
74,B,MDF,C06.E1,Effective Ventures Foundation USA FY2025 (2024-07-01 to 2025-06-30) reported total revenue (not a METR grant),grantmaker,,EIN 47-1988398; object 202601359349300640,contributors to Effective Ventures Foundation USA (see Schedule B rows),Effective Ventures Foundation USA,,,,,,,23675475,USD,2025-06-30,interval,FY2025 (2024-07-01 to 2025-06-30),filed total revenue,,,,,,,,,,,,,funder filings,GET GT XML 202601359349300640; Return CYTotalRevenueAmt / ContriRcvdRevAndExpnssAmt,https://gt990datalake-rawdata.s3.amazonaws.com/EfileData/XmlFiles/202601359349300640_public.xml,"<CYTotalRevenueAmt>23675475</CYTotalRevenueAmt>
      <PYGrantsAndSimilarPaidAmt>20964608</PYGrantsAndSimilarPaidAmt>
      <CYGrantsAndSimilarPaidAmt>17307788</CYGrantsAndSimilarPaidAmt>
      <PYBenefitsPaidToMembersAmt>0</PYBenefitsPaidToMembersAmt>
      <CYBenefitsPaidToMembersAmt>0</CYBenefits",2026-09-16T10:08:39Z,own revenue CYTotalRevenueAmt/ContriRcvdRevAndExpnssAmt=23675475; not a METR grant,1,,"This is the intermediary's own revenue, not a payment to METR. Do not sum with grant-schedule METR lines. money_type left empty: a filer's revenue total is not a funding event to METR.",Separate proposition from Task A intermediary-to-METR rows. Primary research/primary/MD22-intermediary-returns/gt-xml-202601359349300640.xml-20260916T100418Z.
75,B,MDS,C06.E1,Effective Ventures Foundation USA FY2025 (2024-07-01 to 2025-06-30) Schedule B named payers,grantmaker,,EIN 47-1988398; object 202601359349300640,,Effective Ventures Foundation USA,,,,,,,,,,,,,,,,,,,,,,,,,funder filings,GET GT XML 202601359349300640; IRS990ScheduleB ContributorInformationGrp ContributorNum,https://gt990datalake-rawdata.s3.amazonaws.com/EfileData/XmlFiles/202601359349300640_public.xml,"<ContributorNum>RESTRICTED</ContributorNum>
        <ContributorBusinessName>
          <BusinessNameLine1>RESTRICTED</BusinessNameLine1>
        </ContributorBusinessName>
        <ContributorUSAddress>
          <AddressLine1>RESTRICTED</AddressLine1>
          <AddressLine2>RESTRICTED</AddressLin",2026-09-16T10:08:39Z,none found in Effective Ventures Foundation USA FY2025 (2024-07-01 to 2025-06-30) Form 990 Schedule B public copy object 202601359349300640 as of 2026-09-16T10:08:39Z for a named payer (ContributorNum=RESTRICTED),0,unredacted Schedule B is not a public e-file field,Public 990 Schedule B names are restricted. Named payers into this filer are not recoverable from this public XML.,"Payer-into-intermediary negative, not an intermediary-to-METR grant."
76,B,MDF,C06.E1,Silicon Valley Community Foundation TY2024 (2024-01-01 to 2024-12-31) reported total revenue (not a METR grant),DAF sponsor,,EIN 20-5205488; object 202543149349305759,contributors to Silicon Valley Community Foundation (see Schedule B rows),Silicon Valley Community Foundation,,,,,,,4889245872,USD,2024-12-31,interval,TY2024 (2024-01-01 to 2024-12-31),filed total revenue,,,,,,,,,,,,,DAF sponsor filings,GET GT XML 202543149349305759; Return CYTotalRevenueAmt / ContriRcvdRevAndExpnssAmt,https://gt990datalake-rawdata.s3.amazonaws.com/EfileData/XmlFiles/202543149349305759_public.xml,"<CYTotalRevenueAmt>4889245872</CYTotalRevenueAmt>
      <PYGrantsAndSimilarPaidAmt>5081247110</PYGrantsAndSimilarPaidAmt>
      <CYGrantsAndSimilarPaidAmt>3326495992</CYGrantsAndSimilarPaidAmt>
      <CYBenefitsPaidToMembersAmt>0</CYBenefitsPaidToMembersAmt>
      <PYSalariesCompEmpBnftPaidAmt>22566",2026-09-16T10:07:40Z,own revenue CYTotalRevenueAmt/ContriRcvdRevAndExpnssAmt=4889245872; not a METR grant,1,,"This is the intermediary's own revenue, not a payment to METR. Do not sum with grant-schedule METR lines. money_type left empty: a filer's revenue total is not a funding event to METR.",Separate proposition from Task A intermediary-to-METR rows. Primary research/primary/MD22-intermediary-returns/gt-xml-202543149349305759.xml-20260916T100418Z.
77,B,MDS,C06.E1,Silicon Valley Community Foundation TY2024 (2024-01-01 to 2024-12-31) Schedule B named payers,grantmaker,,EIN 20-5205488; object 202543149349305759,,Silicon Valley Community Foundation,,,,,,,,,,,,,,,,,,,,,,,,,DAF sponsor filings,GET GT XML 202543149349305759; IRS990ScheduleB ContributorInformationGrp ContributorNum,https://gt990datalake-rawdata.s3.amazonaws.com/EfileData/XmlFiles/202543149349305759_public.xml,"<ContributorNum>RESTRICTED</ContributorNum>
        <ContributorBusinessName>
          <BusinessNameLine1>RESTRICTED</BusinessNameLine1>
        </ContributorBusinessName>
        <ContributorUSAddress>
          <AddressLine1>RESTRICTED</AddressLine1>
          <AddressLine2>RESTRICTED</AddressLin",2026-09-16T10:07:40Z,none found in Silicon Valley Community Foundation TY2024 (2024-01-01 to 2024-12-31) Form 990 Schedule B public copy object 202543149349305759 as of 2026-09-16T10:07:40Z for a named payer (ContributorNum=RESTRICTED),0,unredacted Schedule B is not a public e-file field,Public 990 Schedule B names are restricted. Named payers into this filer are not recoverable from this public XML.,"Payer-into-intermediary negative, not an intermediary-to-METR grant."
78,B,MDF,C06.E1,Vanguard Charitable Endowment Program FY2024 (2023-07-01 to 2024-06-30) reported total revenue (not a METR grant),DAF sponsor,,EIN 23-2888152; object 202511349349313096,contributors to Vanguard Charitable Endowment Program (see Schedule B rows),Vanguard Charitable Endowment Program,,,,,,,6410999905,USD,2024-06-30,interval,FY2024 (2023-07-01 to 2024-06-30),filed total revenue,,,,,,,,,,,,,DAF sponsor filings,GET GT XML 202511349349313096; Return CYTotalRevenueAmt / ContriRcvdRevAndExpnssAmt,https://gt990datalake-rawdata.s3.amazonaws.com/EfileData/XmlFiles/202511349349313096_public.xml,"<CYTotalRevenueAmt>6410999905</CYTotalRevenueAmt>
      <PYGrantsAndSimilarPaidAmt>2104305084</PYGrantsAndSimilarPaidAmt>
      <CYGrantsAndSimilarPaidAmt>3057423430</CYGrantsAndSimilarPaidAmt>
      <PYBenefitsPaidToMembersAmt>0</PYBenefitsPaidToMembersAmt>
      <CYBenefitsPaidToMembersAmt>0</CYBe",2026-09-16T10:07:54Z,own revenue CYTotalRevenueAmt/ContriRcvdRevAndExpnssAmt=6410999905; not a METR grant,1,,"This is the intermediary's own revenue, not a payment to METR. Do not sum with grant-schedule METR lines. money_type left empty: a filer's revenue total is not a funding event to METR.",Separate proposition from Task A intermediary-to-METR rows. Primary research/primary/MD22-intermediary-returns/gt-xml-202511349349313096.xml-20260916T100418Z.
79,B,MDS,C06.E1,Vanguard Charitable Endowment Program FY2024 (2023-07-01 to 2024-06-30) Schedule B named payers,grantmaker,,EIN 23-2888152; object 202511349349313096,,Vanguard Charitable Endowment Program,,,,,,,,,,,,,,,,,,,,,,,,,DAF sponsor filings,GET GT XML 202511349349313096; IRS990ScheduleB ContributorInformationGrp ContributorNum,https://gt990datalake-rawdata.s3.amazonaws.com/EfileData/XmlFiles/202511349349313096_public.xml,"<ContributorNum>RESTRICTED</ContributorNum>
        <ContributorBusinessName>
          <BusinessNameLine1>RESTRICTED</BusinessNameLine1>
        </ContributorBusinessName>
        <ContributorUSAddress>
          <AddressLine1>RESTRICTED</AddressLine1>
          <AddressLine2>RESTRICTED</AddressLin",2026-09-16T10:07:54Z,none found in Vanguard Charitable Endowment Program FY2024 (2023-07-01 to 2024-06-30) Form 990 Schedule B public copy object 202511349349313096 as of 2026-09-16T10:07:54Z for a named payer (ContributorNum=RESTRICTED),0,unredacted Schedule B is not a public e-file field,Public 990 Schedule B names are restricted. Named payers into this filer are not recoverable from this public XML.,"Payer-into-intermediary negative, not an intermediary-to-METR grant."
80,B,MDF,C02.E5;C06.E1,"Good Ventures Foundation FY2024 990-PF grant to Effective Ventures Foundation USA Inc (payer-into-EV, not METR)",foundation,,EIN 46-1008520; object 202501349349105365,Good Ventures Foundation,Effective Ventures Foundation USA Inc,,filed grant into intermediary,2023-07-01,2024-06-30,,filed_grant,3850000,USD,2024-06-30,interval,FY2024 (2023-07-01 to 2024-06-30),filed as granted,,,,,,,,,,,,yes,funder filings,GET GT XML 202501349349105365; GrantOrContributionPdDurYrGrp EFFECTIVE VENTURES FOUNDATION USA INC,https://gt990datalake-rawdata.s3.amazonaws.com/EfileData/XmlFiles/202501349349105365_public.xml,"<BusinessNameLine1Txt>EFFECTIVE VENTURES FOUNDATION USA INC</BusinessNameLine1Txt>
          </RecipientBusinessName>
          <RecipientUSAddress>
            <AddressLine1Txt>2443 FILLMORE ST 380-16662</AddressLine1Txt>
            <CityNm>SAN FRANCISCO</CityNm>
            <StateAbbreviationCd>C",2026-09-16T10:07:34Z,Good Ventures FY2024 990-PF line Amt=3850000 to EV USA; not a METR recipient line,1,,Payer-into-intermediary. STATE/lineage hold nineteen Good Ventures→FP/EV lines (MDF0126–MDF0144 / FN pack); this lane re-fetches a representative EV USA line rather than recopying the set. None of those lines is a payment to METR.,This-lane XML research/primary/MD22-intermediary-returns/gt-xml-202501349349105365.xml-20260916T100418Z. Adjacent EV USA / EV UK purpose-restricted lines on the same return are not summed and are not METR.
81,B,MDP,C02.E5;C06.E1,METR donate page: every.org is a batched unrestricted regrant processor,recipient,,https://metr.org/donate,unnamed every.org donors,Every Org / every.org,METR,processor / batched regrant (issuer statement),,,,regrant,,,,,,,,,,,,,,,,,,,issuer statements,GET https://metr.org/donate live HTML,https://metr.org/donate,"All every.org donations are re-granted to METR as batched, unrestricted donations. Every.org does not charge METR for use of the platform, but transaction fees are deducted out of your donation. Here are the <a href=""https://www.every.org/disbursements#fees"">fees by donation type</a>.</p>

    <p cl",2026-09-16T10:11:35Z,issuer states every.org re-grants batched unrestricted donations to METR; no amount or year on this page,1,"Every Org TY2025 990-PF Schedule of grants naming METR, or METR FY2025 990 Schedule B (public copy likely RESTRICTED)",A processor description is not a Form 990 grant line and does not name natural-person donors.,Primary research/primary/MD22-intermediary-returns/metr-donate.html-20260916T100418Z. Keep every.org the processor distinct from METR and from unnamed donors. Not summed with filed_grant rows.
82,C,MDE,C06.E1,Effective Ventures Foundation (UK) Charity Commission 1149828 / company 07962181,grantmaker,CEA; Centre for Effective Altruism; EFFECTIVE VENTURES FOUNDATION (UK),GB-CHC-1149828; GB-COH-07962181,Effective Ventures Foundation (UK),,,,,,,,,,,,,,,,,,,,,,,,,,state registries,GET https://findthatcharity.uk/orgid/GB-CHC-1149828.json,https://findthatcharity.uk/orgid/GB-CHC-1149828.json,"""id"": ""GB-CHC-1149828"", ""name"": ""EFFECTIVE VENTURES FOUNDATION"", ""charityNumber"": ""1149828"", ""companyNumber"": ""07962181"", ""description"": ""We currently run a number of projects including, for example, Giving What We Can (which researches the most cost-effective global poverty charities and educates t",2026-09-16T10:12:29Z,UK charity 1149828 recovered via findthatcharity locator; grant schedule not on this JSON,1,Charity Commission accounts for year ending 2026-06-30 (Companies House next accounts made up to 30 June 2026 due by 31 March 2027),findthatcharity is a locator of the Charity Commission record. Income is not converted to USD and is not a METR amount.,Primary research/primary/MD22-intermediary-returns/findthatcharity-1149828.json.json-20260916T100418Z. Distinct from EV USA EIN 47-1988398. Cite lineage MDF0128–MDF0144 for US 990-PF grants into this UK charity; those are not METR.
83,C,MDS,C06.E1,Effective Ventures Foundation (UK) Companies House overview — METR grant line,grantmaker,,07962181,,,,,,,,,,,,,,,,,,,,,,,,,,,state registries,GET https://find-and-update.company-information.service.gov.uk/company/07962181 HTML; search METR|Model Evaluation,https://find-and-update.company-information.service.gov.uk/company/07962181,"Last accounts made up to
                      <strong>30 June 2025</strong>
                      </p>
                <!-- // to be reinstated
                -->
         </div>

            <div class=""column-half"">
                    <h2 class=""heading-medium""><strong>Confirmation statement</s",2026-09-16T10:11:59Z,none found in Companies House overview for EFFECTIVE VENTURES FOUNDATION (UK) 07962181 as of 2026-09-16T10:11:59Z for a METR grant schedule line,0,full accounts PDF made up to 30 June 2025 (filed; grant notes if any) and next accounts made up to 30 June 2026 due by 31 March 2027,"Overview page has status, FYE and due dates, not a grant list. Previous names include EFFECTIVE VENTURES FOUNDATION and CENTRE FOR EFFECTIVE ALTRUISM.",Primary research/primary/MD22-intermediary-returns/ch-ev-uk-07962181.html-20260916T100418Z.
84,C,MDE,C02.E5;C06.E1,Longview Inc. Ltd UK company 14444004 (foreign legal filer under Longview brand),grantmaker,LONGVIEW INC. LTD,Companies House 14444004,Longview Inc. Ltd,,,,,,,,,,,,,,,,,,,,,,,,,,state registries,GET https://find-and-update.company-information.service.gov.uk/company/14444004,https://find-and-update.company-information.service.gov.uk/company/14444004,"Private company limited by guarantee without share capital
                </span>

            </dd>
        </dl>

        <dl class=""column-third"">
                <dt id=""company-birth-type"">Incorporated on</dt>
                <dd class=""data"" id=""company-creation-date"">26 October 2022</dd>
   ",2026-09-16T10:11:55Z,UK filer 14444004 recovered; overview is not a METR grant schedule,1,accounts made up to 31 December 2025 due by 2026-09-30,Not a Charity Commission charity (search treated separately). Distinct from EIN 93-2664730.,This-lane re-fetch of MD10#12 / MDE0033. Primary research/primary/MD22-intermediary-returns/ch-longview-14444004.html-20260916T100418Z.
85,C,MDS,C06.E1,Longview Inc. Ltd FY2024 accounts PDF vs METR,grantmaker,,14444004 AA to 31 December 2024,,,,,,,,,,,,,,,,,,,,,,,,,,,funder filings,GET https://find-and-update.company-information.service.gov.uk/company/14444004/filing-history/MzQ4MzcxMjE5OGFkaXF6a2N4/document?format=pdf&download=0 ; pdftotext/strings METR|grant,https://find-and-update.company-information.service.gov.uk/company/14444004/filing-history/MzQ4MzcxMjE5OGFkaXF6a2N4/document?format=pdf&download=0,none found in Longview Inc. Ltd total exemption full accounts made up to 31 December 2024 (Companies House PDF MzQ4MzcxMjE5OGFkaXF6a2N4) as of 2026-09-16T10:12:02Z,2026-09-16T10:12:02Z,none found in Longview Inc. Ltd total exemption full accounts made up to 31 December 2024 (Companies House PDF MzQ4MzcxMjE5OGFkaXF6a2N4) as of 2026-09-16T10:12:02Z,0,"accounts made up to 31 December 2025 due by 2026-09-30, or a grant schedule if later filed",Small-company accounts often omit a grant list. Scanned PDFs may have no text layer.,This-lane re-fetch of MD10#15. Primary research/primary/MD22-intermediary-returns/ch-longview-aa-2024.pdf.pdf-20260916T100418Z.
86,C,MDE,C06.E1,Founders Pledge Ltd UK company 08565148 (foreign legal filer),grantmaker,,Companies House 08565148,Founders Pledge Ltd,,,,,,,,,,,,,,,,,,,,,,,,,,state registries,GET https://find-and-update.company-information.service.gov.uk/company/08565148,https://find-and-update.company-information.service.gov.uk/company/08565148,"Company status</dt>
                <dd class=""text data"" id=""company-status"">
                    Active
                </dd>
            </dl>

    </div>

    <div class=""grid-row"">
        <dl class=""column-two-thirds"">
            <dt>Company type</dt>
            <dd id=""company-type"" style=""",2026-09-16T10:11:57Z,UK filer 08565148 recovered; overview is not a METR grant schedule,1,accounts made up to 31 December 2025 due by 30 September 2026,Overview is not a grant schedule. Distinct from Founders Pledge Inc EIN 37-1795297.,Primary research/primary/MD22-intermediary-returns/ch-fp-ltd-08565148.html-20260916T100418Z.
87,C,MDS,C06.E1,Charity Commission for England and Wales register search Longview Philanthropy,,,,,,,,,,,,,,,,,,,,,,,,,,,,,,state registries,GET https://register-of-charities.charitycommission.gov.uk/en/charity-search/-/charity-details/search?q=Longview+Philanthropy,https://register-of-charities.charitycommission.gov.uk/en/charity-search/-/charity-details/search?q=Longview+Philanthropy,"Search the register of charities</title>


	<meta content=""initial-scale=1.0, width=device-width"" name=""viewport"" />
































<meta content=""text/html; charset=UTF-8"" http-equiv=""content-type"" />












<script type=""importmap"">{""imports"":{""@clayui/breadcrumb"":""/o/fronten",2026-09-16T10:12:36Z,none found in Charity Commission for England and Wales register search q=Longview Philanthropy as of 2026-09-16T10:12:36Z for a named Longview Philanthropy charity,0,"Companies House accounts for Longview Inc. Ltd 14444004 (the UK vehicle is a company limited by guarantee, not a recovered Commission charity)",Search UI may be a JS shell with no result list in the HTML. Blind spot: a charity could exist under a different legal name.,This-lane re-fetch of MD10#17. Primary research/primary/MD22-intermediary-returns/cc-search-longview.html-20260916T100418Z.
88,D,MDT,C06.E1,Founders Pledge Inc fiscal-year basis and next unfiled year,grantmaker,,EIN 37-1795297,,,,,2024-01-01,2024-12-31,,,,,2024-12-31,interval,calendar year / Form 990 tax year,,,,,,,,,,,,,,funder filings,GT XML 202523079349303352 TaxPeriodBeginDt/EndDt; index_2026.csv EIN 371795297,https://gt990datalake-rawdata.s3.amazonaws.com/EfileData/XmlFiles/202523079349303352_public.xml,"<TaxPeriodBeginDt>2024-01-01</TaxPeriodBeginDt>
    <Filer>
      <EIN>371795297</EIN>
      <BusinessName>
        <BusinessNameLine1Txt>FOUNDERS PLEDGE INC</BusinessNameLine1Txt>
      </BusinessName>
      <BusinessNameControlTxt>FOUN</BusinessNameControlTxt>
      <PhoneNum>6465859644</PhoneNum>",2026-09-16T10:07:30Z,Founders Pledge Inc files calendar year / Form 990 tax year. Latest recovered period 2024-01-01 to 2024-12-31. TY2025 absent from index_2026.csv this fetch (no row for EIN 371795297).,1,"TY2025 Form 990/990-PF original due 2026-05-15, commonly extended to 2026-11-16","index_2026.csv is a snapshot. A later TEOS batch can add a return without a new calendar year. A not-yet-due return is a calendar closer, not a negative finding.",STATE calendar closer: June-year DAF FY2026 and calendar TY2025 after 2026-11-16. This-lane XML research/primary/MD22-intermediary-returns/gt-xml-202523079349303352.xml-20260916T100418Z.
89,D,MDT,C06.E1,Longview Philanthropy USA Inc fiscal-year basis and next unfiled year,foundation,,EIN 93-2664730,,,,,2024-01-01,2024-12-31,,,,,2024-12-31,interval,calendar year; first US 990 year 2024 (ruling 2024-02),,,,,,,,,,,,,,funder filings,GT XML 202503179349304265 TaxPeriodBeginDt/EndDt; index_2026.csv EIN 932664730,https://gt990datalake-rawdata.s3.amazonaws.com/EfileData/XmlFiles/202503179349304265_public.xml,"<TaxPeriodBeginDt>2024-01-01</TaxPeriodBeginDt>
    <Filer>
      <EIN>932664730</EIN>
      <BusinessName>
        <BusinessNameLine1Txt>LONGVIEW PHILANTHROPY USA INC</BusinessNameLine1Txt>
      </BusinessName>
      <BusinessNameControlTxt>LONG</BusinessNameControlTxt>
      <PhoneNum>9145574508<",2026-09-16T10:07:53Z,Longview Philanthropy USA Inc files calendar year; first US 990 year 2024 (ruling 2024-02). Latest recovered period 2024-01-01 to 2024-12-31. TY2025 absent from index_2026.csv this fetch (no row for EIN 932664730).,1,"TY2025 Form 990/990-PF original due 2026-05-15, commonly extended to 2026-11-16","index_2026.csv is a snapshot. A later TEOS batch can add a return without a new calendar year. A not-yet-due return is a calendar closer, not a negative finding.",STATE calendar closer: June-year DAF FY2026 and calendar TY2025 after 2026-11-16. This-lane XML research/primary/MD22-intermediary-returns/gt-xml-202503179349304265.xml-20260916T100418Z.
90,D,MDT,C06.E1,Every Org fiscal-year basis and next unfiled year,grantmaker,,EIN 61-1913297,,,,,2024-01-01,2024-12-31,,,,,2024-12-31,interval,calendar year 990-PF,,,,,,,,,,,,,,funder filings,GT XML 202502749349100700 TaxPeriodBeginDt/EndDt; index_2026.csv EIN 611913297,https://gt990datalake-rawdata.s3.amazonaws.com/EfileData/XmlFiles/202502749349100700_public.xml,"<TaxPeriodBeginDt>2024-01-01</TaxPeriodBeginDt>
    <Filer>
      <EIN>611913297</EIN>
      <BusinessName>
        <BusinessNameLine1Txt>EVERY ORG</BusinessNameLine1Txt>
      </BusinessName>
      <BusinessNameControlTxt>EVER</BusinessNameControlTxt>
      <PhoneNum>4156500503</PhoneNum>
      <US",2026-09-16T10:07:31Z,Every Org files calendar year 990-PF. Latest recovered period 2024-01-01 to 2024-12-31. TY2025 absent from index_2026.csv this fetch (no row for EIN 611913297).,1,"TY2025 Form 990/990-PF original due 2026-05-15, commonly extended to 2026-11-16","index_2026.csv is a snapshot. A later TEOS batch can add a return without a new calendar year. A not-yet-due return is a calendar closer, not a negative finding.",STATE calendar closer: June-year DAF FY2026 and calendar TY2025 after 2026-11-16. This-lane XML research/primary/MD22-intermediary-returns/gt-xml-202502749349100700.xml-20260916T100418Z.
91,D,MDT,C06.E1,Effective Ventures Foundation USA fiscal-year basis and next unfiled year,grantmaker,,EIN 47-1988398,,,,,2024-07-01,2025-06-30,,,,,2025-06-30,interval,1 July – 30 June Form 990 year,,,,,,,,,,,,,,funder filings,GT XML 202601359349300640 TaxPeriodBeginDt/EndDt; index_2026.csv EIN 471988398,https://gt990datalake-rawdata.s3.amazonaws.com/EfileData/XmlFiles/202601359349300640_public.xml,"<TaxPeriodBeginDt>2024-07-01</TaxPeriodBeginDt>
    <Filer>
      <EIN>471988398</EIN>
      <BusinessName>
        <BusinessNameLine1Txt>EFFECTIVE VENTURES FOUNDATION USA INC</BusinessNameLine1Txt>
      </BusinessName>
      <BusinessNameControlTxt>EFFE</BusinessNameControlTxt>
      <PhoneNum>415",2026-09-16T10:08:39Z,Effective Ventures Foundation USA files 1 July – 30 June Form 990 year. Latest recovered period 2024-07-01 to 2025-06-30. FY2026 (ending 2026-06-30) is unfiled.,1,FY2026 Form 990 original due 2026-11-16 (15th day of 5th month after 2026-06-30),"index_2026.csv is a snapshot. A later TEOS batch can add a return without a new calendar year. A not-yet-due return is a calendar closer, not a negative finding.",STATE calendar closer: June-year DAF FY2026 and calendar TY2025 after 2026-11-16. This-lane XML research/primary/MD22-intermediary-returns/gt-xml-202601359349300640.xml-20260916T100418Z.
92,D,MDT,C06.E1,Vanguard Charitable Endowment Program fiscal-year basis and next unfiled year,DAF sponsor,,EIN 23-2888152,,,,,2024-07-01,2025-06-30,,,,,2025-06-30,interval,1 July – 30 June Form 990 year,,,,,,,,,,,,,,DAF sponsor filings,index_2026.csv EIN 232888152 OBJECT_ID 202621329349306657 TAX_PERIOD 202506; ProPublica org full page locator,https://apps.irs.gov/pub/epostcard/990/xml/2026/index_2026.csv,"202621329349306657,2026_TEOS_XML_05A
24404601,EFILE,461008520,202506,2026,GOOD VENTURES FOUNDATION,990PF,93491135028296,202641359349102829,2026_TEOS_XML_05A
24409719,EFILE,461008520,202506,2026,GOOD VENTURES FOUNDATION,990T,93393135014676,202621359339301467,2026_TEOS_XML_05A
",2026-09-16T10:07:54Z,"Vanguard Charitable Endowment Program files 1 July – 30 June Form 990 year. Latest recovered period 2024-07-01 to 2025-06-30. FY2025 (TAX_PERIOD 202506, object 202621329349306657) is in index_2026; GT XML 404 this fetch so the ProPublica Schedule I render is the working primary. FY2026 unfiled.",1,FY2026 Form 990 original due 2026-11-16 (15th day of 5th month after 2026-06-30),"index_2026.csv is a snapshot. A later TEOS batch can add a return without a new calendar year. A not-yet-due return is a calendar closer, not a negative finding.",STATE calendar closer: June-year DAF FY2026 and calendar TY2025 after 2026-11-16. FY2025 990 object 202621329349306657 is in the index; GT XML 404. Primary research/primary/MD22-intermediary-returns/irs-index-2026-intermediary-hits.csv-20260916T100418Z.
93,D,MDT,C06.E1,Silicon Valley Community Foundation fiscal-year basis and next unfiled year,DAF sponsor,,EIN 20-5205488,,,,,2024-01-01,2024-12-31,,,,,2024-12-31,interval,calendar year Form 990,,,,,,,,,,,,,,DAF sponsor filings,GT XML 202543149349305759 TaxPeriodBeginDt/EndDt; index_2026.csv EIN 205205488,https://gt990datalake-rawdata.s3.amazonaws.com/EfileData/XmlFiles/202543149349305759_public.xml,"<TaxPeriodBeginDt>2024-01-01</TaxPeriodBeginDt>
    <Filer>
      <EIN>205205488</EIN>
      <BusinessName>
        <BusinessNameLine1Txt>Silicon Valley Community Foundation</BusinessNameLine1Txt>
      </BusinessName>
      <BusinessNameControlTxt>SILI</BusinessNameControlTxt>
      <PhoneNum>65045",2026-09-16T10:07:40Z,Silicon Valley Community Foundation files calendar year Form 990. Latest recovered period 2024-01-01 to 2024-12-31. TY2025 absent from index_2026.csv this fetch (no row for EIN 205205488).,1,"TY2025 Form 990/990-PF original due 2026-05-15, commonly extended to 2026-11-16","index_2026.csv is a snapshot. A later TEOS batch can add a return without a new calendar year. A not-yet-due return is a calendar closer, not a negative finding.",STATE calendar closer: June-year DAF FY2026 and calendar TY2025 after 2026-11-16. This-lane XML research/primary/MD22-intermediary-returns/gt-xml-202543149349305759.xml-20260916T100418Z.
94,D,MDT,C06.E1,Longview Inc. Ltd / Founders Pledge Ltd / EV UK next accounts dates,grantmaker,,14444004; 08565148; 07962181,,,,,,,,,,,,,,,,,,,,,,,,,,,state registries,"GET Companies House overviews 14444004, 08565148, 07962181 Accounts section",https://find-and-update.company-information.service.gov.uk/company/14444004,"Next accounts made up to                            <strong>31 December 2025</strong>
                            <br>
                            due by
                            <strong>30 September 2026</strong>
                    </p>

                      <p>
                      Last acco",2026-09-16T10:11:55Z,"UK companies: next accounts dates recovered from Companies House overviews (see quote). Due dates are Companies House filing deadlines, not IRS 990 dates.",3,Longview Inc. Ltd and Founders Pledge Ltd accounts made up to 31 December 2025 due by 2026-09-30; EV UK accounts made up to 30 June 2026 due by 2027-03-31,"Due dates are Companies House filing deadlines, not IRS 990 dates. Grant schedules may still be omitted from small-company accounts.","Primaries research/primary/MD22-intermediary-returns/ch-longview-14444004.html-20260916T100418Z, research/primary/MD22-intermediary-returns/ch-fp-ltd-08565148.html-20260916T100418Z, research/primary/MD22-intermediary-returns/ch-ev-uk-07962181.html-20260916T100418Z."
95,E,MDS,C06.E1,IRS TEOS web app from this host,,,,,,,,,,,,,,,,,,,,,,,,,,,,,,IRS TEOS and e-file index,GET https://apps.irs.gov/app/eos/ (curl),https://apps.irs.gov/app/eos/,"Access Denied</TITLE>
</HEAD><BODY>
<H1>Access Denied</H1>
 
You don't have permission to access ""http&#58;&#47;&#47;apps&#46;irs&#46;gov&#47;app&#47;eos&#47;"" on this server.<P>
Reference&#32;&#35;18&#46;486ccd17&#46;1789553491&#46;e1e9c58
<P>https&#58;&#47;&#47;errors&#46;edgesuite&#46;net&#47;18&",2026-09-16T10:11:31Z,none found in IRS TEOS web app https://apps.irs.gov/app/eos/ as of 2026-09-16T10:11:31Z (HTTP 403),0,IRS bulk index_YYYY.csv and GivingTuesday XML (used for Task A),Known host 403/block. Does not waive Task A: bulk index and XML were used instead.,caps_hit. Primary research/primary/MD22-intermediary-returns/irs-teos-app.html-20260916T100418Z.
96,E,MDS,C06.E1,AWS irs-form-990 index_YYYY.csv locator,,,,,,,,,,,,,,,,,,,,,,,,,,,,,,IRS TEOS and e-file index,GET https://s3.amazonaws.com/irs-form-990/index_2025.csv and index_2026.csv,https://s3.amazonaws.com/irs-form-990/index_2025.csv,NoSuchKey</Code><Message>The specified key does not exist.</Message><Key>index_2025.csv</Key><RequestId>6N7J2BQQJ2V55E66</RequestId><HostId>UnYJMRAykDnjx846iYidCuRzHSQLfviJRLdELtVdyyDeVVzSJ0W4VPNU8IYnYC5GvztK3enJLzA=</HostId></Error>,2026-09-16T10:11:33Z,none found in s3.amazonaws.com/irs-form-990/index_2025.csv as of 2026-09-16T10:11:33Z (HTTP 404),0,apps.irs.gov/pub/epostcard/990/xml/YYYY/index_YYYY.csv (working route this lane),Legacy AWS index URL failed; epostcard index was the working route.,caps_hit.
97,E,MDS,C06.E1,GivingTuesday S3 XML for Vanguard FY2025 object 202621329349306657,,,,,,,,,,,,,,,,,,,,,,,,,,,,,,DAF sponsor filings,GET https://gt990datalake-rawdata.s3.amazonaws.com/EfileData/XmlFiles/202621329349306657_public.xml,https://gt990datalake-rawdata.s3.amazonaws.com/EfileData/XmlFiles/202621329349306657_public.xml,HTTP 404 bytes=339,2026-09-16T10:08:40Z,none found in GivingTuesday S3 XML object 202621329349306657 as of 2026-09-16T10:08:40Z (HTTP 404),0,"ProPublica full_text IRS990ScheduleI render (used for the METR $4,000,000 line in Task A)",Lake lag vs IRS index_2026. ProPublica download-xml also recorded separately.,caps_hit. Error body research/primary/MD22-intermediary-returns/gt-xml-202621329349306657-error.txt-20260916T100418Z.
98,E,MDS,C02.E5;C06.E1,every.org/metr live nonprofit page,,,,,,,,,,,,,,,,,,,,,,,,,,,,,,public grant databases,GET https://www.every.org/metr,https://www.every.org/metr,Vercel Security Checkpoint</title><style>.spinner[data-astro-cid-ijmsm3te]{flex-direction:column;justify-content:center;align-items:center;display:flex}.spinner-circle[data-astro-cid-ijmsm3te]{transform-origin:50%;animation:1s step-start infinite spinner-circle-animate}rect[data-astro-cid-ijmsm3te]{,2026-09-16T10:11:38Z,none found in https://www.every.org/metr as of 2026-09-16T10:11:38Z (HTTP 429; no grant rows recovered),0,Every Org TY2025 990-PF; metr.org/donate processor statement,"Rate-limit / bot checkpoint if 429. Blind spot: nonprofit profile and donor-facing ledger behind the checkpoint. HTTP failure is a search failure, not proof of no METR profile.",caps_hit. Primary research/primary/MD22-intermediary-returns/every-metr.html-20260916T100418Z. Processor statement recovered from metr.org/donate instead.
99,E,MDS,C06.E1,Charity Commission charity-details URL for 1149828,,,,,,,,,,,,,,,,,,,,,,,,,,,,,,state registries,GET https://register-of-charities.charitycommission.gov.uk/en/charity-details/?regId=1149828&subId=0,https://register-of-charities.charitycommission.gov.uk/en/charity-details/?regId=1149828&subId=0,"404"":false,""LPD-40530"":true,""LPD-20640"":false,""LPS-198183"":false,""LPD-38869"":true,""LPD-35678"":false,""LPD-6378"":false,""LPS-153714"":false,""LPD-11848"":false,""LPS-170670"":false,""LPD-7822"":false,""LPS-169981"":false,""LPD-21926"":false,""LPS-177027"":false,""LPD-37531"":false,""LPD-11003"":false,""LPD-36446"":false,",2026-09-16T10:12:33Z,none found in Charity Commission charity-details regId=1149828 as of 2026-09-16T10:12:33Z (HTTP 404 on this URL shape),0,findthatcharity GB-CHC-1149828.json locator and Companies House 07962181,URL shape may 404; search UI is JS. Blind spot: CC accounts PDFs not recovered from this host if 404.,caps_hit. Primary research/primary/MD22-intermediary-returns/cc-charity-1149828.html-20260916T100418Z.
100,E,MDS,C06.E1,SEC EFTS search Founders Pledge METR,,,,,,,,,,,,,,,,,,,,,,,,,,,,,,SEC,GET https://efts.sec.gov/LATEST/search-index?q=%22Founders%20Pledge%22%20METR,https://efts.sec.gov/LATEST/search-index?q=%22Founders%20Pledge%22%20METR,"""hits"":{""total"":{""value"":0,""relation"":""eq""},""max_score"":null,""hits"":[]},""aggregations"":{""entity_filter"":{""doc_count_error_upper_bound"":0,""sum_other_doc_count"":0,""buckets"":[]},""sic_filter"":{""doc_count_error_upper_bound"":0,""sum_other_doc_count"":0,""buckets"":[]},""biz_states_filter"":{""doc_count_error_upp",2026-09-16T10:12:42Z,"none found in SEC EFTS search-index q=""Founders Pledge"" METR as of 2026-09-16T10:12:42Z",0,,EDGAR full-text is not a charity grant schedule. Blind spot: non-EDGAR vehicles.,Primary research/primary/MD22-intermediary-returns/sec-efts-fp-metr.json-20260916T100418Z.
101,E,MDS,C06.E1,CourtListener opinion search Founders Pledge METR,,,,,,,,,,,,,,,,,,,,,,,,,,,,,,court dockets,GET https://www.courtlistener.com/?q=%22Founders%20Pledge%22%20METR&type=o,https://www.courtlistener.com/?q=%22Founders%20Pledge%22%20METR&type=o,403C15.4255 0.117067 15.1285 -0.00236799 14.82 5.27285e-05ZM4.744 13.6401H2.369V5.99605H4.744V13.6381V13.6401ZM3.564 4.95605C3.22188 4.95851 2.8911 4.83352 2.6361 4.60543C2.3811 4.37734 2.22014 4.0625 2.18457 3.72222C2.14901 3.38195 2.24139 3.04062 2.44372 2.76474C2.64606 2.48886 2.94384 2.29817 3.2,2026-09-16T10:12:43Z,"none found in CourtListener opinion search q=""Founders Pledge"" METR as of 2026-09-16T10:12:43Z (HTTP 200)",0,,Host may 403. Blind spot: PACER-gated dockets.,Primary research/primary/MD22-intermediary-returns/courtlistener-fp-metr.html-20260916T100418Z.
102,E,MDS,C06.E1,USAspending search page,,,,,,,,,,,,,,,,,,,,,,,,,,,,,,procurement records,GET https://www.usaspending.gov/search,https://www.usaspending.gov/search,"USAspending.gov</title><link rel=""shortcut icon"" href=""img/favicon.ico""><script async id=""_fed_an_ua_tag"" src=""https://dap.digitalgov.gov/Universal-Federated-Analytics-Min.js?agency=TREAS&subagency=FS&yt=true&htmlvideo=true""></script><script>// Verint Production Embed Script v2.01
            // DO ",2026-09-16T10:12:44Z,none found in USAspending search page as of 2026-09-16T10:12:44Z for an intermediary-to-METR award (JS shell; no award rows in HTML),0,,JS SPA without server-rendered award rows. Blind spot: awards only visible after client-side query.,Primary research/primary/MD22-intermediary-returns/usaspending-search.html-20260916T100418Z.
103,E,MDS,C06.E1,Statutory records request (embargo: this lane sends nothing),,,,,,,,,,,,,,,,,,,,,,,,,,,,,,statutory records requests,lane embargo: no FOIA/CPRA/charity-commission request filed; no email/message/telephone/submit,https://metr.org/donate,"every.org</b>.</p>

    <div class=""text-center"">
      <div class=""btn btn-primary mb-4"">
        <a href=""https://www.every.org/metr?donateTo=metr#/donate/card"" class=""text-white"" style=""text-decoration: none;"">
          Donate to METR via every.org
        </a>
      </div>
      <p>(METR cannot",2026-09-16T10:12:54Z,none found in this lane for a statutory records request (lane embargo: send nothing) as of 2026-09-16T10:12:54Z,0,,Contact/donate pages exist; they were not used to send mail. Blind spot: unpublished payer detail that would require a request.,Embargo honored. URL is the public page that would have been a send path; nothing was sent.
104,E,MDS,C06.E1,Bundesanzeiger / Unternehmensregister locators for German intermediary accounts,,,,,,,,,,,,,,,,,,,,,,,,,,,,,,state registries,GET https://www.bundesanzeiger.de/pub/en/search and https://www.unternehmensregister.de/ureg/,https://www.bundesanzeiger.de/pub/en/search,"Bundesanzeiger"">
<meta name=""copyright"" content=""Bundesanzeiger Verlag"">
<meta name=""referrer"" content=""strict-origin"">
<meta name=""revisit"" content=""7 days"">
<meta name=""robots"" content=""index,follow"">
<meta name=""format-detection"" content=""telephone=no"">
<title>
Search – Federal Gazette
</title>

",2026-09-16T10:12:45Z,none found in Bundesanzeiger search landing as of 2026-09-16T10:12:45Z for a UES/Effektiv Spenden METR grant line (locator page only),0,UES gGmbH Jahresabschluss / Handelsregister extract (MD10 recorded live effektiv-spenden.org HTTP 403),This lane does not re-run MD10 pooled-regrant reconstruction. German accounts were not in the recovered HTML. Blind spot: named-filer PDF behind the search form.,"Primaries research/primary/MD22-intermediary-returns/bundesanzeiger.html-20260916T100418Z. Effektiv Spenden EUR regrant remains the MD10 issuer-page fact, not a recovered Jahresabschluss line."
105,E,MDS,C02.E3;C06.E1,METR FY2024 Form 990 named Longview/Founders Pledge/Every.org/Effective Ventures contributor,,,,,,,,,,,,,,,,,,,,,,,,,,,,,,recipient filings,GET GT XML 202523209349300367; search LONGVIEW|FOUNDERS PLEDGE|EVERY ORG|EFFECTIVE VENTURES|ContributorNum,https://gt990datalake-rawdata.s3.amazonaws.com/EfileData/XmlFiles/202523209349300367_public.xml,"<ContributorNum>RESTRICTED</ContributorNum>
        <ContributorBusinessName>
          <BusinessNameLine1>RESTRICTED</BusinessNameLine1>
        </ContributorBusinessName>
        <ContributorUSAddress>
          <AddressLine1>RESTRICTED</AddressLine1>
          <AddressLine2>RESTRICTED</AddressLin",2026-09-16T10:08:38Z,"none found in METR FY2024 Form 990 XML object 202523209349300367 as of 2026-09-16T10:08:38Z for a named Longview, Founders Pledge, Every Org, or Effective Ventures contributor",0,METR FY2025 Form 990 (STATE: after 2026-11-16); unredacted Schedule B is not public,"Public Schedule B contributor names are RESTRICTED. Blind spot: an intermediary payment could sit inside aggregated contributions. Related org named on the return is Alignment Research Center (MD12 transfer), not these intermediaries.",This-lane XML research/primary/MD22-intermediary-returns/gt-xml-202523209349300367.xml-20260916T100418Z. Recipient-side names do not replace funder Schedule I lines in Task A.
106,E,MDS,C06.E1,ProPublica Nonprofit Explorer download-xml for Vanguard FY2025,,,,,,,,,,,,,,,,,,,,,,,,,,,,,,IRS TEOS and e-file index,GET https://projects.propublica.org/nonprofits/download-xml?object_id=202621329349306657,https://projects.propublica.org/nonprofits/download-xml?object_id=202621329349306657,403KulK9hLd5h3dlg/pYxfu6p1vUt2o+4EM+4uMgR4/oTnapDzV8xud8wZceTWW7W0nv4Tt1dJ+aWqt+hrx0gk6ibno2HuSQWnJEbQ95ckwtOc6JvwF5WyU8AAAAeNpdkD1OxDAQhWMSFnIDJAvJI2spVrboqVI4kVCasKHwNPxIuxLZOyCloXHBWd52KXMxBN4EVkDj8Xuj+fRmkJgaeeP3QrzzID7f4C73efr4YCGMUmXnIJ4sTgzEiixSoyqky2rtNaugwu0mqEq9PG+QLacaG9vA1wpJ67v43ntCwfL4,2026-09-16T10:12:54Z,none found in ProPublica download-xml object 202621329349306657 as of 2026-09-16T10:12:54Z (HTTP 403),0,full_text IRS990ScheduleI HTML render (Task A),Secondary database XML download blocked; HTML full_text used as locator/render of the primary e-file.,caps_hit.
107,E,MDS,C06.E1,philanthropy.org who-funds locator,,,,,,,,,,,,,,,,,,,,,,,,,,,,,,press,GET https://www.philanthropy.org/who-funds,https://www.philanthropy.org/who-funds,"oscript>
    <meta http-equiv=""refresh"" content=""0;url=https://www.philanthropy.org/who-funds?ki-cf-botcl=1"">
  </noscript>
</head>
<body>
  <h1>Checking your browser...</h1>
  <div class=""spinner""></div>
  <p>This may take a few seconds.</p>
  <noscript>
    <p><a href=""https://www.philanthropy.org",2026-09-16T10:12:53Z,none found in https://www.philanthropy.org/who-funds as of 2026-09-16T10:12:53Z (HTTP 403),0,,HTTP 403 this fetch. Blind spot: content behind the failed route. Working alternate recorded on other Task A–D rows where one exists.,caps_hit. Primary research/primary/MD22-intermediary-returns/philanthropy-who-funds.html-20260916T100418Z.
108,E,MDS,C06.E1,OSCR Scottish charity register search landing,,,,,,,,,,,,,,,,,,,,,,,,,,,,,,state registries,GET https://www.oscr.org.uk/search/,https://www.oscr.org.uk/search/,"OSCR | Search</title>
    <meta name=""description"" content="""">
    <script src=""/dist/scripts/jquery.min.js""></script>
    <script src=""https://cdnjs.cloudflare.com/ajax/libs/stacktable.js/1.0.3/stacktable.min.js""></script>
    <script>
        (function (d) {
            var config = {
            ",2026-09-16T10:12:51Z,none found in https://www.oscr.org.uk/search/ as of 2026-09-16T10:12:51Z (HTTP 200),0,,HTTP 200 this fetch. Blind spot: content behind the failed route. Working alternate recorded on other Task A–D rows where one exists.,caps_hit. Primary research/primary/MD22-intermediary-returns/oscr-search.html-20260916T100418Z.
109,E,MDS,C06.E1,Charity Commission API search Effective Ventures,,,,,,,,,,,,,,,,,,,,,,,,,,,,,,state registries,GET https://register-of-charities.charitycommission.gov.uk/api/search?term=Effective%20Ventures,https://register-of-charities.charitycommission.gov.uk/api/search?term=Effective%20Ventures,"404"":false,""LPD-40530"":true,""LPD-20640"":false,""LPS-198183"":false,""LPD-38869"":true,""LPD-35678"":false,""LPD-6378"":false,""LPS-153714"":false,""LPD-11848"":false,""LPS-170670"":false,""LPD-7822"":false,""LPS-169981"":false,""LPD-21926"":false,""LPS-177027"":false,""LPD-37531"":false,""LPD-11003"":false,""LPD-36446"":false,",2026-09-16T10:12:40Z,none found in https://register-of-charities.charitycommission.gov.uk/api/search?term=Effective%20Ventures as of 2026-09-16T10:12:40Z (HTTP 404),0,,HTTP 404 this fetch. Blind spot: content behind the failed route. Working alternate recorded on other Task A–D rows where one exists.,caps_hit. Primary research/primary/MD22-intermediary-returns/cc-api-ev.html-20260916T100418Z.
110,E,MDS,C06.E1,Charity Commission accounts PDF pattern for 1149828 year ending 2025-06-30,,,,,,,,,,,,,,,,,,,,,,,,,,,,,,state registries,GET https://apps.charitycommission.gov.uk/Accounts/Ends28/0001149828_AC_20250630_E_C.pdf,https://apps.charitycommission.gov.uk/Accounts/Ends28/0001149828_AC_20250630_E_C.pdf,"404 - File or directory not found.</title>
<style type=""text/css"">
<!--
body{margin:0;font-size:.7em;font-family:Verdana, Arial, Helvetica, sans-serif;background:#EEEEEE;}
fieldset{padding:0 15px 10px 15px;} 
h1{font-size:2.4em;margin:0;color:#FFF;}
h2{font-size:1.7em;margin:0;color:#CC0000;} 
h3{fo",2026-09-16T10:12:41Z,none found in https://apps.charitycommission.gov.uk/Accounts/Ends28/0001149828_AC_20250630_E_C.pdf as of 2026-09-16T10:12:41Z (HTTP 404),0,,HTTP 404 this fetch. Blind spot: content behind the failed route. Working alternate recorded on other Task A–D rows where one exists.,caps_hit. Primary research/primary/MD22-intermediary-returns/cc-ev-accounts-20250630.pdf-20260916T100418Z.
111,E,MDS,C02.E5;C06.E1,r.jina.ai proxy of every.org/metr,,,,,,,,,,,,,,,,,,,,,,,,,,,,,,public grant databases,GET https://r.jina.ai/https://www.every.org/metr,https://r.jina.ai/https://www.every.org/metr,"search === '' && location.href.slice(0, location.href.length - window._cf_chl_opt.cOgUHash.length).indexOf('?') !== -1 ? '?' : location.search;if (window.history && window.history.replaceState) {var ogU = location.pathname + window._cf_chl_opt.cOgUQuery + window._cf_chl_opt.cOgUHash;history.replaceS",2026-09-16T10:11:39Z,none found in https://r.jina.ai/https://www.every.org/metr as of 2026-09-16T10:11:39Z (HTTP 403),0,,HTTP 403 this fetch. Blind spot: content behind the failed route. Working alternate recorded on other Task A–D rows where one exists.,caps_hit. Primary research/primary/MD22-intermediary-returns/jina-every-metr.html-20260916T100418Z.
112,E,MDS,C06.E1,IRS TEOS public landing page www.irs.gov,,,,,,,,,,,,,,,,,,,,,,,,,,,,,,IRS TEOS and e-file index,GET https://www.irs.gov/charities-non-profits/tax-exempt-organization-search,https://www.irs.gov/charities-non-profits/tax-exempt-organization-search,"Access Denied</TITLE>
</HEAD><BODY>
<H1>Access Denied</H1>
 
You don't have permission to access ""http&#58;&#47;&#47;www&#46;irs&#46;gov&#47;charities&#45;non&#45;profits&#47;tax&#45;exempt&#45;organization&#45;search"" on this server.<P>
Reference&#32;&#35;18&#46;486ccd17&#46;1789553492&#46;e1e9cd5
",2026-09-16T10:11:32Z,none found in https://www.irs.gov/charities-non-profits/tax-exempt-organization-search as of 2026-09-16T10:11:32Z (HTTP 403),0,,HTTP 403 this fetch. Blind spot: content behind the failed route. Working alternate recorded on other Task A–D rows where one exists.,caps_hit. Primary research/primary/MD22-intermediary-returns/irs-teos-landing.html-20260916T100418Z.
113,E,MDS,C06.E1,ev.org/usa live page,,,,,,,,,,,,,,,,,,,,,,,,,,,,,,issuer statements,GET https://www.ev.org/usa,https://www.ev.org/usa,"404 wp-custom-logo post-statement-on-charity-commission-inquiry-into-effective-ventures-foundation-uk hfeed"">

<!-- header start here -->
<header>
	<div class=""container"">
		<div class=""site-header"">
			<div class=""header-logo"">
				<a href=""https://ev.org"" title=""Effective Ventures"">
					<div clas",2026-09-16T10:11:50Z,none found in https://www.ev.org/usa as of 2026-09-16T10:11:50Z (HTTP 404),0,,HTTP 404 this fetch. Blind spot: content behind the failed route. Working alternate recorded on other Task A–D rows where one exists.,caps_hit. Primary research/primary/MD22-intermediary-returns/ev-usa.html-20260916T100418Z.
114,E,MDS,C06.E1,"index_2026.csv for Founders Pledge, Longview USA, Every Org, CEA Inc, SVCF TY2025 returns",,,,,,,,,,,,,,,,,,,,,,,,,,,,,,IRS TEOS and e-file index,"stream https://apps.irs.gov/pub/epostcard/990/xml/2026/index_2026.csv filter EIN in {371795297,932664730,611913297,333737390,205205488}",https://apps.irs.gov/pub/epostcard/990/xml/2026/index_2026.csv,"OBJECT_ID,XML_BATCH_ID
,EFILE,471988398,202506,2026,EFFECTIVE VENTURES FOUNDATION USA INC,990,93493135006406,202601359349300640,2026_TEOS_XML_05A
24407600,EFILE,232888152,202506,2026,VANGUARD CHARITABLE ENDOWMENT PROGRAM,990T,93393132016516,202611329339301651,2026_TEOS_XML_05A
,EFILE,232888152,20250",2026-09-16T10:04:28Z,"none found in IRS e-file index_2026.csv as of 2026-09-16T10:04:28Z for EIN 371795297, 932664730, 611913297, 333737390, 205205488",0,TY2025/FY2026 990s after 2026-11-16 as in Task D,Snapshot. A later daily TEOS zip can add objects. EV USA FY2025 / Vanguard FY2025 may be present (already filed).,Hit file research/primary/MD22-intermediary-returns/irs-index-2026-intermediary-hits.csv-20260916T100418Z.
115,E,MDS,C06.E1,IRS e-file index_2027.csv,,,,,,,,,,,,,,,,,,,,,,,,,,,,,,IRS TEOS and e-file index,GET https://apps.irs.gov/pub/epostcard/990/xml/2027/index_2027.csv,https://apps.irs.gov/pub/epostcard/990/xml/2027/index_2027.csv,HTTP 404 bytes=86733,2026-09-16T10:04:29Z,none found in IRS e-file index_2027.csv as of 2026-09-16T10:04:29Z (HTTP 404),0,index_2026.csv is the latest working publication-year index this fetch,No 2027 publication year index yet. Not a negative on any filer's TY2026 return.,"Calendar closer, not a content negative."
116,E,MDS,C06.E1,Form 990-T index hits for intermediaries/sponsors are not grant schedules,,,,,,,,,,,,,,,,,,,,,,,,,,,,,,IRS TEOS and e-file index,index_2021..index_2026 filter RETURN_TYPE=990T for intermediary EINs,https://apps.irs.gov/pub/epostcard/990/xml/2026/index_2026.csv,"990T,93393136029394,202441369339302939,2024_TEOS_XML_05a
22599989,EFILE,232888152,202306,2024,VANGUARD CHARITABLE ENDOWMENT PROGRAM,990,93493135094394,202441359349309439,2024_TEOS_XML_05a
22910600,EFILE,232888152,202306,2024,VANGUARD CHARITABLE ENDOWMENT PROGRAM,990T,93393135024714,20241135933930247",2026-09-16T10:12:54Z,none found in 15 Form 990-T index hits as of 2026-09-16T10:12:54Z for a METR grant-schedule line (990-T is unrelated-business income; not Schedule I),0,The companion Form 990/990-PF for the same tax period (Task A),Form 990-T does not carry a charitable grant schedule. Blind spot: none for METR grants; use the 990. 990-T XMLs were not downloaded.,"Index proof those tax years exist; grant test is on the 990/990-PF, not the 990-T."
117,C,MDS,C06.E1,"Effective Ventures Foundation (UK) 44-page accounts PDF (Companies House 07962181) vs METR (scanned TIFF, no text layer)",grantmaker,,07962181 MzUwNDQ3MTAxM2FkaXF6a2N4,,,,,,,,,,,,,,,,,,,,,,,,,,,funder filings,GET https://find-and-update.company-information.service.gov.uk/company/07962181/filing-history/MzUwNDQ3MTAxM2FkaXF6a2N4/document?format=pdf&download=0 ; pdftotext/strings METR|Model Evaluation,https://find-and-update.company-information.service.gov.uk/company/07962181/filing-history/MzUwNDQ3MTAxM2FkaXF6a2N4/document?format=pdf&download=0,none found in Effective Ventures Foundation (UK) Companies House accounts PDF MzUwNDQ3MTAxM2FkaXF6a2N4 as of 2026-09-16T10:12:54Z (go-tiff2pdf scanned document; pdftotext empty; strings contain no METR),2026-09-16T10:12:54Z,none found in Effective Ventures Foundation (UK) Companies House accounts PDF MzUwNDQ3MTAxM2FkaXF6a2N4 as of 2026-09-16T10:12:54Z for a METR grant line,0,"next accounts made up to 30 June 2026 due by 31 March 2027, or a text-layer / OCR of these PDFs",PDF is Companies House go-tiff2pdf (scanned TIFF); no text layer. Blind spot: a METR grant note could exist on the image pages and would not match strings/pdftotext. OCR was not available on this host.,Primary research/primary/MD22-intermediary-returns/ch-ev-uk-07962181-doc-MzUwNDQ3MTAxM2FkaXF6a2N4.pdf-20260916T100418Z. Distinct from EV USA EIN 47-1988398.
118,C,MDS,C06.E1,"Effective Ventures Foundation (UK) 47-page accounts PDF (Companies House 07962181) vs METR (scanned TIFF, no text layer)",grantmaker,,07962181 MzQ2MDU2NjI0MmFkaXF6a2N4,,,,,,,,,,,,,,,,,,,,,,,,,,,funder filings,GET https://find-and-update.company-information.service.gov.uk/company/07962181/filing-history/MzQ2MDU2NjI0MmFkaXF6a2N4/document?format=pdf&download=0 ; pdftotext/strings METR|Model Evaluation,https://find-and-update.company-information.service.gov.uk/company/07962181/filing-history/MzQ2MDU2NjI0MmFkaXF6a2N4/document?format=pdf&download=0,none found in Effective Ventures Foundation (UK) Companies House accounts PDF MzQ2MDU2NjI0MmFkaXF6a2N4 as of 2026-09-16T10:12:54Z (go-tiff2pdf scanned document; pdftotext empty; strings contain no METR),2026-09-16T10:12:54Z,none found in Effective Ventures Foundation (UK) Companies House accounts PDF MzQ2MDU2NjI0MmFkaXF6a2N4 as of 2026-09-16T10:12:54Z for a METR grant line,0,"next accounts made up to 30 June 2026 due by 31 March 2027, or a text-layer / OCR of these PDFs",PDF is Companies House go-tiff2pdf (scanned TIFF); no text layer. Blind spot: a METR grant note could exist on the image pages and would not match strings/pdftotext. OCR was not available on this host.,Primary research/primary/MD22-intermediary-returns/ch-ev-uk-07962181-doc-MzQ2MDU2NjI0MmFkaXF6a2N4.pdf-20260916T100418Z. Distinct from EV USA EIN 47-1988398.
119,C,MDS,C06.E1,"Founders Pledge Ltd group accounts made up to 31 December 2024 vs METR (scanned TIFF, no text layer)",grantmaker,,08565148 AA MzQ4MzQyNDk1N2FkaXF6a2N4,,,,,,,,,,,,,,,,,,,,,,,,,,,funder filings,GET https://find-and-update.company-information.service.gov.uk/company/08565148/filing-history/MzQ4MzQyNDk1N2FkaXF6a2N4/document?format=pdf&download=0 ; pdftotext/strings METR|Model Evaluation,https://find-and-update.company-information.service.gov.uk/company/08565148/filing-history/MzQ4MzQyNDk1N2FkaXF6a2N4/document?format=pdf&download=0,none found in Founders Pledge Ltd group accounts made up to 31 December 2024 (Companies House PDF MzQ4MzQyNDk1N2FkaXF6a2N4) as of 2026-09-16T10:12:54Z (go-tiff2pdf scanned document; pdftotext empty; strings contain no METR),2026-09-16T10:12:54Z,none found in Founders Pledge Ltd group accounts made up to 31 December 2024 (Companies House PDF MzQ4MzQyNDk1N2FkaXF6a2N4) as of 2026-09-16T10:12:54Z for a METR grant line,0,accounts made up to 31 December 2025 due by 30 September 2026,PDF is Companies House go-tiff2pdf (scanned TIFF); no text layer. Distinct from Founders Pledge Inc EIN 37-1795297. Blind spot: image-only grant notes.,Primary research/primary/MD22-intermediary-returns/ch-fp-ltd-aa-MzQ4MzQyNDk1N2FkaXF6a2N4.pdf-20260916T100418Z.
120,C,MDS,C06.E1,"Founders Pledge Ltd group accounts made up to 31 December 2023 vs METR (scanned TIFF, no text layer)",grantmaker,,08565148 AA MzQyNzgwOTcyOGFkaXF6a2N4,,,,,,,,,,,,,,,,,,,,,,,,,,,funder filings,GET https://find-and-update.company-information.service.gov.uk/company/08565148/filing-history/MzQyNzgwOTcyOGFkaXF6a2N4/document?format=pdf&download=0 ; pdftotext/strings METR|Model Evaluation,https://find-and-update.company-information.service.gov.uk/company/08565148/filing-history/MzQyNzgwOTcyOGFkaXF6a2N4/document?format=pdf&download=0,none found in Founders Pledge Ltd group accounts made up to 31 December 2023 (Companies House PDF MzQyNzgwOTcyOGFkaXF6a2N4) as of 2026-09-16T10:12:54Z (go-tiff2pdf scanned document; pdftotext empty; strings contain no METR),2026-09-16T10:12:54Z,none found in Founders Pledge Ltd group accounts made up to 31 December 2023 (Companies House PDF MzQyNzgwOTcyOGFkaXF6a2N4) as of 2026-09-16T10:12:54Z for a METR grant line,0,accounts made up to 31 December 2025 due by 30 September 2026,PDF is Companies House go-tiff2pdf (scanned TIFF); no text layer. Distinct from Founders Pledge Inc EIN 37-1795297. Blind spot: image-only grant notes.,Primary research/primary/MD22-intermediary-returns/ch-fp-ltd-aa-MzQyNzgwOTcyOGFkaXF6a2N4.pdf-20260916T100418Z.
121,B,MDF,C02.E5;C06.E1,"Good Ventures Foundation FY2025 990-PF grant to Founders Pledge Inc (payer-into-FP, not METR)",foundation,,EIN 46-1008520; object 202641359349102829,Good Ventures Foundation,Founders Pledge Inc,,filed grant into intermediary,2024-07-01,2025-06-30,,filed_grant,250000,USD,2025-06-30,interval,FY2025 (2024-07-01 to 2025-06-30),filed as granted,SUPPORT MATCHING SCHEME TO PROMOTE DONATIONS FROM MEMBERS TO TOP CHARITIES,,,,,,,,,,,yes,funder filings,GET ProPublica full_text/202641359349102829/IRS990PF (GT XML HTTP 404); GrantOrContributionPdDurYrGrp FOUNDERS PLEDGE INC,https://projects.propublica.org/nonprofits/full_text/202641359349102829/IRS990PF,"FOUNDERS PLEDGE INC</span><br><br><span style=""width:0px;""></span><span style=""display:inline;"" id=""/AppData/SubmissionHeaderAndDocument/SubmissionDocument/IRS990PF[1]/SupplementaryInformationGrp[1]/GrantOrContributionPdDurYrGrp[111]/RecipientUSAddress[1]/AddressLine1Txt[1]"">228 PARK AVE S PMB 71081",2026-09-16T10:12:54Z,Good Ventures FY2025 990-PF line Amt=250000 to Founders Pledge Inc; not a METR recipient line,1,,Payer-into-intermediary. Lineage MDF0126–MDF0127 are earlier-year GV→FP lines; this is a later FY. Not a payment to METR. GT XML 404 this fetch; ProPublica HTML render used.,"Primary research/primary/MD22-intermediary-returns/pp-gv-fy2025-990pf-excerpt.html-20260916T100418Z. Keep Good Ventures, Founders Pledge Inc, and METR unmerged."
122,B,MDF,C02.E5;C06.E1,"Good Ventures Foundation FY2025 990-PF grant to Effective Ventures Foundation USA Inc research on AI alignment (payer-into-EV, not METR)",foundation,,EIN 46-1008520; object 202641359349102829,Good Ventures Foundation,Effective Ventures Foundation USA Inc,,filed grant into intermediary,2024-07-01,2025-06-30,,filed_grant,332500,USD,2025-06-30,interval,FY2025 (2024-07-01 to 2025-06-30),filed as granted,RESEARCH ON AI ALIGNMENT,,,,,,,,,,,yes,funder filings,"GET ProPublica full_text/202641359349102829/IRS990PF; GrantOrContributionPdDurYrGrp[88] RecipientBusinessName EFFECTIVE VENTURES FOUNDATION USA INC; Amt[1] 332,500; GrantOrContributionPurposeTxt RESEARCH ON AI ALIGNMENT",https://projects.propublica.org/nonprofits/full_text/202641359349102829/IRS990PF,"GrantOrContributionPdDurYrGrp[88]/Amt[1]"">332,500</span>",2026-09-16T10:12:54Z,Good Ventures FY2025 990-PF GrantOrContributionPdDurYrGrp[88] Amt=332500 purpose RESEARCH ON AI ALIGNMENT to EV USA; not a METR recipient line,1,,"Payer-into-intermediary. Adjacent EV USA / EV UK purpose-restricted lines on the same return are not summed and are not METR. Cite MDF0128–MDF0144 for FY2024 set. Grp[85] is a different EV USA line (FARM ANIMAL WELFARE RESEARCH 15,000) and is not this row.",Primary research/primary/MD22-intermediary-returns/pp-gv-fy2025-990pf.html-20260916T100418Z Grp[88] Amt/purpose spans. Excerpt research/primary/MD22-intermediary-returns/pp-gv-fy2025-990pf-excerpt.html-20260916T100418Z rebuilt to include those spans.
123,E,MDS,C02.E5;C06.E1,Good Ventures Foundation FY2025 990-PF object 202641359349102829 vs METR,,,,,,,,,,,,,,,,,,,,,,,,,,,,,,funder filings,GET GT XML 202641359349102829 (404) then ProPublica full_text IRS990PF filter MODEL EVALUATION|991219864,https://projects.propublica.org/nonprofits/full_text/202641359349102829/IRS990PF,"FOUNDERS PLEDGE INC</span><br><br><span style=""width:0px;""></span><span style=""display:inline;"" id=""/AppData/SubmissionHeaderAndDocument/SubmissionDocument/IRS990PF[1]/SupplementaryInformationGrp[1]/GrantOrContributionPdDurYrGrp[111]/RecipientUSAddress[1]/AddressLine1Txt[1]"">228 PARK AVE S PMB 71081",2026-09-16T10:12:54Z,none found in Good Ventures Foundation FY2025 990-PF object 202641359349102829 as of 2026-09-16T10:12:54Z for a METR/EIN 99-1219864 grant line (GT XML HTTP 404; ProPublica render used),0,"Good Ventures FY2026 990-PF original due 2026-11-16, commonly extended to 2027-05-17 (STATE calendar)","Good Ventures is a payer into FP/EV, not an intermediary-to-METR filer. Zero METR name/EIN hits on the FY2025 grant schedule render.",caps_hit on GT XML. Working alternate: ProPublica full_text. Not a re-collection of MDF0126–MDF0144 as new METR facts.
124,A,MDP,C02.E5;C06.E1,"Founders Pledge grantee page names METR (issuer statement, no filed amount on this page)",grantmaker,FP; Founders Pledge,https://www.founderspledge.com/grantees/metr,Founders Pledge,Founders Pledge,METR,named grantee profile,,,,,,,,,,,,,,,,,,,,,,,issuer statements,GET https://www.founderspledge.com/grantees/metr live HTML,https://www.founderspledge.com/grantees/metr,"Funding METR&#x27;s development of autonomous capability evaluations and their research on AI task-completion time horizons to inform critical decisions about AI safety timing and preparedness.</p></div></div></div></div><div class=""_12ozhww0 _1uh06w5 _1uh06w8 _1uh06wb""><a target=""_self"" href=""/gran",2026-09-16T10:12:54Z,issuer names METR as a grantee (April 2024 heading present); no dollar amount on the recovered HTML (JS app),1,"Founders Pledge Inc TY2024 Form 990 Schedule I $184,000 line (Task A filed_grant, already recovered)",A grantee-directory profile is not a Form 990 grant line and is not summed with filed_grant. JS app may omit amounts from the HTML.,Primary research/primary/MD22-intermediary-returns/fp-grantees-metr.html-20260916T100418Z. Keep Founders Pledge brand vs Founders Pledge Inc vs Founders Pledge Ltd unmerged.
125,C,MDE,C02.E5;C06.E1,Longview Philanthropy umbrella: USA Inc and Inc. Ltd are separate legal entities,foundation,Longview Philanthropy,https://www.longview.org/organisational-structure/,Longview Philanthropy USA Inc,,,,,,,,,,,,,,,,,,,,,,,,,,issuer statements,GET https://www.longview.org/organisational-structure/,https://www.longview.org/organisational-structure/,"Longview Philanthropy USA Inc. and Longview Inc. Ltd, two separate legal entities that work together in furtherance of common objectives. While they collaborate on certain programs and activities, they operate as separate and independent organizations, each entity solely responsible for its activiti",2026-09-16T10:12:54Z,brand is an umbrella for two unmerged legal filers (USA Inc and Inc. Ltd),1,USA Inc Form 990 and UK Companies House 14444004 accounts (Task A/C),Brand and filer are not merged. Cite MD10#11 / MDE0032; this-lane re-fetch.,Primary research/primary/MD22-intermediary-returns/longview-org-structure.json-20260916T100418Z.
