# MD38-daf-sponsor-schedules; fetch_window_utc=2026-09-16T09:43:02Z/2026-09-16T10:21:56Z; read_first=research/STATE.md; MD11 Schedule I METR/ARC grants used as locators only not recopied as this lane's discovery; routes=IRS e-file index_2022..index_2026.csv; GivingTuesday gt990datalake-rawdata XML for SVCF 20-5205488, Vanguard 23-2888152, Fidelity 11-0303001, Schwab/Donor Advised Charitable Giving Inc 31-1640316, NPT 23-7825575; ProPublica API v2 org locators + full_text Schedule M/I/D for Vanguard object 202621329349306657; sponsor audited statements and 990 public-disclosure copies (svcf.org audit+PDC, vanguardcharitable.org FS+PDC, fidelitycharitable.org FS, nptrust.org FY2025 two-page consolidated statements via fy25-ar-consolidated-financials-npt 301 plus FY2024 two-pager and complex-assets spotlight, dafgiving360.org giving report via r.jina.ai); IRS TEOS details; CA OAG charities landing; PA charities landing; SEC EFTS; Coefficient grantmaking-process locator; caps_hit=IRS TEOS apps.irs.gov/app/eos HTTP 403; GT and IRS AWS XML 404 for Vanguard object 202621329349306657; nptrust.org/annual-reports/ HTTP 404; NPT guessed URL /wp-content/uploads/2026/10/Consolidated-Statements-2025-NPT.pdf HTTP 404 (recovered via https://www.nptrust.org/fy25-ar-consolidated-financials-npt/ 301 to /wp-content/uploads/2026/09/FY25-AR-Consolidated-Financials-NPT.pdf); dafgiving360.org and schwabcharitable.org HTTP 403 (jina used); rct.doj.ca.gov RCT search HTTP 404; oag.ca.gov charity-download CSVs HTTP 404; no_kevinnbass_sources=true; public_read_only=true; money types not summed; legal entities unmerged; in_scope_sponsors=SVCF (PLAN named) plus Vanguard (METR DAF grant line) plus Fidelity, Schwab/DAFgiving360, NPT (other DAF sponsors / transfer counterparties named by primary documents)
row,task,target_prefix,element_ids,subject,entity_type,aliases,identifier,from_entity,intermediary,to_entity,relationship_type,start_date,end_date,ledger,money_type,amount_usd,currency,date,date_precision,period,payment_status,purpose_restriction,project,provider,in_kind_type,quantity_or_value,terms,policy_version,disclosure_recusal,provider_authority,personnel_conflicts,edge_type,documented_transaction,source_class,query_or_endpoint,url,quote_300,checked_utc,result,result_count,next_document,limitation,note
1,A,MDI,C07.E2;C07.E3;C02.E3,Silicon Valley Community Foundation TY2021 (calendar 2021-01-01 to 2021-12-31) Schedule M Securities—Publicly traded,DAF sponsor,SVCF,202223199349318287,,,Silicon Valley Community Foundation,,2021-01-01,2021-12-31,,equity_value,2011460190,USD,2021-12-31,interval,TY2021 (calendar 2021-01-01 to 2021-12-31),,,,,Securities—Publicly traded,441,,,,,,,yes,DAF sponsor filings,"GET https://gt990datalake-rawdata.s3.amazonaws.com/EfileData/XmlFiles/202223199349318287_public.xml; IRS990ScheduleM/SecuritiesPubliclyTradedGrp; fields ContributionCnt, NoncashContributionsRptF990Amt, MethodOfDeterminingRevenuesTxt",https://gt990datalake-rawdata.s3.amazonaws.com/EfileData/XmlFiles/202223199349318287_public.xml,<SecuritiesPubliclyTradedGrp><NonCashCheckboxInd>X</NonCashCheckboxInd><ContributionCnt>441</ContributionCnt><NoncashContributionsRptF990Amt>2011460190</NoncashContributionsRptF990Amt><MethodOfDeterminingRevenuesTxt>Market value</MethodOfDeterminingRevenuesTxt></SecuritiesPubliclyTradedGrp>,2026-09-16T10:21:56Z,SecuritiesPubliclyTradedGrp ContributionCnt=441 NoncashContributionsRptF990Amt=2011460190 method=Market value,1,TY2025 Form 990 original due 2026-05-15 / treat as on extension through 2026-11-16 (absent from index_2026),"Schedule M reports count and FMV by asset type for contributions TO the sponsor; it does not name the donor, DAF account, or issuer of closely held stock. Amounts are not summed across lines, years, or money_types.","read-first research/STATE.md; MD11 METR/ARC Schedule I lines locators only. Primary research/primary/MD38-daf-sponsor-schedules/xml-svcf-202112-202223199349318287-excerpt.xml-20260916T094302Z. Filer EIN 20-5205488. Exact filed field names: Schedule M Part I line 9 SecuritiesPubliclyTradedGrp. Publicly traded, closely held stock, and partnership/LLC interests kept on separate rows. MethodOfDeterminingRevenuesTxt=Market value. CloselyHeldEquityInterestsGrp year-end book value is Schedule D, not this contribution line."
2,A,MDI,C07.E2;C07.E3;C02.E3,Silicon Valley Community Foundation TY2021 (calendar 2021-01-01 to 2021-12-31) Schedule M Securities—Closely held stock,DAF sponsor,SVCF,202223199349318287,,,Silicon Valley Community Foundation,,2021-01-01,2021-12-31,,equity_value,17226122,USD,2021-12-31,interval,TY2021 (calendar 2021-01-01 to 2021-12-31),,,,,Securities—Closely held stock,6,,,,,,,yes,DAF sponsor filings,"GET https://gt990datalake-rawdata.s3.amazonaws.com/EfileData/XmlFiles/202223199349318287_public.xml; IRS990ScheduleM/SecuritiesCloselyHeldStockGrp; fields ContributionCnt, NoncashContributionsRptF990Amt, MethodOfDeterminingRevenuesTxt",https://gt990datalake-rawdata.s3.amazonaws.com/EfileData/XmlFiles/202223199349318287_public.xml,<SecuritiesCloselyHeldStockGrp><NonCashCheckboxInd>X</NonCashCheckboxInd><ContributionCnt>6</ContributionCnt><NoncashContributionsRptF990Amt>17226122</NoncashContributionsRptF990Amt><MethodOfDeterminingRevenuesTxt>Market value</MethodOfDeterminingRevenuesTxt></SecuritiesCloselyHeldStockGrp>,2026-09-16T10:21:56Z,SecuritiesCloselyHeldStockGrp ContributionCnt=6 NoncashContributionsRptF990Amt=17226122 method=Market value,1,TY2025 Form 990 original due 2026-05-15 / treat as on extension through 2026-11-16 (absent from index_2026),"Schedule M reports count and FMV by asset type for contributions TO the sponsor; it does not name the donor, DAF account, or issuer of closely held stock. Amounts are not summed across lines, years, or money_types.","read-first research/STATE.md; MD11 METR/ARC Schedule I lines locators only. Primary research/primary/MD38-daf-sponsor-schedules/xml-svcf-202112-202223199349318287-excerpt.xml-20260916T094302Z. Filer EIN 20-5205488. Exact filed field names: Schedule M Part I line 10 SecuritiesCloselyHeldStockGrp. Publicly traded, closely held stock, and partnership/LLC interests kept on separate rows. MethodOfDeterminingRevenuesTxt=Market value. CloselyHeldEquityInterestsGrp year-end book value is Schedule D, not this contribution line."
3,A,MDI,C07.E2;C07.E3;C02.E3,"Silicon Valley Community Foundation TY2021 (calendar 2021-01-01 to 2021-12-31) Schedule M Securities—Partnership, LLC, or trust interests",DAF sponsor,SVCF,202223199349318287,,,Silicon Valley Community Foundation,,2021-01-01,2021-12-31,,equity_value,7007000,USD,2021-12-31,interval,TY2021 (calendar 2021-01-01 to 2021-12-31),,,,,"Securities—Partnership, LLC, or trust interests",2,,,,,,,yes,DAF sponsor filings,"GET https://gt990datalake-rawdata.s3.amazonaws.com/EfileData/XmlFiles/202223199349318287_public.xml; IRS990ScheduleM/SecurPrtnrshpTrustIntrstsGrp; fields ContributionCnt, NoncashContributionsRptF990Amt, MethodOfDeterminingRevenuesTxt",https://gt990datalake-rawdata.s3.amazonaws.com/EfileData/XmlFiles/202223199349318287_public.xml,<SecurPrtnrshpTrustIntrstsGrp><NonCashCheckboxInd>X</NonCashCheckboxInd><ContributionCnt>2</ContributionCnt><NoncashContributionsRptF990Amt>7007000</NoncashContributionsRptF990Amt><MethodOfDeterminingRevenuesTxt>Market value</MethodOfDeterminingRevenuesTxt></SecurPrtnrshpTrustIntrstsGrp>,2026-09-16T10:21:56Z,SecurPrtnrshpTrustIntrstsGrp ContributionCnt=2 NoncashContributionsRptF990Amt=7007000 method=Market value,1,TY2025 Form 990 original due 2026-05-15 / treat as on extension through 2026-11-16 (absent from index_2026),"Schedule M reports count and FMV by asset type for contributions TO the sponsor; it does not name the donor, DAF account, or issuer of closely held stock. Amounts are not summed across lines, years, or money_types.","read-first research/STATE.md; MD11 METR/ARC Schedule I lines locators only. Primary research/primary/MD38-daf-sponsor-schedules/xml-svcf-202112-202223199349318287-excerpt.xml-20260916T094302Z. Filer EIN 20-5205488. Exact filed field names: Schedule M Part I line 11 SecurPrtnrshpTrustIntrstsGrp. Publicly traded, closely held stock, and partnership/LLC interests kept on separate rows. MethodOfDeterminingRevenuesTxt=Market value. CloselyHeldEquityInterestsGrp year-end book value is Schedule D, not this contribution line."
4,A,MDI,C07.E2;C07.E3;C02.E3,Silicon Valley Community Foundation TY2022 (calendar 2022-01-01 to 2022-12-31) Schedule M Securities—Publicly traded,DAF sponsor,SVCF,202333189349318948,,,Silicon Valley Community Foundation,,2022-01-01,2022-12-31,,equity_value,1432656752,USD,2022-12-31,interval,TY2022 (calendar 2022-01-01 to 2022-12-31),,,,,Securities—Publicly traded,582,,,,,,,yes,DAF sponsor filings,"GET https://gt990datalake-rawdata.s3.amazonaws.com/EfileData/XmlFiles/202333189349318948_public.xml; IRS990ScheduleM/SecuritiesPubliclyTradedGrp; fields ContributionCnt, NoncashContributionsRptF990Amt, MethodOfDeterminingRevenuesTxt",https://gt990datalake-rawdata.s3.amazonaws.com/EfileData/XmlFiles/202333189349318948_public.xml,<SecuritiesPubliclyTradedGrp><NonCashCheckboxInd>X</NonCashCheckboxInd><ContributionCnt>582</ContributionCnt><NoncashContributionsRptF990Amt>1432656752</NoncashContributionsRptF990Amt><MethodOfDeterminingRevenuesTxt>Market value</MethodOfDeterminingRevenuesTxt></SecuritiesPubliclyTradedGrp>,2026-09-16T10:21:56Z,SecuritiesPubliclyTradedGrp ContributionCnt=582 NoncashContributionsRptF990Amt=1432656752 method=Market value,1,TY2025 Form 990 original due 2026-05-15 / treat as on extension through 2026-11-16 (absent from index_2026),"Schedule M reports count and FMV by asset type for contributions TO the sponsor; it does not name the donor, DAF account, or issuer of closely held stock. Amounts are not summed across lines, years, or money_types.","read-first research/STATE.md; MD11 METR/ARC Schedule I lines locators only. Primary research/primary/MD38-daf-sponsor-schedules/xml-svcf-202212-202333189349318948-excerpt.xml-20260916T094302Z. Filer EIN 20-5205488. Exact filed field names: Schedule M Part I line 9 SecuritiesPubliclyTradedGrp. Publicly traded, closely held stock, and partnership/LLC interests kept on separate rows. MethodOfDeterminingRevenuesTxt=Market value. CloselyHeldEquityInterestsGrp year-end book value is Schedule D, not this contribution line."
5,A,MDI,C07.E2;C07.E3;C02.E3,Silicon Valley Community Foundation TY2022 (calendar 2022-01-01 to 2022-12-31) Schedule M Securities—Closely held stock,DAF sponsor,SVCF,202333189349318948,,,Silicon Valley Community Foundation,,2022-01-01,2022-12-31,,equity_value,2799323,USD,2022-12-31,interval,TY2022 (calendar 2022-01-01 to 2022-12-31),,,,,Securities—Closely held stock,1,,,,,,,yes,DAF sponsor filings,"GET https://gt990datalake-rawdata.s3.amazonaws.com/EfileData/XmlFiles/202333189349318948_public.xml; IRS990ScheduleM/SecuritiesCloselyHeldStockGrp; fields ContributionCnt, NoncashContributionsRptF990Amt, MethodOfDeterminingRevenuesTxt",https://gt990datalake-rawdata.s3.amazonaws.com/EfileData/XmlFiles/202333189349318948_public.xml,<SecuritiesCloselyHeldStockGrp><NonCashCheckboxInd>X</NonCashCheckboxInd><ContributionCnt>1</ContributionCnt><NoncashContributionsRptF990Amt>2799323</NoncashContributionsRptF990Amt><MethodOfDeterminingRevenuesTxt>Market value</MethodOfDeterminingRevenuesTxt></SecuritiesCloselyHeldStockGrp>,2026-09-16T10:21:56Z,SecuritiesCloselyHeldStockGrp ContributionCnt=1 NoncashContributionsRptF990Amt=2799323 method=Market value,1,TY2025 Form 990 original due 2026-05-15 / treat as on extension through 2026-11-16 (absent from index_2026),"Schedule M reports count and FMV by asset type for contributions TO the sponsor; it does not name the donor, DAF account, or issuer of closely held stock. Amounts are not summed across lines, years, or money_types.","read-first research/STATE.md; MD11 METR/ARC Schedule I lines locators only. Primary research/primary/MD38-daf-sponsor-schedules/xml-svcf-202212-202333189349318948-excerpt.xml-20260916T094302Z. Filer EIN 20-5205488. Exact filed field names: Schedule M Part I line 10 SecuritiesCloselyHeldStockGrp. Publicly traded, closely held stock, and partnership/LLC interests kept on separate rows. MethodOfDeterminingRevenuesTxt=Market value. CloselyHeldEquityInterestsGrp year-end book value is Schedule D, not this contribution line."
6,A,MDI,C07.E2;C07.E3;C02.E3,"Silicon Valley Community Foundation TY2022 (calendar 2022-01-01 to 2022-12-31) Schedule M Securities—Partnership, LLC, or trust interests",DAF sponsor,SVCF,202333189349318948,,,Silicon Valley Community Foundation,,2022-01-01,2022-12-31,,equity_value,723013,USD,2022-12-31,interval,TY2022 (calendar 2022-01-01 to 2022-12-31),,,,,"Securities—Partnership, LLC, or trust interests",1,,,,,,,yes,DAF sponsor filings,"GET https://gt990datalake-rawdata.s3.amazonaws.com/EfileData/XmlFiles/202333189349318948_public.xml; IRS990ScheduleM/SecurPrtnrshpTrustIntrstsGrp; fields ContributionCnt, NoncashContributionsRptF990Amt, MethodOfDeterminingRevenuesTxt",https://gt990datalake-rawdata.s3.amazonaws.com/EfileData/XmlFiles/202333189349318948_public.xml,<SecurPrtnrshpTrustIntrstsGrp><NonCashCheckboxInd>X</NonCashCheckboxInd><ContributionCnt>1</ContributionCnt><NoncashContributionsRptF990Amt>723013</NoncashContributionsRptF990Amt><MethodOfDeterminingRevenuesTxt>Market value</MethodOfDeterminingRevenuesTxt></SecurPrtnrshpTrustIntrstsGrp>,2026-09-16T10:21:56Z,SecurPrtnrshpTrustIntrstsGrp ContributionCnt=1 NoncashContributionsRptF990Amt=723013 method=Market value,1,TY2025 Form 990 original due 2026-05-15 / treat as on extension through 2026-11-16 (absent from index_2026),"Schedule M reports count and FMV by asset type for contributions TO the sponsor; it does not name the donor, DAF account, or issuer of closely held stock. Amounts are not summed across lines, years, or money_types.","read-first research/STATE.md; MD11 METR/ARC Schedule I lines locators only. Primary research/primary/MD38-daf-sponsor-schedules/xml-svcf-202212-202333189349318948-excerpt.xml-20260916T094302Z. Filer EIN 20-5205488. Exact filed field names: Schedule M Part I line 11 SecurPrtnrshpTrustIntrstsGrp. Publicly traded, closely held stock, and partnership/LLC interests kept on separate rows. MethodOfDeterminingRevenuesTxt=Market value. CloselyHeldEquityInterestsGrp year-end book value is Schedule D, not this contribution line."
7,A,MDI,C07.E2;C07.E3;C02.E3,Silicon Valley Community Foundation TY2023 (calendar 2023-01-01 to 2023-12-31) Schedule M Securities—Publicly traded,DAF sponsor,SVCF,202413129349304911,,,Silicon Valley Community Foundation,,2023-01-01,2023-12-31,,equity_value,616302637,USD,2023-12-31,interval,TY2023 (calendar 2023-01-01 to 2023-12-31),,,,,Securities—Publicly traded,196,,,,,,,yes,DAF sponsor filings,"GET https://gt990datalake-rawdata.s3.amazonaws.com/EfileData/XmlFiles/202413129349304911_public.xml; IRS990ScheduleM/SecuritiesPubliclyTradedGrp; fields ContributionCnt, NoncashContributionsRptF990Amt, MethodOfDeterminingRevenuesTxt",https://gt990datalake-rawdata.s3.amazonaws.com/EfileData/XmlFiles/202413129349304911_public.xml,<SecuritiesPubliclyTradedGrp><NonCashCheckboxInd>X</NonCashCheckboxInd><ContributionCnt>196</ContributionCnt><NoncashContributionsRptF990Amt>616302637</NoncashContributionsRptF990Amt><MethodOfDeterminingRevenuesTxt>Market value</MethodOfDeterminingRevenuesTxt></SecuritiesPubliclyTradedGrp>,2026-09-16T10:21:56Z,SecuritiesPubliclyTradedGrp ContributionCnt=196 NoncashContributionsRptF990Amt=616302637 method=Market value,1,TY2025 Form 990 original due 2026-05-15 / treat as on extension through 2026-11-16 (absent from index_2026),"Schedule M reports count and FMV by asset type for contributions TO the sponsor; it does not name the donor, DAF account, or issuer of closely held stock. Amounts are not summed across lines, years, or money_types.","read-first research/STATE.md; MD11 METR/ARC Schedule I lines locators only. Primary research/primary/MD38-daf-sponsor-schedules/xml-svcf-202312-202413129349304911-excerpt.xml-20260916T094302Z. Filer EIN 20-5205488. Exact filed field names: Schedule M Part I line 9 SecuritiesPubliclyTradedGrp. Publicly traded, closely held stock, and partnership/LLC interests kept on separate rows. MethodOfDeterminingRevenuesTxt=Market value. CloselyHeldEquityInterestsGrp year-end book value is Schedule D, not this contribution line."
8,A,MDI,C07.E2;C07.E3;C02.E3,Silicon Valley Community Foundation TY2023 (calendar 2023-01-01 to 2023-12-31) Schedule M Securities—Closely held stock,DAF sponsor,SVCF,202413129349304911,,,Silicon Valley Community Foundation,,2023-01-01,2023-12-31,,equity_value,4956980,USD,2023-12-31,interval,TY2023 (calendar 2023-01-01 to 2023-12-31),,,,,Securities—Closely held stock,3,,,,,,,yes,DAF sponsor filings,"GET https://gt990datalake-rawdata.s3.amazonaws.com/EfileData/XmlFiles/202413129349304911_public.xml; IRS990ScheduleM/SecuritiesCloselyHeldStockGrp; fields ContributionCnt, NoncashContributionsRptF990Amt, MethodOfDeterminingRevenuesTxt",https://gt990datalake-rawdata.s3.amazonaws.com/EfileData/XmlFiles/202413129349304911_public.xml,<SecuritiesCloselyHeldStockGrp><NonCashCheckboxInd>X</NonCashCheckboxInd><ContributionCnt>3</ContributionCnt><NoncashContributionsRptF990Amt>4956980</NoncashContributionsRptF990Amt><MethodOfDeterminingRevenuesTxt>Market value</MethodOfDeterminingRevenuesTxt></SecuritiesCloselyHeldStockGrp>,2026-09-16T10:21:56Z,SecuritiesCloselyHeldStockGrp ContributionCnt=3 NoncashContributionsRptF990Amt=4956980 method=Market value,1,TY2025 Form 990 original due 2026-05-15 / treat as on extension through 2026-11-16 (absent from index_2026),"Schedule M reports count and FMV by asset type for contributions TO the sponsor; it does not name the donor, DAF account, or issuer of closely held stock. Amounts are not summed across lines, years, or money_types.","read-first research/STATE.md; MD11 METR/ARC Schedule I lines locators only. Primary research/primary/MD38-daf-sponsor-schedules/xml-svcf-202312-202413129349304911-excerpt.xml-20260916T094302Z. Filer EIN 20-5205488. Exact filed field names: Schedule M Part I line 10 SecuritiesCloselyHeldStockGrp. Publicly traded, closely held stock, and partnership/LLC interests kept on separate rows. MethodOfDeterminingRevenuesTxt=Market value. CloselyHeldEquityInterestsGrp year-end book value is Schedule D, not this contribution line."
9,A,MDI,C07.E2;C07.E3;C02.E3,"Silicon Valley Community Foundation TY2023 (calendar 2023-01-01 to 2023-12-31) Schedule M Securities—Partnership, LLC, or trust interests",DAF sponsor,SVCF,202413129349304911,,,Silicon Valley Community Foundation,,2023-01-01,2023-12-31,,equity_value,19913149,USD,2023-12-31,interval,TY2023 (calendar 2023-01-01 to 2023-12-31),,,,,"Securities—Partnership, LLC, or trust interests",8,,,,,,,yes,DAF sponsor filings,"GET https://gt990datalake-rawdata.s3.amazonaws.com/EfileData/XmlFiles/202413129349304911_public.xml; IRS990ScheduleM/SecurPrtnrshpTrustIntrstsGrp; fields ContributionCnt, NoncashContributionsRptF990Amt, MethodOfDeterminingRevenuesTxt",https://gt990datalake-rawdata.s3.amazonaws.com/EfileData/XmlFiles/202413129349304911_public.xml,<SecurPrtnrshpTrustIntrstsGrp><NonCashCheckboxInd>X</NonCashCheckboxInd><ContributionCnt>8</ContributionCnt><NoncashContributionsRptF990Amt>19913149</NoncashContributionsRptF990Amt><MethodOfDeterminingRevenuesTxt>Market value</MethodOfDeterminingRevenuesTxt></SecurPrtnrshpTrustIntrstsGrp>,2026-09-16T10:21:56Z,SecurPrtnrshpTrustIntrstsGrp ContributionCnt=8 NoncashContributionsRptF990Amt=19913149 method=Market value,1,TY2025 Form 990 original due 2026-05-15 / treat as on extension through 2026-11-16 (absent from index_2026),"Schedule M reports count and FMV by asset type for contributions TO the sponsor; it does not name the donor, DAF account, or issuer of closely held stock. Amounts are not summed across lines, years, or money_types.","read-first research/STATE.md; MD11 METR/ARC Schedule I lines locators only. Primary research/primary/MD38-daf-sponsor-schedules/xml-svcf-202312-202413129349304911-excerpt.xml-20260916T094302Z. Filer EIN 20-5205488. Exact filed field names: Schedule M Part I line 11 SecurPrtnrshpTrustIntrstsGrp. Publicly traded, closely held stock, and partnership/LLC interests kept on separate rows. MethodOfDeterminingRevenuesTxt=Market value. CloselyHeldEquityInterestsGrp year-end book value is Schedule D, not this contribution line."
10,A,MDI,C07.E2;C07.E3;C02.E3,Silicon Valley Community Foundation TY2024 (calendar 2024-01-01 to 2024-12-31) Schedule M Securities—Publicly traded,DAF sponsor,SVCF,202543149349305759,,,Silicon Valley Community Foundation,,2024-01-01,2024-12-31,,equity_value,2032517499,USD,2024-12-31,interval,TY2024 (calendar 2024-01-01 to 2024-12-31),,,,,Securities—Publicly traded,203,,,,,,,yes,DAF sponsor filings,"GET https://gt990datalake-rawdata.s3.amazonaws.com/EfileData/XmlFiles/202543149349305759_public.xml; IRS990ScheduleM/SecuritiesPubliclyTradedGrp; fields ContributionCnt, NoncashContributionsRptF990Amt, MethodOfDeterminingRevenuesTxt",https://gt990datalake-rawdata.s3.amazonaws.com/EfileData/XmlFiles/202543149349305759_public.xml,<SecuritiesPubliclyTradedGrp><ContributionCnt>203</ContributionCnt><NoncashContributionsRptF990Amt>2032517499</NoncashContributionsRptF990Amt><MethodOfDeterminingRevenuesTxt>Market value</MethodOfDeterminingRevenuesTxt></SecuritiesPubliclyTradedGrp>,2026-09-16T10:21:56Z,SecuritiesPubliclyTradedGrp ContributionCnt=203 NoncashContributionsRptF990Amt=2032517499 method=Market value,1,TY2025 Form 990 original due 2026-05-15 / treat as on extension through 2026-11-16 (absent from index_2026),"Schedule M reports count and FMV by asset type for contributions TO the sponsor; it does not name the donor, DAF account, or issuer of closely held stock. Amounts are not summed across lines, years, or money_types.","read-first research/STATE.md; MD11 METR/ARC Schedule I lines locators only. Primary research/primary/MD38-daf-sponsor-schedules/xml-svcf-202412-202543149349305759-excerpt.xml-20260916T094302Z. Filer EIN 20-5205488. Exact filed field names: Schedule M Part I line 9 SecuritiesPubliclyTradedGrp. Publicly traded, closely held stock, and partnership/LLC interests kept on separate rows. MethodOfDeterminingRevenuesTxt=Market value. CloselyHeldEquityInterestsGrp year-end book value is Schedule D, not this contribution line."
11,A,MDI,C07.E2;C07.E3;C02.E3,Silicon Valley Community Foundation TY2024 (calendar 2024-01-01 to 2024-12-31) Schedule M Securities—Closely held stock,DAF sponsor,SVCF,202543149349305759,,,Silicon Valley Community Foundation,,2024-01-01,2024-12-31,,equity_value,2562398,USD,2024-12-31,interval,TY2024 (calendar 2024-01-01 to 2024-12-31),,,,,Securities—Closely held stock,4,,,,,,,yes,DAF sponsor filings,"GET https://gt990datalake-rawdata.s3.amazonaws.com/EfileData/XmlFiles/202543149349305759_public.xml; IRS990ScheduleM/SecuritiesCloselyHeldStockGrp; fields ContributionCnt, NoncashContributionsRptF990Amt, MethodOfDeterminingRevenuesTxt",https://gt990datalake-rawdata.s3.amazonaws.com/EfileData/XmlFiles/202543149349305759_public.xml,<SecuritiesCloselyHeldStockGrp><ContributionCnt>4</ContributionCnt><NoncashContributionsRptF990Amt>2562398</NoncashContributionsRptF990Amt><MethodOfDeterminingRevenuesTxt>Market value</MethodOfDeterminingRevenuesTxt></SecuritiesCloselyHeldStockGrp>,2026-09-16T10:21:56Z,SecuritiesCloselyHeldStockGrp ContributionCnt=4 NoncashContributionsRptF990Amt=2562398 method=Market value,1,TY2025 Form 990 original due 2026-05-15 / treat as on extension through 2026-11-16 (absent from index_2026),"Schedule M reports count and FMV by asset type for contributions TO the sponsor; it does not name the donor, DAF account, or issuer of closely held stock. Amounts are not summed across lines, years, or money_types.","read-first research/STATE.md; MD11 METR/ARC Schedule I lines locators only. Primary research/primary/MD38-daf-sponsor-schedules/xml-svcf-202412-202543149349305759-excerpt.xml-20260916T094302Z. Filer EIN 20-5205488. Exact filed field names: Schedule M Part I line 10 SecuritiesCloselyHeldStockGrp. Publicly traded, closely held stock, and partnership/LLC interests kept on separate rows. MethodOfDeterminingRevenuesTxt=Market value. CloselyHeldEquityInterestsGrp year-end book value is Schedule D, not this contribution line."
12,A,MDI,C07.E2;C07.E3;C02.E3,"Silicon Valley Community Foundation TY2024 (calendar 2024-01-01 to 2024-12-31) Schedule M Securities—Partnership, LLC, or trust interests",DAF sponsor,SVCF,202543149349305759,,,Silicon Valley Community Foundation,,2024-01-01,2024-12-31,,equity_value,12100589,USD,2024-12-31,interval,TY2024 (calendar 2024-01-01 to 2024-12-31),,,,,"Securities—Partnership, LLC, or trust interests",5,,,,,,,yes,DAF sponsor filings,"GET https://gt990datalake-rawdata.s3.amazonaws.com/EfileData/XmlFiles/202543149349305759_public.xml; IRS990ScheduleM/SecurPrtnrshpTrustIntrstsGrp; fields ContributionCnt, NoncashContributionsRptF990Amt, MethodOfDeterminingRevenuesTxt",https://gt990datalake-rawdata.s3.amazonaws.com/EfileData/XmlFiles/202543149349305759_public.xml,<SecurPrtnrshpTrustIntrstsGrp><ContributionCnt>5</ContributionCnt><NoncashContributionsRptF990Amt>12100589</NoncashContributionsRptF990Amt><MethodOfDeterminingRevenuesTxt>Market value</MethodOfDeterminingRevenuesTxt></SecurPrtnrshpTrustIntrstsGrp>,2026-09-16T10:21:56Z,SecurPrtnrshpTrustIntrstsGrp ContributionCnt=5 NoncashContributionsRptF990Amt=12100589 method=Market value,1,TY2025 Form 990 original due 2026-05-15 / treat as on extension through 2026-11-16 (absent from index_2026),"Schedule M reports count and FMV by asset type for contributions TO the sponsor; it does not name the donor, DAF account, or issuer of closely held stock. Amounts are not summed across lines, years, or money_types.","read-first research/STATE.md; MD11 METR/ARC Schedule I lines locators only. Primary research/primary/MD38-daf-sponsor-schedules/xml-svcf-202412-202543149349305759-excerpt.xml-20260916T094302Z. Filer EIN 20-5205488. Exact filed field names: Schedule M Part I line 11 SecurPrtnrshpTrustIntrstsGrp. Publicly traded, closely held stock, and partnership/LLC interests kept on separate rows. MethodOfDeterminingRevenuesTxt=Market value. CloselyHeldEquityInterestsGrp year-end book value is Schedule D, not this contribution line."
13,A,MDI,C07.E2;C07.E3;C02.E3,Vanguard Charitable Endowment Program FY2021 (2020-07-01 to 2021-06-30) Schedule M Securities—Publicly traded,DAF sponsor,Vanguard Charitable,202211339349310116,,,Vanguard Charitable Endowment Program,,2020-07-01,2021-06-30,,equity_value,1531897449,USD,2021-06-30,interval,FY2021 (2020-07-01 to 2021-06-30),,,,,Securities—Publicly traded,21248,,,,,,,yes,DAF sponsor filings,"GET https://gt990datalake-rawdata.s3.amazonaws.com/EfileData/XmlFiles/202211339349310116_public.xml; IRS990ScheduleM/SecuritiesPubliclyTradedGrp; fields ContributionCnt, NoncashContributionsRptF990Amt, MethodOfDeterminingRevenuesTxt",https://gt990datalake-rawdata.s3.amazonaws.com/EfileData/XmlFiles/202211339349310116_public.xml,<SecuritiesPubliclyTradedGrp><NonCashCheckboxInd>X</NonCashCheckboxInd><ContributionCnt>21248</ContributionCnt><NoncashContributionsRptF990Amt>1531897449</NoncashContributionsRptF990Amt><MethodOfDeterminingRevenuesTxt>PUBLIC MARKET VALUE</MethodOfDeterminingRevenuesTxt></SecuritiesPubliclyTradedGrp>,2026-09-16T10:21:56Z,SecuritiesPubliclyTradedGrp ContributionCnt=21248 NoncashContributionsRptF990Amt=1531897449 method=PUBLIC MARKET VALUE,1,FY2026 Form 990 original due 2026-11-16,"Schedule M reports count and FMV by asset type for contributions TO the sponsor; it does not name the donor, DAF account, or issuer of closely held stock. Amounts are not summed across lines, years, or money_types.","read-first research/STATE.md; MD11 METR/ARC Schedule I lines locators only. Primary research/primary/MD38-daf-sponsor-schedules/xml-vanguard-202106-202211339349310116-excerpt.xml-20260916T094302Z. Filer EIN 23-2888152. Exact filed field names: Schedule M Part I line 9 SecuritiesPubliclyTradedGrp. Publicly traded, closely held stock, and partnership/LLC interests kept on separate rows. MethodOfDeterminingRevenuesTxt=PUBLIC MARKET VALUE. CloselyHeldEquityInterestsGrp year-end book value is Schedule D, not this contribution line."
14,A,MDI,C07.E2;C07.E3;C02.E3,Vanguard Charitable Endowment Program FY2021 (2020-07-01 to 2021-06-30) Schedule M Securities—Closely held stock,DAF sponsor,Vanguard Charitable,202211339349310116,,,Vanguard Charitable Endowment Program,,2020-07-01,2021-06-30,,equity_value,620760295,USD,2021-06-30,interval,FY2021 (2020-07-01 to 2021-06-30),,,,,Securities—Closely held stock,7,,,,,,,yes,DAF sponsor filings,"GET https://gt990datalake-rawdata.s3.amazonaws.com/EfileData/XmlFiles/202211339349310116_public.xml; IRS990ScheduleM/SecuritiesCloselyHeldStockGrp; fields ContributionCnt, NoncashContributionsRptF990Amt, MethodOfDeterminingRevenuesTxt",https://gt990datalake-rawdata.s3.amazonaws.com/EfileData/XmlFiles/202211339349310116_public.xml,<SecuritiesCloselyHeldStockGrp><NonCashCheckboxInd>X</NonCashCheckboxInd><ContributionCnt>7</ContributionCnt><NoncashContributionsRptF990Amt>620760295</NoncashContributionsRptF990Amt><MethodOfDeterminingRevenuesTxt>INDEPENDENT ASSESS.</MethodOfDeterminingRevenuesTxt></SecuritiesCloselyHeldStockGrp>,2026-09-16T10:21:56Z,SecuritiesCloselyHeldStockGrp ContributionCnt=7 NoncashContributionsRptF990Amt=620760295 method=INDEPENDENT ASSESS.,1,FY2026 Form 990 original due 2026-11-16,"Schedule M reports count and FMV by asset type for contributions TO the sponsor; it does not name the donor, DAF account, or issuer of closely held stock. Amounts are not summed across lines, years, or money_types.","read-first research/STATE.md; MD11 METR/ARC Schedule I lines locators only. Primary research/primary/MD38-daf-sponsor-schedules/xml-vanguard-202106-202211339349310116-excerpt.xml-20260916T094302Z. Filer EIN 23-2888152. Exact filed field names: Schedule M Part I line 10 SecuritiesCloselyHeldStockGrp. Publicly traded, closely held stock, and partnership/LLC interests kept on separate rows. MethodOfDeterminingRevenuesTxt=INDEPENDENT ASSESS.. CloselyHeldEquityInterestsGrp year-end book value is Schedule D, not this contribution line."
15,A,MDI,C07.E2;C07.E3;C02.E3,"Vanguard Charitable Endowment Program FY2021 (2020-07-01 to 2021-06-30) Schedule M Securities—Partnership, LLC, or trust interests",DAF sponsor,Vanguard Charitable,202211339349310116,,,Vanguard Charitable Endowment Program,,2020-07-01,2021-06-30,,equity_value,463764633,USD,2021-06-30,interval,FY2021 (2020-07-01 to 2021-06-30),,,,,"Securities—Partnership, LLC, or trust interests",22,,,,,,,yes,DAF sponsor filings,"GET https://gt990datalake-rawdata.s3.amazonaws.com/EfileData/XmlFiles/202211339349310116_public.xml; IRS990ScheduleM/SecurPrtnrshpTrustIntrstsGrp; fields ContributionCnt, NoncashContributionsRptF990Amt, MethodOfDeterminingRevenuesTxt",https://gt990datalake-rawdata.s3.amazonaws.com/EfileData/XmlFiles/202211339349310116_public.xml,<SecurPrtnrshpTrustIntrstsGrp><NonCashCheckboxInd>X</NonCashCheckboxInd><ContributionCnt>22</ContributionCnt><NoncashContributionsRptF990Amt>463764633</NoncashContributionsRptF990Amt><MethodOfDeterminingRevenuesTxt>INDEPENDENT ASSESS.</MethodOfDeterminingRevenuesTxt></SecurPrtnrshpTrustIntrstsGrp>,2026-09-16T10:21:56Z,SecurPrtnrshpTrustIntrstsGrp ContributionCnt=22 NoncashContributionsRptF990Amt=463764633 method=INDEPENDENT ASSESS.,1,FY2026 Form 990 original due 2026-11-16,"Schedule M reports count and FMV by asset type for contributions TO the sponsor; it does not name the donor, DAF account, or issuer of closely held stock. Amounts are not summed across lines, years, or money_types.","read-first research/STATE.md; MD11 METR/ARC Schedule I lines locators only. Primary research/primary/MD38-daf-sponsor-schedules/xml-vanguard-202106-202211339349310116-excerpt.xml-20260916T094302Z. Filer EIN 23-2888152. Exact filed field names: Schedule M Part I line 11 SecurPrtnrshpTrustIntrstsGrp. Publicly traded, closely held stock, and partnership/LLC interests kept on separate rows. MethodOfDeterminingRevenuesTxt=INDEPENDENT ASSESS.. CloselyHeldEquityInterestsGrp year-end book value is Schedule D, not this contribution line."
16,A,MDI,C07.E2;C07.E3;C02.E3,Vanguard Charitable Endowment Program FY2022 (2021-07-01 to 2022-06-30) Schedule M Securities—Publicly traded,DAF sponsor,Vanguard Charitable,202331359349303108,,,Vanguard Charitable Endowment Program,,2021-07-01,2022-06-30,,equity_value,1948088171,USD,2022-06-30,interval,FY2022 (2021-07-01 to 2022-06-30),,,,,Securities—Publicly traded,22643,,,,,,,yes,DAF sponsor filings,"GET https://gt990datalake-rawdata.s3.amazonaws.com/EfileData/XmlFiles/202331359349303108_public.xml; IRS990ScheduleM/SecuritiesPubliclyTradedGrp; fields ContributionCnt, NoncashContributionsRptF990Amt, MethodOfDeterminingRevenuesTxt",https://gt990datalake-rawdata.s3.amazonaws.com/EfileData/XmlFiles/202331359349303108_public.xml,<SecuritiesPubliclyTradedGrp><NonCashCheckboxInd>X</NonCashCheckboxInd><ContributionCnt>22643</ContributionCnt><NoncashContributionsRptF990Amt>1948088171</NoncashContributionsRptF990Amt><MethodOfDeterminingRevenuesTxt>PUBLIC MARKET VALUE</MethodOfDeterminingRevenuesTxt></SecuritiesPubliclyTradedGrp>,2026-09-16T10:21:56Z,SecuritiesPubliclyTradedGrp ContributionCnt=22643 NoncashContributionsRptF990Amt=1948088171 method=PUBLIC MARKET VALUE,1,FY2026 Form 990 original due 2026-11-16,"Schedule M reports count and FMV by asset type for contributions TO the sponsor; it does not name the donor, DAF account, or issuer of closely held stock. Amounts are not summed across lines, years, or money_types.","read-first research/STATE.md; MD11 METR/ARC Schedule I lines locators only. Primary research/primary/MD38-daf-sponsor-schedules/xml-vanguard-202206-202331359349303108-excerpt.xml-20260916T094302Z. Filer EIN 23-2888152. Exact filed field names: Schedule M Part I line 9 SecuritiesPubliclyTradedGrp. Publicly traded, closely held stock, and partnership/LLC interests kept on separate rows. MethodOfDeterminingRevenuesTxt=PUBLIC MARKET VALUE. CloselyHeldEquityInterestsGrp year-end book value is Schedule D, not this contribution line."
17,A,MDI,C07.E2;C07.E3;C02.E3,Vanguard Charitable Endowment Program FY2022 (2021-07-01 to 2022-06-30) Schedule M Securities—Closely held stock,DAF sponsor,Vanguard Charitable,202331359349303108,,,Vanguard Charitable Endowment Program,,2021-07-01,2022-06-30,,equity_value,11277329,USD,2022-06-30,interval,FY2022 (2021-07-01 to 2022-06-30),,,,,Securities—Closely held stock,11,,,,,,,yes,DAF sponsor filings,"GET https://gt990datalake-rawdata.s3.amazonaws.com/EfileData/XmlFiles/202331359349303108_public.xml; IRS990ScheduleM/SecuritiesCloselyHeldStockGrp; fields ContributionCnt, NoncashContributionsRptF990Amt, MethodOfDeterminingRevenuesTxt",https://gt990datalake-rawdata.s3.amazonaws.com/EfileData/XmlFiles/202331359349303108_public.xml,<SecuritiesCloselyHeldStockGrp><NonCashCheckboxInd>X</NonCashCheckboxInd><ContributionCnt>11</ContributionCnt><NoncashContributionsRptF990Amt>11277329</NoncashContributionsRptF990Amt><MethodOfDeterminingRevenuesTxt>INDEPENDENT ASSESS.</MethodOfDeterminingRevenuesTxt></SecuritiesCloselyHeldStockGrp>,2026-09-16T10:21:56Z,SecuritiesCloselyHeldStockGrp ContributionCnt=11 NoncashContributionsRptF990Amt=11277329 method=INDEPENDENT ASSESS.,1,FY2026 Form 990 original due 2026-11-16,"Schedule M reports count and FMV by asset type for contributions TO the sponsor; it does not name the donor, DAF account, or issuer of closely held stock. Amounts are not summed across lines, years, or money_types.","read-first research/STATE.md; MD11 METR/ARC Schedule I lines locators only. Primary research/primary/MD38-daf-sponsor-schedules/xml-vanguard-202206-202331359349303108-excerpt.xml-20260916T094302Z. Filer EIN 23-2888152. Exact filed field names: Schedule M Part I line 10 SecuritiesCloselyHeldStockGrp. Publicly traded, closely held stock, and partnership/LLC interests kept on separate rows. MethodOfDeterminingRevenuesTxt=INDEPENDENT ASSESS.. CloselyHeldEquityInterestsGrp year-end book value is Schedule D, not this contribution line."
18,A,MDI,C07.E2;C07.E3;C02.E3,"Vanguard Charitable Endowment Program FY2022 (2021-07-01 to 2022-06-30) Schedule M Securities—Partnership, LLC, or trust interests",DAF sponsor,Vanguard Charitable,202331359349303108,,,Vanguard Charitable Endowment Program,,2021-07-01,2022-06-30,,equity_value,214074548,USD,2022-06-30,interval,FY2022 (2021-07-01 to 2022-06-30),,,,,"Securities—Partnership, LLC, or trust interests",25,,,,,,,yes,DAF sponsor filings,"GET https://gt990datalake-rawdata.s3.amazonaws.com/EfileData/XmlFiles/202331359349303108_public.xml; IRS990ScheduleM/SecurPrtnrshpTrustIntrstsGrp; fields ContributionCnt, NoncashContributionsRptF990Amt, MethodOfDeterminingRevenuesTxt",https://gt990datalake-rawdata.s3.amazonaws.com/EfileData/XmlFiles/202331359349303108_public.xml,<SecurPrtnrshpTrustIntrstsGrp><NonCashCheckboxInd>X</NonCashCheckboxInd><ContributionCnt>25</ContributionCnt><NoncashContributionsRptF990Amt>214074548</NoncashContributionsRptF990Amt><MethodOfDeterminingRevenuesTxt>INDEPENDENT ASSESS.</MethodOfDeterminingRevenuesTxt></SecurPrtnrshpTrustIntrstsGrp>,2026-09-16T10:21:56Z,SecurPrtnrshpTrustIntrstsGrp ContributionCnt=25 NoncashContributionsRptF990Amt=214074548 method=INDEPENDENT ASSESS.,1,FY2026 Form 990 original due 2026-11-16,"Schedule M reports count and FMV by asset type for contributions TO the sponsor; it does not name the donor, DAF account, or issuer of closely held stock. Amounts are not summed across lines, years, or money_types.","read-first research/STATE.md; MD11 METR/ARC Schedule I lines locators only. Primary research/primary/MD38-daf-sponsor-schedules/xml-vanguard-202206-202331359349303108-excerpt.xml-20260916T094302Z. Filer EIN 23-2888152. Exact filed field names: Schedule M Part I line 11 SecurPrtnrshpTrustIntrstsGrp. Publicly traded, closely held stock, and partnership/LLC interests kept on separate rows. MethodOfDeterminingRevenuesTxt=INDEPENDENT ASSESS.. CloselyHeldEquityInterestsGrp year-end book value is Schedule D, not this contribution line."
19,A,MDI,C07.E2;C07.E3;C02.E3,Vanguard Charitable Endowment Program FY2023 (2022-07-01 to 2023-06-30) Schedule M Securities—Publicly traded,DAF sponsor,Vanguard Charitable,202441359349309439,,,Vanguard Charitable Endowment Program,,2022-07-01,2023-06-30,,equity_value,1135659933,USD,2023-06-30,interval,FY2023 (2022-07-01 to 2023-06-30),,,,,Securities—Publicly traded,18931,,,,,,,yes,DAF sponsor filings,"GET https://gt990datalake-rawdata.s3.amazonaws.com/EfileData/XmlFiles/202441359349309439_public.xml; IRS990ScheduleM/SecuritiesPubliclyTradedGrp; fields ContributionCnt, NoncashContributionsRptF990Amt, MethodOfDeterminingRevenuesTxt",https://gt990datalake-rawdata.s3.amazonaws.com/EfileData/XmlFiles/202441359349309439_public.xml,<SecuritiesPubliclyTradedGrp><NonCashCheckboxInd>X</NonCashCheckboxInd><ContributionCnt>18931</ContributionCnt><NoncashContributionsRptF990Amt>1135659933</NoncashContributionsRptF990Amt><MethodOfDeterminingRevenuesTxt>PUBLIC MARKET VALUE</MethodOfDeterminingRevenuesTxt></SecuritiesPubliclyTradedGrp>,2026-09-16T10:21:56Z,SecuritiesPubliclyTradedGrp ContributionCnt=18931 NoncashContributionsRptF990Amt=1135659933 method=PUBLIC MARKET VALUE,1,FY2026 Form 990 original due 2026-11-16,"Schedule M reports count and FMV by asset type for contributions TO the sponsor; it does not name the donor, DAF account, or issuer of closely held stock. Amounts are not summed across lines, years, or money_types.","read-first research/STATE.md; MD11 METR/ARC Schedule I lines locators only. Primary research/primary/MD38-daf-sponsor-schedules/xml-vanguard-202306-202441359349309439-excerpt.xml-20260916T094302Z. Filer EIN 23-2888152. Exact filed field names: Schedule M Part I line 9 SecuritiesPubliclyTradedGrp. Publicly traded, closely held stock, and partnership/LLC interests kept on separate rows. MethodOfDeterminingRevenuesTxt=PUBLIC MARKET VALUE. CloselyHeldEquityInterestsGrp year-end book value is Schedule D, not this contribution line."
20,A,MDI,C07.E2;C07.E3;C02.E3,Vanguard Charitable Endowment Program FY2023 (2022-07-01 to 2023-06-30) Schedule M Securities—Closely held stock,DAF sponsor,Vanguard Charitable,202441359349309439,,,Vanguard Charitable Endowment Program,,2022-07-01,2023-06-30,,equity_value,49533588,USD,2023-06-30,interval,FY2023 (2022-07-01 to 2023-06-30),,,,,Securities—Closely held stock,15,,,,,,,yes,DAF sponsor filings,"GET https://gt990datalake-rawdata.s3.amazonaws.com/EfileData/XmlFiles/202441359349309439_public.xml; IRS990ScheduleM/SecuritiesCloselyHeldStockGrp; fields ContributionCnt, NoncashContributionsRptF990Amt, MethodOfDeterminingRevenuesTxt",https://gt990datalake-rawdata.s3.amazonaws.com/EfileData/XmlFiles/202441359349309439_public.xml,<SecuritiesCloselyHeldStockGrp><NonCashCheckboxInd>X</NonCashCheckboxInd><ContributionCnt>15</ContributionCnt><NoncashContributionsRptF990Amt>49533588</NoncashContributionsRptF990Amt><MethodOfDeterminingRevenuesTxt>INDEPENDENT ASSESS.</MethodOfDeterminingRevenuesTxt></SecuritiesCloselyHeldStockGrp>,2026-09-16T10:21:56Z,SecuritiesCloselyHeldStockGrp ContributionCnt=15 NoncashContributionsRptF990Amt=49533588 method=INDEPENDENT ASSESS.,1,FY2026 Form 990 original due 2026-11-16,"Schedule M reports count and FMV by asset type for contributions TO the sponsor; it does not name the donor, DAF account, or issuer of closely held stock. Amounts are not summed across lines, years, or money_types.","read-first research/STATE.md; MD11 METR/ARC Schedule I lines locators only. Primary research/primary/MD38-daf-sponsor-schedules/xml-vanguard-202306-202441359349309439-excerpt.xml-20260916T094302Z. Filer EIN 23-2888152. Exact filed field names: Schedule M Part I line 10 SecuritiesCloselyHeldStockGrp. Publicly traded, closely held stock, and partnership/LLC interests kept on separate rows. MethodOfDeterminingRevenuesTxt=INDEPENDENT ASSESS.. CloselyHeldEquityInterestsGrp year-end book value is Schedule D, not this contribution line."
21,A,MDI,C07.E2;C07.E3;C02.E3,"Vanguard Charitable Endowment Program FY2023 (2022-07-01 to 2023-06-30) Schedule M Securities—Partnership, LLC, or trust interests",DAF sponsor,Vanguard Charitable,202441359349309439,,,Vanguard Charitable Endowment Program,,2022-07-01,2023-06-30,,equity_value,413612000,USD,2023-06-30,interval,FY2023 (2022-07-01 to 2023-06-30),,,,,"Securities—Partnership, LLC, or trust interests",24,,,,,,,yes,DAF sponsor filings,"GET https://gt990datalake-rawdata.s3.amazonaws.com/EfileData/XmlFiles/202441359349309439_public.xml; IRS990ScheduleM/SecurPrtnrshpTrustIntrstsGrp; fields ContributionCnt, NoncashContributionsRptF990Amt, MethodOfDeterminingRevenuesTxt",https://gt990datalake-rawdata.s3.amazonaws.com/EfileData/XmlFiles/202441359349309439_public.xml,<SecurPrtnrshpTrustIntrstsGrp><NonCashCheckboxInd>X</NonCashCheckboxInd><ContributionCnt>24</ContributionCnt><NoncashContributionsRptF990Amt>413612000</NoncashContributionsRptF990Amt><MethodOfDeterminingRevenuesTxt>INDEPENDENT ASSESS.</MethodOfDeterminingRevenuesTxt></SecurPrtnrshpTrustIntrstsGrp>,2026-09-16T10:21:56Z,SecurPrtnrshpTrustIntrstsGrp ContributionCnt=24 NoncashContributionsRptF990Amt=413612000 method=INDEPENDENT ASSESS.,1,FY2026 Form 990 original due 2026-11-16,"Schedule M reports count and FMV by asset type for contributions TO the sponsor; it does not name the donor, DAF account, or issuer of closely held stock. Amounts are not summed across lines, years, or money_types.","read-first research/STATE.md; MD11 METR/ARC Schedule I lines locators only. Primary research/primary/MD38-daf-sponsor-schedules/xml-vanguard-202306-202441359349309439-excerpt.xml-20260916T094302Z. Filer EIN 23-2888152. Exact filed field names: Schedule M Part I line 11 SecurPrtnrshpTrustIntrstsGrp. Publicly traded, closely held stock, and partnership/LLC interests kept on separate rows. MethodOfDeterminingRevenuesTxt=INDEPENDENT ASSESS.. CloselyHeldEquityInterestsGrp year-end book value is Schedule D, not this contribution line."
22,A,MDI,C07.E2;C07.E3;C02.E3,Vanguard Charitable Endowment Program FY2024 (2023-07-01 to 2024-06-30) Schedule M Securities—Publicly traded,DAF sponsor,Vanguard Charitable,202511349349313096,,,Vanguard Charitable Endowment Program,,2023-07-01,2024-06-30,,equity_value,3076297355,USD,2024-06-30,interval,FY2024 (2023-07-01 to 2024-06-30),,,,,Securities—Publicly traded,23152,,,,,,,yes,DAF sponsor filings,"GET https://gt990datalake-rawdata.s3.amazonaws.com/EfileData/XmlFiles/202511349349313096_public.xml; IRS990ScheduleM/SecuritiesPubliclyTradedGrp; fields ContributionCnt, NoncashContributionsRptF990Amt, MethodOfDeterminingRevenuesTxt",https://gt990datalake-rawdata.s3.amazonaws.com/EfileData/XmlFiles/202511349349313096_public.xml,<SecuritiesPubliclyTradedGrp><NonCashCheckboxInd>X</NonCashCheckboxInd><ContributionCnt>23152</ContributionCnt><NoncashContributionsRptF990Amt>3076297355</NoncashContributionsRptF990Amt><MethodOfDeterminingRevenuesTxt>PUBLIC MARKET VALUE</MethodOfDeterminingRevenuesTxt></SecuritiesPubliclyTradedGrp>,2026-09-16T10:21:56Z,SecuritiesPubliclyTradedGrp ContributionCnt=23152 NoncashContributionsRptF990Amt=3076297355 method=PUBLIC MARKET VALUE,1,FY2026 Form 990 original due 2026-11-16,"Schedule M reports count and FMV by asset type for contributions TO the sponsor; it does not name the donor, DAF account, or issuer of closely held stock. Amounts are not summed across lines, years, or money_types.","read-first research/STATE.md; MD11 METR/ARC Schedule I lines locators only. Primary research/primary/MD38-daf-sponsor-schedules/xml-vanguard-202406-202511349349313096-excerpt.xml-20260916T094302Z. Filer EIN 23-2888152. Exact filed field names: Schedule M Part I line 9 SecuritiesPubliclyTradedGrp. Publicly traded, closely held stock, and partnership/LLC interests kept on separate rows. MethodOfDeterminingRevenuesTxt=PUBLIC MARKET VALUE. CloselyHeldEquityInterestsGrp year-end book value is Schedule D, not this contribution line."
23,A,MDI,C07.E2;C07.E3;C02.E3,Vanguard Charitable Endowment Program FY2024 (2023-07-01 to 2024-06-30) Schedule M Securities—Closely held stock,DAF sponsor,Vanguard Charitable,202511349349313096,,,Vanguard Charitable Endowment Program,,2023-07-01,2024-06-30,,equity_value,5152704,USD,2024-06-30,interval,FY2024 (2023-07-01 to 2024-06-30),,,,,Securities—Closely held stock,9,,,,,,,yes,DAF sponsor filings,"GET https://gt990datalake-rawdata.s3.amazonaws.com/EfileData/XmlFiles/202511349349313096_public.xml; IRS990ScheduleM/SecuritiesCloselyHeldStockGrp; fields ContributionCnt, NoncashContributionsRptF990Amt, MethodOfDeterminingRevenuesTxt",https://gt990datalake-rawdata.s3.amazonaws.com/EfileData/XmlFiles/202511349349313096_public.xml,<SecuritiesCloselyHeldStockGrp><NonCashCheckboxInd>X</NonCashCheckboxInd><ContributionCnt>9</ContributionCnt><NoncashContributionsRptF990Amt>5152704</NoncashContributionsRptF990Amt><MethodOfDeterminingRevenuesTxt>INDEPENDENT ASSESS.</MethodOfDeterminingRevenuesTxt></SecuritiesCloselyHeldStockGrp>,2026-09-16T10:21:56Z,SecuritiesCloselyHeldStockGrp ContributionCnt=9 NoncashContributionsRptF990Amt=5152704 method=INDEPENDENT ASSESS.,1,FY2026 Form 990 original due 2026-11-16,"Schedule M reports count and FMV by asset type for contributions TO the sponsor; it does not name the donor, DAF account, or issuer of closely held stock. Amounts are not summed across lines, years, or money_types.","read-first research/STATE.md; MD11 METR/ARC Schedule I lines locators only. Primary research/primary/MD38-daf-sponsor-schedules/xml-vanguard-202406-202511349349313096-excerpt.xml-20260916T094302Z. Filer EIN 23-2888152. Exact filed field names: Schedule M Part I line 10 SecuritiesCloselyHeldStockGrp. Publicly traded, closely held stock, and partnership/LLC interests kept on separate rows. MethodOfDeterminingRevenuesTxt=INDEPENDENT ASSESS.. CloselyHeldEquityInterestsGrp year-end book value is Schedule D, not this contribution line."
24,A,MDI,C07.E2;C07.E3;C02.E3,"Vanguard Charitable Endowment Program FY2024 (2023-07-01 to 2024-06-30) Schedule M Securities—Partnership, LLC, or trust interests",DAF sponsor,Vanguard Charitable,202511349349313096,,,Vanguard Charitable Endowment Program,,2023-07-01,2024-06-30,,equity_value,472875727,USD,2024-06-30,interval,FY2024 (2023-07-01 to 2024-06-30),,,,,"Securities—Partnership, LLC, or trust interests",49,,,,,,,yes,DAF sponsor filings,"GET https://gt990datalake-rawdata.s3.amazonaws.com/EfileData/XmlFiles/202511349349313096_public.xml; IRS990ScheduleM/SecurPrtnrshpTrustIntrstsGrp; fields ContributionCnt, NoncashContributionsRptF990Amt, MethodOfDeterminingRevenuesTxt",https://gt990datalake-rawdata.s3.amazonaws.com/EfileData/XmlFiles/202511349349313096_public.xml,<SecurPrtnrshpTrustIntrstsGrp><NonCashCheckboxInd>X</NonCashCheckboxInd><ContributionCnt>49</ContributionCnt><NoncashContributionsRptF990Amt>472875727</NoncashContributionsRptF990Amt><MethodOfDeterminingRevenuesTxt>INDEPENDENT ASSESS.</MethodOfDeterminingRevenuesTxt></SecurPrtnrshpTrustIntrstsGrp>,2026-09-16T10:21:56Z,SecurPrtnrshpTrustIntrstsGrp ContributionCnt=49 NoncashContributionsRptF990Amt=472875727 method=INDEPENDENT ASSESS.,1,FY2026 Form 990 original due 2026-11-16,"Schedule M reports count and FMV by asset type for contributions TO the sponsor; it does not name the donor, DAF account, or issuer of closely held stock. Amounts are not summed across lines, years, or money_types.","read-first research/STATE.md; MD11 METR/ARC Schedule I lines locators only. Primary research/primary/MD38-daf-sponsor-schedules/xml-vanguard-202406-202511349349313096-excerpt.xml-20260916T094302Z. Filer EIN 23-2888152. Exact filed field names: Schedule M Part I line 11 SecurPrtnrshpTrustIntrstsGrp. Publicly traded, closely held stock, and partnership/LLC interests kept on separate rows. MethodOfDeterminingRevenuesTxt=INDEPENDENT ASSESS.. CloselyHeldEquityInterestsGrp year-end book value is Schedule D, not this contribution line."
25,A,MDI,C07.E2;C07.E3;C02.E3,Vanguard Charitable Endowment Program FY2025 (2024-07-01 to 2025-06-30) Schedule M Securities—Publicly traded,DAF sponsor,Vanguard Charitable,202621329349306657,,,Vanguard Charitable Endowment Program,,2024-07-01,2025-06-30,,equity_value,2634125031,USD,2025-06-30,interval,FY2025 (2024-07-01 to 2025-06-30),,,,,Securities—Publicly traded,25444,,,,,,,yes,DAF sponsor filings,GET https://projects.propublica.org/nonprofits/full_text/202621329349306657/IRS990ScheduleM; local names SecuritiesPubliclyTradedGrp/ContributionCnt and NoncashContributionsRptF990Amt (GT and IRS AWS XML 404),https://projects.propublica.org/nonprofits/full_text/202621329349306657/IRS990ScheduleM,"SecuritiesPubliclyTradedGrp ContributionCnt[1]"">25,444 NoncashContributionsRptF990Amt[1]"">2,634,125,031 MethodOfDeterminingRevenuesTxt[1]"">PUBLIC MARKET VALUE",2026-09-16T10:21:56Z,SecuritiesPubliclyTradedGrp ContributionCnt=25444 NoncashContributionsRptF990Amt=2634125031 method=PUBLIC MARKET VALUE,1,FY2026 Form 990 original due 2026-11-16,XML object 202621329349306657 absent from GivingTuesday and IRS AWS; ProPublica Schedule M render is the working primary. Amounts not summed with other money_types or years.,"read-first research/STATE.md; MD11 Schedule I METR/ARC grants used as locators only, not recopied. Primary pp-schedM-vanguard-202506-202621329349306657.html-20260916T094302Z. Filer EIN 23-2888152. Filed field names: SecuritiesPubliclyTradedGrp, ContributionCnt, NoncashContributionsRptF990Amt, MethodOfDeterminingRevenuesTxt. Publicly traded / closely held / partnership-LLC kept on separate rows. Unfiled FY2026 is a calendar closer, not searched-and-absent."
26,A,MDI,C07.E2;C07.E3;C02.E3,Vanguard Charitable Endowment Program FY2025 (2024-07-01 to 2025-06-30) Schedule M Securities—Closely held stock,DAF sponsor,Vanguard Charitable,202621329349306657,,,Vanguard Charitable Endowment Program,,2024-07-01,2025-06-30,,equity_value,96652480,USD,2025-06-30,interval,FY2025 (2024-07-01 to 2025-06-30),,,,,Securities—Closely held stock,12,,,,,,,yes,DAF sponsor filings,GET https://projects.propublica.org/nonprofits/full_text/202621329349306657/IRS990ScheduleM; local names SecuritiesCloselyHeldStockGrp/ContributionCnt and NoncashContributionsRptF990Amt (GT and IRS AWS XML 404),https://projects.propublica.org/nonprofits/full_text/202621329349306657/IRS990ScheduleM,"SecuritiesCloselyHeldStockGrp ContributionCnt[1]"">12 NoncashContributionsRptF990Amt[1]"">96,652,480 MethodOfDeterminingRevenuesTxt[1]"">INDEPENDENT ASSESS.",2026-09-16T10:21:56Z,SecuritiesCloselyHeldStockGrp ContributionCnt=12 NoncashContributionsRptF990Amt=96652480 method=INDEPENDENT ASSESS.,1,FY2026 Form 990 original due 2026-11-16,XML object 202621329349306657 absent from GivingTuesday and IRS AWS; ProPublica Schedule M render is the working primary. Amounts not summed with other money_types or years.,"read-first research/STATE.md; MD11 Schedule I METR/ARC grants used as locators only, not recopied. Primary pp-schedM-vanguard-202506-202621329349306657.html-20260916T094302Z. Filer EIN 23-2888152. Filed field names: SecuritiesCloselyHeldStockGrp, ContributionCnt, NoncashContributionsRptF990Amt, MethodOfDeterminingRevenuesTxt. Publicly traded / closely held / partnership-LLC kept on separate rows. Unfiled FY2026 is a calendar closer, not searched-and-absent."
27,A,MDI,C07.E2;C07.E3;C02.E3,"Vanguard Charitable Endowment Program FY2025 (2024-07-01 to 2025-06-30) Schedule M Securities—Partnership, LLC, or trust interests",DAF sponsor,Vanguard Charitable,202621329349306657,,,Vanguard Charitable Endowment Program,,2024-07-01,2025-06-30,,equity_value,753760153,USD,2025-06-30,interval,FY2025 (2024-07-01 to 2025-06-30),,,,,"Securities—Partnership, LLC, or trust interests",36,,,,,,,yes,DAF sponsor filings,GET https://projects.propublica.org/nonprofits/full_text/202621329349306657/IRS990ScheduleM; local names SecurPrtnrshpTrustIntrstsGrp/ContributionCnt and NoncashContributionsRptF990Amt (GT and IRS AWS XML 404),https://projects.propublica.org/nonprofits/full_text/202621329349306657/IRS990ScheduleM,"SecurPrtnrshpTrustIntrstsGrp ContributionCnt[1]"">36 NoncashContributionsRptF990Amt[1]"">753,760,153 MethodOfDeterminingRevenuesTxt[1]"">INDEPENDENT ASSESS.",2026-09-16T10:21:56Z,SecurPrtnrshpTrustIntrstsGrp ContributionCnt=36 NoncashContributionsRptF990Amt=753760153 method=INDEPENDENT ASSESS.,1,FY2026 Form 990 original due 2026-11-16,XML object 202621329349306657 absent from GivingTuesday and IRS AWS; ProPublica Schedule M render is the working primary. Amounts not summed with other money_types or years.,"read-first research/STATE.md; MD11 Schedule I METR/ARC grants used as locators only, not recopied. Primary pp-schedM-vanguard-202506-202621329349306657.html-20260916T094302Z. Filer EIN 23-2888152. Filed field names: SecurPrtnrshpTrustIntrstsGrp, ContributionCnt, NoncashContributionsRptF990Amt, MethodOfDeterminingRevenuesTxt. Publicly traded / closely held / partnership-LLC kept on separate rows. Unfiled FY2026 is a calendar closer, not searched-and-absent."
28,A,MDI,C07.E2;C07.E3;C02.E3,Fidelity Investments Charitable Gift Fund FY2021 (2020-07-01 to 2021-06-30) Schedule M Securities—Publicly traded,DAF sponsor,Fidelity Charitable,202221339349302787,,,Fidelity Investments Charitable Gift Fund,,2020-07-01,2021-06-30,,equity_value,8713174951,USD,2021-06-30,interval,FY2021 (2020-07-01 to 2021-06-30),,,,,Securities—Publicly traded,156749,,,,,,,yes,DAF sponsor filings,"GET https://gt990datalake-rawdata.s3.amazonaws.com/EfileData/XmlFiles/202221339349302787_public.xml; IRS990ScheduleM/SecuritiesPubliclyTradedGrp; fields ContributionCnt, NoncashContributionsRptF990Amt, MethodOfDeterminingRevenuesTxt",https://gt990datalake-rawdata.s3.amazonaws.com/EfileData/XmlFiles/202221339349302787_public.xml,<SecuritiesPubliclyTradedGrp><NonCashCheckboxInd>X</NonCashCheckboxInd><ContributionCnt>156749</ContributionCnt><NoncashContributionsRptF990Amt>8713174951</NoncashContributionsRptF990Amt><MethodOfDeterminingRevenuesTxt>FMV ON DATE OF CONTR</MethodOfDeterminingRevenuesTxt></SecuritiesPubliclyTradedGr,2026-09-16T10:21:56Z,SecuritiesPubliclyTradedGrp ContributionCnt=156749 NoncashContributionsRptF990Amt=8713174951 method=FMV ON DATE OF CONTR,1,FY2026 Form 990 original due 2026-11-16,"Schedule M reports count and FMV by asset type for contributions TO the sponsor; it does not name the donor, DAF account, or issuer of closely held stock. Amounts are not summed across lines, years, or money_types.","read-first research/STATE.md; MD11 METR/ARC Schedule I lines locators only. Primary research/primary/MD38-daf-sponsor-schedules/xml-fidelity-202106-202221339349302787-excerpt.xml-20260916T094302Z. Filer EIN 11-0303001. Exact filed field names: Schedule M Part I line 9 SecuritiesPubliclyTradedGrp. Publicly traded, closely held stock, and partnership/LLC interests kept on separate rows. MethodOfDeterminingRevenuesTxt=FMV ON DATE OF CONTR. CloselyHeldEquityInterestsGrp year-end book value is Schedule D, not this contribution line."
29,A,MDI,C07.E2;C07.E3;C02.E3,Fidelity Investments Charitable Gift Fund FY2021 (2020-07-01 to 2021-06-30) Schedule M Securities—Closely held stock,DAF sponsor,Fidelity Charitable,202221339349302787,,,Fidelity Investments Charitable Gift Fund,,2020-07-01,2021-06-30,,equity_value,456031398,USD,2021-06-30,interval,FY2021 (2020-07-01 to 2021-06-30),,,,,Securities—Closely held stock,117,,,,,,,yes,DAF sponsor filings,"GET https://gt990datalake-rawdata.s3.amazonaws.com/EfileData/XmlFiles/202221339349302787_public.xml; IRS990ScheduleM/SecuritiesCloselyHeldStockGrp; fields ContributionCnt, NoncashContributionsRptF990Amt, MethodOfDeterminingRevenuesTxt",https://gt990datalake-rawdata.s3.amazonaws.com/EfileData/XmlFiles/202221339349302787_public.xml,<SecuritiesCloselyHeldStockGrp><NonCashCheckboxInd>X</NonCashCheckboxInd><ContributionCnt>117</ContributionCnt><NoncashContributionsRptF990Amt>456031398</NoncashContributionsRptF990Amt><MethodOfDeterminingRevenuesTxt>FMV ON DATE OF CONTR</MethodOfDeterminingRevenuesTxt></SecuritiesCloselyHeldStockGr,2026-09-16T10:21:56Z,SecuritiesCloselyHeldStockGrp ContributionCnt=117 NoncashContributionsRptF990Amt=456031398 method=FMV ON DATE OF CONTR,1,FY2026 Form 990 original due 2026-11-16,"Schedule M reports count and FMV by asset type for contributions TO the sponsor; it does not name the donor, DAF account, or issuer of closely held stock. Amounts are not summed across lines, years, or money_types.","read-first research/STATE.md; MD11 METR/ARC Schedule I lines locators only. Primary research/primary/MD38-daf-sponsor-schedules/xml-fidelity-202106-202221339349302787-excerpt.xml-20260916T094302Z. Filer EIN 11-0303001. Exact filed field names: Schedule M Part I line 10 SecuritiesCloselyHeldStockGrp. Publicly traded, closely held stock, and partnership/LLC interests kept on separate rows. MethodOfDeterminingRevenuesTxt=FMV ON DATE OF CONTR. CloselyHeldEquityInterestsGrp year-end book value is Schedule D, not this contribution line."
30,A,MDI,C07.E2;C07.E3;C02.E3,"Fidelity Investments Charitable Gift Fund FY2021 (2020-07-01 to 2021-06-30) Schedule M Securities—Partnership, LLC, or trust interests",DAF sponsor,Fidelity Charitable,202221339349302787,,,Fidelity Investments Charitable Gift Fund,,2020-07-01,2021-06-30,,equity_value,728648248,USD,2021-06-30,interval,FY2021 (2020-07-01 to 2021-06-30),,,,,"Securities—Partnership, LLC, or trust interests",166,,,,,,,yes,DAF sponsor filings,"GET https://gt990datalake-rawdata.s3.amazonaws.com/EfileData/XmlFiles/202221339349302787_public.xml; IRS990ScheduleM/SecurPrtnrshpTrustIntrstsGrp; fields ContributionCnt, NoncashContributionsRptF990Amt, MethodOfDeterminingRevenuesTxt",https://gt990datalake-rawdata.s3.amazonaws.com/EfileData/XmlFiles/202221339349302787_public.xml,<SecurPrtnrshpTrustIntrstsGrp><NonCashCheckboxInd>X</NonCashCheckboxInd><ContributionCnt>166</ContributionCnt><NoncashContributionsRptF990Amt>728648248</NoncashContributionsRptF990Amt><MethodOfDeterminingRevenuesTxt>FMV ON DATE OF CONTR</MethodOfDeterminingRevenuesTxt></SecurPrtnrshpTrustIntrstsGrp>,2026-09-16T10:21:56Z,SecurPrtnrshpTrustIntrstsGrp ContributionCnt=166 NoncashContributionsRptF990Amt=728648248 method=FMV ON DATE OF CONTR,1,FY2026 Form 990 original due 2026-11-16,"Schedule M reports count and FMV by asset type for contributions TO the sponsor; it does not name the donor, DAF account, or issuer of closely held stock. Amounts are not summed across lines, years, or money_types.","read-first research/STATE.md; MD11 METR/ARC Schedule I lines locators only. Primary research/primary/MD38-daf-sponsor-schedules/xml-fidelity-202106-202221339349302787-excerpt.xml-20260916T094302Z. Filer EIN 11-0303001. Exact filed field names: Schedule M Part I line 11 SecurPrtnrshpTrustIntrstsGrp. Publicly traded, closely held stock, and partnership/LLC interests kept on separate rows. MethodOfDeterminingRevenuesTxt=FMV ON DATE OF CONTR. CloselyHeldEquityInterestsGrp year-end book value is Schedule D, not this contribution line."
31,A,MDI,C07.E2;C07.E3;C02.E3,Fidelity Investments Charitable Gift Fund FY2022 (2021-07-01 to 2022-06-30) Schedule M Securities—Publicly traded,DAF sponsor,Fidelity Charitable,202321309349304807,,,Fidelity Investments Charitable Gift Fund,,2021-07-01,2022-06-30,,equity_value,9192885465,USD,2022-06-30,interval,FY2022 (2021-07-01 to 2022-06-30),,,,,Securities—Publicly traded,188575,,,,,,,yes,DAF sponsor filings,"GET https://gt990datalake-rawdata.s3.amazonaws.com/EfileData/XmlFiles/202321309349304807_public.xml; IRS990ScheduleM/SecuritiesPubliclyTradedGrp; fields ContributionCnt, NoncashContributionsRptF990Amt, MethodOfDeterminingRevenuesTxt",https://gt990datalake-rawdata.s3.amazonaws.com/EfileData/XmlFiles/202321309349304807_public.xml,<SecuritiesPubliclyTradedGrp><NonCashCheckboxInd>X</NonCashCheckboxInd><ContributionCnt>188575</ContributionCnt><NoncashContributionsRptF990Amt>9192885465</NoncashContributionsRptF990Amt><MethodOfDeterminingRevenuesTxt>FMV ON DATE OF CONTR</MethodOfDeterminingRevenuesTxt></SecuritiesPubliclyTradedGr,2026-09-16T10:21:56Z,SecuritiesPubliclyTradedGrp ContributionCnt=188575 NoncashContributionsRptF990Amt=9192885465 method=FMV ON DATE OF CONTR,1,FY2026 Form 990 original due 2026-11-16,"Schedule M reports count and FMV by asset type for contributions TO the sponsor; it does not name the donor, DAF account, or issuer of closely held stock. Amounts are not summed across lines, years, or money_types.","read-first research/STATE.md; MD11 METR/ARC Schedule I lines locators only. Primary research/primary/MD38-daf-sponsor-schedules/xml-fidelity-202206-202321309349304807-excerpt.xml-20260916T094302Z. Filer EIN 11-0303001. Exact filed field names: Schedule M Part I line 9 SecuritiesPubliclyTradedGrp. Publicly traded, closely held stock, and partnership/LLC interests kept on separate rows. MethodOfDeterminingRevenuesTxt=FMV ON DATE OF CONTR. CloselyHeldEquityInterestsGrp year-end book value is Schedule D, not this contribution line."
32,A,MDI,C07.E2;C07.E3;C02.E3,Fidelity Investments Charitable Gift Fund FY2022 (2021-07-01 to 2022-06-30) Schedule M Securities—Closely held stock,DAF sponsor,Fidelity Charitable,202321309349304807,,,Fidelity Investments Charitable Gift Fund,,2021-07-01,2022-06-30,,equity_value,437816754,USD,2022-06-30,interval,FY2022 (2021-07-01 to 2022-06-30),,,,,Securities—Closely held stock,133,,,,,,,yes,DAF sponsor filings,"GET https://gt990datalake-rawdata.s3.amazonaws.com/EfileData/XmlFiles/202321309349304807_public.xml; IRS990ScheduleM/SecuritiesCloselyHeldStockGrp; fields ContributionCnt, NoncashContributionsRptF990Amt, MethodOfDeterminingRevenuesTxt",https://gt990datalake-rawdata.s3.amazonaws.com/EfileData/XmlFiles/202321309349304807_public.xml,<SecuritiesCloselyHeldStockGrp><NonCashCheckboxInd>X</NonCashCheckboxInd><ContributionCnt>133</ContributionCnt><NoncashContributionsRptF990Amt>437816754</NoncashContributionsRptF990Amt><MethodOfDeterminingRevenuesTxt>FMV ON DATE OF CONTR</MethodOfDeterminingRevenuesTxt></SecuritiesCloselyHeldStockGr,2026-09-16T10:21:56Z,SecuritiesCloselyHeldStockGrp ContributionCnt=133 NoncashContributionsRptF990Amt=437816754 method=FMV ON DATE OF CONTR,1,FY2026 Form 990 original due 2026-11-16,"Schedule M reports count and FMV by asset type for contributions TO the sponsor; it does not name the donor, DAF account, or issuer of closely held stock. Amounts are not summed across lines, years, or money_types.","read-first research/STATE.md; MD11 METR/ARC Schedule I lines locators only. Primary research/primary/MD38-daf-sponsor-schedules/xml-fidelity-202206-202321309349304807-excerpt.xml-20260916T094302Z. Filer EIN 11-0303001. Exact filed field names: Schedule M Part I line 10 SecuritiesCloselyHeldStockGrp. Publicly traded, closely held stock, and partnership/LLC interests kept on separate rows. MethodOfDeterminingRevenuesTxt=FMV ON DATE OF CONTR. CloselyHeldEquityInterestsGrp year-end book value is Schedule D, not this contribution line."
33,A,MDI,C07.E2;C07.E3;C02.E3,"Fidelity Investments Charitable Gift Fund FY2022 (2021-07-01 to 2022-06-30) Schedule M Securities—Partnership, LLC, or trust interests",DAF sponsor,Fidelity Charitable,202321309349304807,,,Fidelity Investments Charitable Gift Fund,,2021-07-01,2022-06-30,,equity_value,459728169,USD,2022-06-30,interval,FY2022 (2021-07-01 to 2022-06-30),,,,,"Securities—Partnership, LLC, or trust interests",177,,,,,,,yes,DAF sponsor filings,"GET https://gt990datalake-rawdata.s3.amazonaws.com/EfileData/XmlFiles/202321309349304807_public.xml; IRS990ScheduleM/SecurPrtnrshpTrustIntrstsGrp; fields ContributionCnt, NoncashContributionsRptF990Amt, MethodOfDeterminingRevenuesTxt",https://gt990datalake-rawdata.s3.amazonaws.com/EfileData/XmlFiles/202321309349304807_public.xml,<SecurPrtnrshpTrustIntrstsGrp><NonCashCheckboxInd>X</NonCashCheckboxInd><ContributionCnt>177</ContributionCnt><NoncashContributionsRptF990Amt>459728169</NoncashContributionsRptF990Amt><MethodOfDeterminingRevenuesTxt>FMV ON DATE OF CONTR</MethodOfDeterminingRevenuesTxt></SecurPrtnrshpTrustIntrstsGrp>,2026-09-16T10:21:56Z,SecurPrtnrshpTrustIntrstsGrp ContributionCnt=177 NoncashContributionsRptF990Amt=459728169 method=FMV ON DATE OF CONTR,1,FY2026 Form 990 original due 2026-11-16,"Schedule M reports count and FMV by asset type for contributions TO the sponsor; it does not name the donor, DAF account, or issuer of closely held stock. Amounts are not summed across lines, years, or money_types.","read-first research/STATE.md; MD11 METR/ARC Schedule I lines locators only. Primary research/primary/MD38-daf-sponsor-schedules/xml-fidelity-202206-202321309349304807-excerpt.xml-20260916T094302Z. Filer EIN 11-0303001. Exact filed field names: Schedule M Part I line 11 SecurPrtnrshpTrustIntrstsGrp. Publicly traded, closely held stock, and partnership/LLC interests kept on separate rows. MethodOfDeterminingRevenuesTxt=FMV ON DATE OF CONTR. CloselyHeldEquityInterestsGrp year-end book value is Schedule D, not this contribution line."
34,A,MDI,C07.E2;C07.E3;C02.E3,Fidelity Investments Charitable Gift Fund FY2023 (2022-07-01 to 2023-06-30) Schedule M Securities—Publicly traded,DAF sponsor,Fidelity Charitable,202441369349301334,,,Fidelity Investments Charitable Gift Fund,,2022-07-01,2023-06-30,,equity_value,6046146848,USD,2023-06-30,interval,FY2023 (2022-07-01 to 2023-06-30),,,,,Securities—Publicly traded,157207,,,,,,,yes,DAF sponsor filings,"GET https://gt990datalake-rawdata.s3.amazonaws.com/EfileData/XmlFiles/202441369349301334_public.xml; IRS990ScheduleM/SecuritiesPubliclyTradedGrp; fields ContributionCnt, NoncashContributionsRptF990Amt, MethodOfDeterminingRevenuesTxt",https://gt990datalake-rawdata.s3.amazonaws.com/EfileData/XmlFiles/202441369349301334_public.xml,<SecuritiesPubliclyTradedGrp><NonCashCheckboxInd>X</NonCashCheckboxInd><ContributionCnt>157207</ContributionCnt><NoncashContributionsRptF990Amt>6046146848</NoncashContributionsRptF990Amt><MethodOfDeterminingRevenuesTxt>FMV ON DATE OF CONTR</MethodOfDeterminingRevenuesTxt></SecuritiesPubliclyTradedGr,2026-09-16T10:21:56Z,SecuritiesPubliclyTradedGrp ContributionCnt=157207 NoncashContributionsRptF990Amt=6046146848 method=FMV ON DATE OF CONTR,1,FY2026 Form 990 original due 2026-11-16,"Schedule M reports count and FMV by asset type for contributions TO the sponsor; it does not name the donor, DAF account, or issuer of closely held stock. Amounts are not summed across lines, years, or money_types.","read-first research/STATE.md; MD11 METR/ARC Schedule I lines locators only. Primary research/primary/MD38-daf-sponsor-schedules/xml-fidelity-202306-202441369349301334-excerpt.xml-20260916T094302Z. Filer EIN 11-0303001. Exact filed field names: Schedule M Part I line 9 SecuritiesPubliclyTradedGrp. Publicly traded, closely held stock, and partnership/LLC interests kept on separate rows. MethodOfDeterminingRevenuesTxt=FMV ON DATE OF CONTR. CloselyHeldEquityInterestsGrp year-end book value is Schedule D, not this contribution line."
35,A,MDI,C07.E2;C07.E3;C02.E3,Fidelity Investments Charitable Gift Fund FY2023 (2022-07-01 to 2023-06-30) Schedule M Securities—Closely held stock,DAF sponsor,Fidelity Charitable,202441369349301334,,,Fidelity Investments Charitable Gift Fund,,2022-07-01,2023-06-30,,equity_value,265613057,USD,2023-06-30,interval,FY2023 (2022-07-01 to 2023-06-30),,,,,Securities—Closely held stock,87,,,,,,,yes,DAF sponsor filings,"GET https://gt990datalake-rawdata.s3.amazonaws.com/EfileData/XmlFiles/202441369349301334_public.xml; IRS990ScheduleM/SecuritiesCloselyHeldStockGrp; fields ContributionCnt, NoncashContributionsRptF990Amt, MethodOfDeterminingRevenuesTxt",https://gt990datalake-rawdata.s3.amazonaws.com/EfileData/XmlFiles/202441369349301334_public.xml,<SecuritiesCloselyHeldStockGrp><NonCashCheckboxInd>X</NonCashCheckboxInd><ContributionCnt>87</ContributionCnt><NoncashContributionsRptF990Amt>265613057</NoncashContributionsRptF990Amt><MethodOfDeterminingRevenuesTxt>FMV ON DATE OF CONTR</MethodOfDeterminingRevenuesTxt></SecuritiesCloselyHeldStockGrp,2026-09-16T10:21:56Z,SecuritiesCloselyHeldStockGrp ContributionCnt=87 NoncashContributionsRptF990Amt=265613057 method=FMV ON DATE OF CONTR,1,FY2026 Form 990 original due 2026-11-16,"Schedule M reports count and FMV by asset type for contributions TO the sponsor; it does not name the donor, DAF account, or issuer of closely held stock. Amounts are not summed across lines, years, or money_types.","read-first research/STATE.md; MD11 METR/ARC Schedule I lines locators only. Primary research/primary/MD38-daf-sponsor-schedules/xml-fidelity-202306-202441369349301334-excerpt.xml-20260916T094302Z. Filer EIN 11-0303001. Exact filed field names: Schedule M Part I line 10 SecuritiesCloselyHeldStockGrp. Publicly traded, closely held stock, and partnership/LLC interests kept on separate rows. MethodOfDeterminingRevenuesTxt=FMV ON DATE OF CONTR. CloselyHeldEquityInterestsGrp year-end book value is Schedule D, not this contribution line."
36,A,MDI,C07.E2;C07.E3;C02.E3,"Fidelity Investments Charitable Gift Fund FY2023 (2022-07-01 to 2023-06-30) Schedule M Securities—Partnership, LLC, or trust interests",DAF sponsor,Fidelity Charitable,202441369349301334,,,Fidelity Investments Charitable Gift Fund,,2022-07-01,2023-06-30,,equity_value,1044382614,USD,2023-06-30,interval,FY2023 (2022-07-01 to 2023-06-30),,,,,"Securities—Partnership, LLC, or trust interests",159,,,,,,,yes,DAF sponsor filings,"GET https://gt990datalake-rawdata.s3.amazonaws.com/EfileData/XmlFiles/202441369349301334_public.xml; IRS990ScheduleM/SecurPrtnrshpTrustIntrstsGrp; fields ContributionCnt, NoncashContributionsRptF990Amt, MethodOfDeterminingRevenuesTxt",https://gt990datalake-rawdata.s3.amazonaws.com/EfileData/XmlFiles/202441369349301334_public.xml,<SecurPrtnrshpTrustIntrstsGrp><NonCashCheckboxInd>X</NonCashCheckboxInd><ContributionCnt>159</ContributionCnt><NoncashContributionsRptF990Amt>1044382614</NoncashContributionsRptF990Amt><MethodOfDeterminingRevenuesTxt>FMV ON DATE OF CONTR</MethodOfDeterminingRevenuesTxt></SecurPrtnrshpTrustIntrstsGrp,2026-09-16T10:21:56Z,SecurPrtnrshpTrustIntrstsGrp ContributionCnt=159 NoncashContributionsRptF990Amt=1044382614 method=FMV ON DATE OF CONTR,1,FY2026 Form 990 original due 2026-11-16,"Schedule M reports count and FMV by asset type for contributions TO the sponsor; it does not name the donor, DAF account, or issuer of closely held stock. Amounts are not summed across lines, years, or money_types.","read-first research/STATE.md; MD11 METR/ARC Schedule I lines locators only. Primary research/primary/MD38-daf-sponsor-schedules/xml-fidelity-202306-202441369349301334-excerpt.xml-20260916T094302Z. Filer EIN 11-0303001. Exact filed field names: Schedule M Part I line 11 SecurPrtnrshpTrustIntrstsGrp. Publicly traded, closely held stock, and partnership/LLC interests kept on separate rows. MethodOfDeterminingRevenuesTxt=FMV ON DATE OF CONTR. CloselyHeldEquityInterestsGrp year-end book value is Schedule D, not this contribution line."
37,A,MDI,C07.E2;C07.E3;C02.E3,Fidelity Investments Charitable Gift Fund FY2024 (2023-07-01 to 2024-06-30) Schedule M Securities—Publicly traded,DAF sponsor,Fidelity Charitable,202521349349310887,,,Fidelity Investments Charitable Gift Fund,,2023-07-01,2024-06-30,,equity_value,8350857919,USD,2024-06-30,interval,FY2024 (2023-07-01 to 2024-06-30),,,,,Securities—Publicly traded,221607,,,,,,,yes,DAF sponsor filings,"GET https://gt990datalake-rawdata.s3.amazonaws.com/EfileData/XmlFiles/202521349349310887_public.xml; IRS990ScheduleM/SecuritiesPubliclyTradedGrp; fields ContributionCnt, NoncashContributionsRptF990Amt, MethodOfDeterminingRevenuesTxt",https://gt990datalake-rawdata.s3.amazonaws.com/EfileData/XmlFiles/202521349349310887_public.xml,<SecuritiesPubliclyTradedGrp><NonCashCheckboxInd>X</NonCashCheckboxInd><ContributionCnt>221607</ContributionCnt><NoncashContributionsRptF990Amt>8350857919</NoncashContributionsRptF990Amt><MethodOfDeterminingRevenuesTxt>FMV ON DATE OF CONTR</MethodOfDeterminingRevenuesTxt></SecuritiesPubliclyTradedGr,2026-09-16T10:21:56Z,SecuritiesPubliclyTradedGrp ContributionCnt=221607 NoncashContributionsRptF990Amt=8350857919 method=FMV ON DATE OF CONTR,1,FY2026 Form 990 original due 2026-11-16,"Schedule M reports count and FMV by asset type for contributions TO the sponsor; it does not name the donor, DAF account, or issuer of closely held stock. Amounts are not summed across lines, years, or money_types.","read-first research/STATE.md; MD11 METR/ARC Schedule I lines locators only. Primary research/primary/MD38-daf-sponsor-schedules/xml-fidelity-202406-202521349349310887-excerpt.xml-20260916T094302Z. Filer EIN 11-0303001. Exact filed field names: Schedule M Part I line 9 SecuritiesPubliclyTradedGrp. Publicly traded, closely held stock, and partnership/LLC interests kept on separate rows. MethodOfDeterminingRevenuesTxt=FMV ON DATE OF CONTR. CloselyHeldEquityInterestsGrp year-end book value is Schedule D, not this contribution line."
38,A,MDI,C07.E2;C07.E3;C02.E3,Fidelity Investments Charitable Gift Fund FY2024 (2023-07-01 to 2024-06-30) Schedule M Securities—Closely held stock,DAF sponsor,Fidelity Charitable,202521349349310887,,,Fidelity Investments Charitable Gift Fund,,2023-07-01,2024-06-30,,equity_value,228632235,USD,2024-06-30,interval,FY2024 (2023-07-01 to 2024-06-30),,,,,Securities—Closely held stock,126,,,,,,,yes,DAF sponsor filings,"GET https://gt990datalake-rawdata.s3.amazonaws.com/EfileData/XmlFiles/202521349349310887_public.xml; IRS990ScheduleM/SecuritiesCloselyHeldStockGrp; fields ContributionCnt, NoncashContributionsRptF990Amt, MethodOfDeterminingRevenuesTxt",https://gt990datalake-rawdata.s3.amazonaws.com/EfileData/XmlFiles/202521349349310887_public.xml,<SecuritiesCloselyHeldStockGrp><NonCashCheckboxInd>X</NonCashCheckboxInd><ContributionCnt>126</ContributionCnt><NoncashContributionsRptF990Amt>228632235</NoncashContributionsRptF990Amt><MethodOfDeterminingRevenuesTxt>FMV ON DATE OF CONTR</MethodOfDeterminingRevenuesTxt></SecuritiesCloselyHeldStockGr,2026-09-16T10:21:56Z,SecuritiesCloselyHeldStockGrp ContributionCnt=126 NoncashContributionsRptF990Amt=228632235 method=FMV ON DATE OF CONTR,1,FY2026 Form 990 original due 2026-11-16,"Schedule M reports count and FMV by asset type for contributions TO the sponsor; it does not name the donor, DAF account, or issuer of closely held stock. Amounts are not summed across lines, years, or money_types.","read-first research/STATE.md; MD11 METR/ARC Schedule I lines locators only. Primary research/primary/MD38-daf-sponsor-schedules/xml-fidelity-202406-202521349349310887-excerpt.xml-20260916T094302Z. Filer EIN 11-0303001. Exact filed field names: Schedule M Part I line 10 SecuritiesCloselyHeldStockGrp. Publicly traded, closely held stock, and partnership/LLC interests kept on separate rows. MethodOfDeterminingRevenuesTxt=FMV ON DATE OF CONTR. CloselyHeldEquityInterestsGrp year-end book value is Schedule D, not this contribution line."
39,A,MDI,C07.E2;C07.E3;C02.E3,"Fidelity Investments Charitable Gift Fund FY2024 (2023-07-01 to 2024-06-30) Schedule M Securities—Partnership, LLC, or trust interests",DAF sponsor,Fidelity Charitable,202521349349310887,,,Fidelity Investments Charitable Gift Fund,,2023-07-01,2024-06-30,,equity_value,884398419,USD,2024-06-30,interval,FY2024 (2023-07-01 to 2024-06-30),,,,,"Securities—Partnership, LLC, or trust interests",129,,,,,,,yes,DAF sponsor filings,"GET https://gt990datalake-rawdata.s3.amazonaws.com/EfileData/XmlFiles/202521349349310887_public.xml; IRS990ScheduleM/SecurPrtnrshpTrustIntrstsGrp; fields ContributionCnt, NoncashContributionsRptF990Amt, MethodOfDeterminingRevenuesTxt",https://gt990datalake-rawdata.s3.amazonaws.com/EfileData/XmlFiles/202521349349310887_public.xml,<SecurPrtnrshpTrustIntrstsGrp><NonCashCheckboxInd>X</NonCashCheckboxInd><ContributionCnt>129</ContributionCnt><NoncashContributionsRptF990Amt>884398419</NoncashContributionsRptF990Amt><MethodOfDeterminingRevenuesTxt>FMV ON DATE OF CONTR</MethodOfDeterminingRevenuesTxt></SecurPrtnrshpTrustIntrstsGrp>,2026-09-16T10:21:56Z,SecurPrtnrshpTrustIntrstsGrp ContributionCnt=129 NoncashContributionsRptF990Amt=884398419 method=FMV ON DATE OF CONTR,1,FY2026 Form 990 original due 2026-11-16,"Schedule M reports count and FMV by asset type for contributions TO the sponsor; it does not name the donor, DAF account, or issuer of closely held stock. Amounts are not summed across lines, years, or money_types.","read-first research/STATE.md; MD11 METR/ARC Schedule I lines locators only. Primary research/primary/MD38-daf-sponsor-schedules/xml-fidelity-202406-202521349349310887-excerpt.xml-20260916T094302Z. Filer EIN 11-0303001. Exact filed field names: Schedule M Part I line 11 SecurPrtnrshpTrustIntrstsGrp. Publicly traded, closely held stock, and partnership/LLC interests kept on separate rows. MethodOfDeterminingRevenuesTxt=FMV ON DATE OF CONTR. CloselyHeldEquityInterestsGrp year-end book value is Schedule D, not this contribution line."
40,A,MDI,C07.E2;C07.E3;C02.E3,Fidelity Investments Charitable Gift Fund FY2025 (2024-07-01 to 2025-06-30) Schedule M Securities—Publicly traded,DAF sponsor,Fidelity Charitable,202601389349301700,,,Fidelity Investments Charitable Gift Fund,,2024-07-01,2025-06-30,,equity_value,16013985427,USD,2025-06-30,interval,FY2025 (2024-07-01 to 2025-06-30),,,,,Securities—Publicly traded,265824,,,,,,,yes,DAF sponsor filings,"GET https://gt990datalake-rawdata.s3.amazonaws.com/EfileData/XmlFiles/202601389349301700_public.xml; IRS990ScheduleM/SecuritiesPubliclyTradedGrp; fields ContributionCnt, NoncashContributionsRptF990Amt, MethodOfDeterminingRevenuesTxt",https://gt990datalake-rawdata.s3.amazonaws.com/EfileData/XmlFiles/202601389349301700_public.xml,<SecuritiesPubliclyTradedGrp><NonCashCheckboxInd>X</NonCashCheckboxInd><ContributionCnt>265824</ContributionCnt><NoncashContributionsRptF990Amt>16013985427</NoncashContributionsRptF990Amt><MethodOfDeterminingRevenuesTxt>FMV ON DATE OF CONTR</MethodOfDeterminingRevenuesTxt></SecuritiesPubliclyTradedG,2026-09-16T10:21:56Z,SecuritiesPubliclyTradedGrp ContributionCnt=265824 NoncashContributionsRptF990Amt=16013985427 method=FMV ON DATE OF CONTR,1,FY2026 Form 990 original due 2026-11-16,"Schedule M reports count and FMV by asset type for contributions TO the sponsor; it does not name the donor, DAF account, or issuer of closely held stock. Amounts are not summed across lines, years, or money_types.","read-first research/STATE.md; MD11 METR/ARC Schedule I lines locators only. Primary research/primary/MD38-daf-sponsor-schedules/xml-fidelity-202506-202601389349301700-excerpt.xml-20260916T094302Z. Filer EIN 11-0303001. Exact filed field names: Schedule M Part I line 9 SecuritiesPubliclyTradedGrp. Publicly traded, closely held stock, and partnership/LLC interests kept on separate rows. MethodOfDeterminingRevenuesTxt=FMV ON DATE OF CONTR. CloselyHeldEquityInterestsGrp year-end book value is Schedule D, not this contribution line."
41,A,MDI,C07.E2;C07.E3;C02.E3,Fidelity Investments Charitable Gift Fund FY2025 (2024-07-01 to 2025-06-30) Schedule M Securities—Closely held stock,DAF sponsor,Fidelity Charitable,202601389349301700,,,Fidelity Investments Charitable Gift Fund,,2024-07-01,2025-06-30,,equity_value,464187816,USD,2025-06-30,interval,FY2025 (2024-07-01 to 2025-06-30),,,,,Securities—Closely held stock,306,,,,,,,yes,DAF sponsor filings,"GET https://gt990datalake-rawdata.s3.amazonaws.com/EfileData/XmlFiles/202601389349301700_public.xml; IRS990ScheduleM/SecuritiesCloselyHeldStockGrp; fields ContributionCnt, NoncashContributionsRptF990Amt, MethodOfDeterminingRevenuesTxt",https://gt990datalake-rawdata.s3.amazonaws.com/EfileData/XmlFiles/202601389349301700_public.xml,<SecuritiesCloselyHeldStockGrp><NonCashCheckboxInd>X</NonCashCheckboxInd><ContributionCnt>306</ContributionCnt><NoncashContributionsRptF990Amt>464187816</NoncashContributionsRptF990Amt><MethodOfDeterminingRevenuesTxt>FMV ON DATE OF CONTR</MethodOfDeterminingRevenuesTxt></SecuritiesCloselyHeldStockGr,2026-09-16T10:21:56Z,SecuritiesCloselyHeldStockGrp ContributionCnt=306 NoncashContributionsRptF990Amt=464187816 method=FMV ON DATE OF CONTR,1,FY2026 Form 990 original due 2026-11-16,"Schedule M reports count and FMV by asset type for contributions TO the sponsor; it does not name the donor, DAF account, or issuer of closely held stock. Amounts are not summed across lines, years, or money_types.","read-first research/STATE.md; MD11 METR/ARC Schedule I lines locators only. Primary research/primary/MD38-daf-sponsor-schedules/xml-fidelity-202506-202601389349301700-excerpt.xml-20260916T094302Z. Filer EIN 11-0303001. Exact filed field names: Schedule M Part I line 10 SecuritiesCloselyHeldStockGrp. Publicly traded, closely held stock, and partnership/LLC interests kept on separate rows. MethodOfDeterminingRevenuesTxt=FMV ON DATE OF CONTR. CloselyHeldEquityInterestsGrp year-end book value is Schedule D, not this contribution line."
42,A,MDI,C07.E2;C07.E3;C02.E3,"Fidelity Investments Charitable Gift Fund FY2025 (2024-07-01 to 2025-06-30) Schedule M Securities—Partnership, LLC, or trust interests",DAF sponsor,Fidelity Charitable,202601389349301700,,,Fidelity Investments Charitable Gift Fund,,2024-07-01,2025-06-30,,equity_value,1095606068,USD,2025-06-30,interval,FY2025 (2024-07-01 to 2025-06-30),,,,,"Securities—Partnership, LLC, or trust interests",137,,,,,,,yes,DAF sponsor filings,"GET https://gt990datalake-rawdata.s3.amazonaws.com/EfileData/XmlFiles/202601389349301700_public.xml; IRS990ScheduleM/SecurPrtnrshpTrustIntrstsGrp; fields ContributionCnt, NoncashContributionsRptF990Amt, MethodOfDeterminingRevenuesTxt",https://gt990datalake-rawdata.s3.amazonaws.com/EfileData/XmlFiles/202601389349301700_public.xml,<SecurPrtnrshpTrustIntrstsGrp><NonCashCheckboxInd>X</NonCashCheckboxInd><ContributionCnt>137</ContributionCnt><NoncashContributionsRptF990Amt>1095606068</NoncashContributionsRptF990Amt><MethodOfDeterminingRevenuesTxt>FMV ON DATE OF CONTR</MethodOfDeterminingRevenuesTxt></SecurPrtnrshpTrustIntrstsGrp,2026-09-16T10:21:56Z,SecurPrtnrshpTrustIntrstsGrp ContributionCnt=137 NoncashContributionsRptF990Amt=1095606068 method=FMV ON DATE OF CONTR,1,FY2026 Form 990 original due 2026-11-16,"Schedule M reports count and FMV by asset type for contributions TO the sponsor; it does not name the donor, DAF account, or issuer of closely held stock. Amounts are not summed across lines, years, or money_types.","read-first research/STATE.md; MD11 METR/ARC Schedule I lines locators only. Primary research/primary/MD38-daf-sponsor-schedules/xml-fidelity-202506-202601389349301700-excerpt.xml-20260916T094302Z. Filer EIN 11-0303001. Exact filed field names: Schedule M Part I line 11 SecurPrtnrshpTrustIntrstsGrp. Publicly traded, closely held stock, and partnership/LLC interests kept on separate rows. MethodOfDeterminingRevenuesTxt=FMV ON DATE OF CONTR. CloselyHeldEquityInterestsGrp year-end book value is Schedule D, not this contribution line."
43,A,MDI,C07.E2;C07.E3;C02.E3,Donor Advised Charitable Giving Inc FY2021 (2020-07-01 to 2021-06-30) Schedule M Securities—Publicly traded,DAF sponsor,Schwab Charitable; DAFgiving360,202230499349301028,,,Donor Advised Charitable Giving Inc,,2020-07-01,2021-06-30,,equity_value,4100854306,USD,2021-06-30,interval,FY2021 (2020-07-01 to 2021-06-30),,,,,Securities—Publicly traded,86465,,,,,,,yes,DAF sponsor filings,"GET https://gt990datalake-rawdata.s3.amazonaws.com/EfileData/XmlFiles/202230499349301028_public.xml; IRS990ScheduleM/SecuritiesPubliclyTradedGrp; fields ContributionCnt, NoncashContributionsRptF990Amt, MethodOfDeterminingRevenuesTxt",https://gt990datalake-rawdata.s3.amazonaws.com/EfileData/XmlFiles/202230499349301028_public.xml,<SecuritiesPubliclyTradedGrp><NonCashCheckboxInd>X</NonCashCheckboxInd><ContributionCnt>86465</ContributionCnt><NoncashContributionsRptF990Amt>4100854306</NoncashContributionsRptF990Amt><MethodOfDeterminingRevenuesTxt>FMV-DATE OF CONTRIBUTION</MethodOfDeterminingRevenuesTxt></SecuritiesPubliclyTrade,2026-09-16T10:21:56Z,SecuritiesPubliclyTradedGrp ContributionCnt=86465 NoncashContributionsRptF990Amt=4100854306 method=FMV-DATE OF CONTRIBUTION,1,FY2026 Form 990 original due 2026-11-16,"Schedule M reports count and FMV by asset type for contributions TO the sponsor; it does not name the donor, DAF account, or issuer of closely held stock. Amounts are not summed across lines, years, or money_types.","read-first research/STATE.md; MD11 METR/ARC Schedule I lines locators only. Primary research/primary/MD38-daf-sponsor-schedules/xml-schwab-202106-202230499349301028-excerpt.xml-20260916T094302Z. Filer EIN 31-1640316. Exact filed field names: Schedule M Part I line 9 SecuritiesPubliclyTradedGrp. Publicly traded, closely held stock, and partnership/LLC interests kept on separate rows. MethodOfDeterminingRevenuesTxt=FMV-DATE OF CONTRIBUTION. CloselyHeldEquityInterestsGrp year-end book value is Schedule D, not this contribution line."
44,A,MDI,C07.E2;C07.E3;C02.E3,Donor Advised Charitable Giving Inc FY2021 (2020-07-01 to 2021-06-30) Schedule M Securities—Closely held stock,DAF sponsor,Schwab Charitable; DAFgiving360,202230499349301028,,,Donor Advised Charitable Giving Inc,,2020-07-01,2021-06-30,,equity_value,65172670,USD,2021-06-30,interval,FY2021 (2020-07-01 to 2021-06-30),,,,,Securities—Closely held stock,41,,,,,,,yes,DAF sponsor filings,"GET https://gt990datalake-rawdata.s3.amazonaws.com/EfileData/XmlFiles/202230499349301028_public.xml; IRS990ScheduleM/SecuritiesCloselyHeldStockGrp; fields ContributionCnt, NoncashContributionsRptF990Amt, MethodOfDeterminingRevenuesTxt",https://gt990datalake-rawdata.s3.amazonaws.com/EfileData/XmlFiles/202230499349301028_public.xml,<SecuritiesCloselyHeldStockGrp><NonCashCheckboxInd>X</NonCashCheckboxInd><ContributionCnt>41</ContributionCnt><NoncashContributionsRptF990Amt>65172670</NoncashContributionsRptF990Amt><MethodOfDeterminingRevenuesTxt>FMV-DATE OF CONTRIBUTION</MethodOfDeterminingRevenuesTxt></SecuritiesCloselyHeldStock,2026-09-16T10:21:56Z,SecuritiesCloselyHeldStockGrp ContributionCnt=41 NoncashContributionsRptF990Amt=65172670 method=FMV-DATE OF CONTRIBUTION,1,FY2026 Form 990 original due 2026-11-16,"Schedule M reports count and FMV by asset type for contributions TO the sponsor; it does not name the donor, DAF account, or issuer of closely held stock. Amounts are not summed across lines, years, or money_types.","read-first research/STATE.md; MD11 METR/ARC Schedule I lines locators only. Primary research/primary/MD38-daf-sponsor-schedules/xml-schwab-202106-202230499349301028-excerpt.xml-20260916T094302Z. Filer EIN 31-1640316. Exact filed field names: Schedule M Part I line 10 SecuritiesCloselyHeldStockGrp. Publicly traded, closely held stock, and partnership/LLC interests kept on separate rows. MethodOfDeterminingRevenuesTxt=FMV-DATE OF CONTRIBUTION. CloselyHeldEquityInterestsGrp year-end book value is Schedule D, not this contribution line."
45,A,MDI,C07.E2;C07.E3;C02.E3,"Donor Advised Charitable Giving Inc FY2021 (2020-07-01 to 2021-06-30) Schedule M Securities—Partnership, LLC, or trust interests",DAF sponsor,Schwab Charitable; DAFgiving360,202230499349301028,,,Donor Advised Charitable Giving Inc,,2020-07-01,2021-06-30,,equity_value,33913596,USD,2021-06-30,interval,FY2021 (2020-07-01 to 2021-06-30),,,,,"Securities—Partnership, LLC, or trust interests",30,,,,,,,yes,DAF sponsor filings,"GET https://gt990datalake-rawdata.s3.amazonaws.com/EfileData/XmlFiles/202230499349301028_public.xml; IRS990ScheduleM/SecurPrtnrshpTrustIntrstsGrp; fields ContributionCnt, NoncashContributionsRptF990Amt, MethodOfDeterminingRevenuesTxt",https://gt990datalake-rawdata.s3.amazonaws.com/EfileData/XmlFiles/202230499349301028_public.xml,<SecurPrtnrshpTrustIntrstsGrp><NonCashCheckboxInd>X</NonCashCheckboxInd><ContributionCnt>30</ContributionCnt><NoncashContributionsRptF990Amt>33913596</NoncashContributionsRptF990Amt><MethodOfDeterminingRevenuesTxt>FMV-DATE OF CONTRIBUTION</MethodOfDeterminingRevenuesTxt></SecurPrtnrshpTrustIntrstsGr,2026-09-16T10:21:56Z,SecurPrtnrshpTrustIntrstsGrp ContributionCnt=30 NoncashContributionsRptF990Amt=33913596 method=FMV-DATE OF CONTRIBUTION,1,FY2026 Form 990 original due 2026-11-16,"Schedule M reports count and FMV by asset type for contributions TO the sponsor; it does not name the donor, DAF account, or issuer of closely held stock. Amounts are not summed across lines, years, or money_types.","read-first research/STATE.md; MD11 METR/ARC Schedule I lines locators only. Primary research/primary/MD38-daf-sponsor-schedules/xml-schwab-202106-202230499349301028-excerpt.xml-20260916T094302Z. Filer EIN 31-1640316. Exact filed field names: Schedule M Part I line 11 SecurPrtnrshpTrustIntrstsGrp. Publicly traded, closely held stock, and partnership/LLC interests kept on separate rows. MethodOfDeterminingRevenuesTxt=FMV-DATE OF CONTRIBUTION. CloselyHeldEquityInterestsGrp year-end book value is Schedule D, not this contribution line."
46,A,MDI,C07.E2;C07.E3;C02.E3,Donor Advised Charitable Giving Inc FY2022 (2021-07-01 to 2022-06-30) Schedule M Securities—Publicly traded,DAF sponsor,Schwab Charitable; DAFgiving360,202330939349300403,,,Donor Advised Charitable Giving Inc,,2021-07-01,2022-06-30,,equity_value,5416759930,USD,2022-06-30,interval,FY2022 (2021-07-01 to 2022-06-30),,,,,Securities—Publicly traded,108803,,,,,,,yes,DAF sponsor filings,"GET https://gt990datalake-rawdata.s3.amazonaws.com/EfileData/XmlFiles/202330939349300403_public.xml; IRS990ScheduleM/SecuritiesPubliclyTradedGrp; fields ContributionCnt, NoncashContributionsRptF990Amt, MethodOfDeterminingRevenuesTxt",https://gt990datalake-rawdata.s3.amazonaws.com/EfileData/XmlFiles/202330939349300403_public.xml,<SecuritiesPubliclyTradedGrp><NonCashCheckboxInd>X</NonCashCheckboxInd><ContributionCnt>108803</ContributionCnt><NoncashContributionsRptF990Amt>5416759930</NoncashContributionsRptF990Amt><MethodOfDeterminingRevenuesTxt>FMV-DATE OF CONTRIBUTION</MethodOfDeterminingRevenuesTxt></SecuritiesPubliclyTrad,2026-09-16T10:21:56Z,SecuritiesPubliclyTradedGrp ContributionCnt=108803 NoncashContributionsRptF990Amt=5416759930 method=FMV-DATE OF CONTRIBUTION,1,FY2026 Form 990 original due 2026-11-16,"Schedule M reports count and FMV by asset type for contributions TO the sponsor; it does not name the donor, DAF account, or issuer of closely held stock. Amounts are not summed across lines, years, or money_types.","read-first research/STATE.md; MD11 METR/ARC Schedule I lines locators only. Primary research/primary/MD38-daf-sponsor-schedules/xml-schwab-202206-202330939349300403-excerpt.xml-20260916T094302Z. Filer EIN 31-1640316. Exact filed field names: Schedule M Part I line 9 SecuritiesPubliclyTradedGrp. Publicly traded, closely held stock, and partnership/LLC interests kept on separate rows. MethodOfDeterminingRevenuesTxt=FMV-DATE OF CONTRIBUTION. CloselyHeldEquityInterestsGrp year-end book value is Schedule D, not this contribution line."
47,A,MDI,C07.E2;C07.E3;C02.E3,Donor Advised Charitable Giving Inc FY2022 (2021-07-01 to 2022-06-30) Schedule M Securities—Closely held stock,DAF sponsor,Schwab Charitable; DAFgiving360,202330939349300403,,,Donor Advised Charitable Giving Inc,,2021-07-01,2022-06-30,,equity_value,150367638,USD,2022-06-30,interval,FY2022 (2021-07-01 to 2022-06-30),,,,,Securities—Closely held stock,20,,,,,,,yes,DAF sponsor filings,"GET https://gt990datalake-rawdata.s3.amazonaws.com/EfileData/XmlFiles/202330939349300403_public.xml; IRS990ScheduleM/SecuritiesCloselyHeldStockGrp; fields ContributionCnt, NoncashContributionsRptF990Amt, MethodOfDeterminingRevenuesTxt",https://gt990datalake-rawdata.s3.amazonaws.com/EfileData/XmlFiles/202330939349300403_public.xml,<SecuritiesCloselyHeldStockGrp><NonCashCheckboxInd>X</NonCashCheckboxInd><ContributionCnt>20</ContributionCnt><NoncashContributionsRptF990Amt>150367638</NoncashContributionsRptF990Amt><MethodOfDeterminingRevenuesTxt>FMV-DATE OF CONTRIBUTION</MethodOfDeterminingRevenuesTxt></SecuritiesCloselyHeldStoc,2026-09-16T10:21:56Z,SecuritiesCloselyHeldStockGrp ContributionCnt=20 NoncashContributionsRptF990Amt=150367638 method=FMV-DATE OF CONTRIBUTION,1,FY2026 Form 990 original due 2026-11-16,"Schedule M reports count and FMV by asset type for contributions TO the sponsor; it does not name the donor, DAF account, or issuer of closely held stock. Amounts are not summed across lines, years, or money_types.","read-first research/STATE.md; MD11 METR/ARC Schedule I lines locators only. Primary research/primary/MD38-daf-sponsor-schedules/xml-schwab-202206-202330939349300403-excerpt.xml-20260916T094302Z. Filer EIN 31-1640316. Exact filed field names: Schedule M Part I line 10 SecuritiesCloselyHeldStockGrp. Publicly traded, closely held stock, and partnership/LLC interests kept on separate rows. MethodOfDeterminingRevenuesTxt=FMV-DATE OF CONTRIBUTION. CloselyHeldEquityInterestsGrp year-end book value is Schedule D, not this contribution line."
48,A,MDI,C07.E2;C07.E3;C02.E3,"Donor Advised Charitable Giving Inc FY2022 (2021-07-01 to 2022-06-30) Schedule M Securities—Partnership, LLC, or trust interests",DAF sponsor,Schwab Charitable; DAFgiving360,202330939349300403,,,Donor Advised Charitable Giving Inc,,2021-07-01,2022-06-30,,equity_value,208043396,USD,2022-06-30,interval,FY2022 (2021-07-01 to 2022-06-30),,,,,"Securities—Partnership, LLC, or trust interests",27,,,,,,,yes,DAF sponsor filings,"GET https://gt990datalake-rawdata.s3.amazonaws.com/EfileData/XmlFiles/202330939349300403_public.xml; IRS990ScheduleM/SecurPrtnrshpTrustIntrstsGrp; fields ContributionCnt, NoncashContributionsRptF990Amt, MethodOfDeterminingRevenuesTxt",https://gt990datalake-rawdata.s3.amazonaws.com/EfileData/XmlFiles/202330939349300403_public.xml,<SecurPrtnrshpTrustIntrstsGrp><NonCashCheckboxInd>X</NonCashCheckboxInd><ContributionCnt>27</ContributionCnt><NoncashContributionsRptF990Amt>208043396</NoncashContributionsRptF990Amt><MethodOfDeterminingRevenuesTxt>FMV-DATE OF CONTRIBUTION</MethodOfDeterminingRevenuesTxt></SecurPrtnrshpTrustIntrstsG,2026-09-16T10:21:56Z,SecurPrtnrshpTrustIntrstsGrp ContributionCnt=27 NoncashContributionsRptF990Amt=208043396 method=FMV-DATE OF CONTRIBUTION,1,FY2026 Form 990 original due 2026-11-16,"Schedule M reports count and FMV by asset type for contributions TO the sponsor; it does not name the donor, DAF account, or issuer of closely held stock. Amounts are not summed across lines, years, or money_types.","read-first research/STATE.md; MD11 METR/ARC Schedule I lines locators only. Primary research/primary/MD38-daf-sponsor-schedules/xml-schwab-202206-202330939349300403-excerpt.xml-20260916T094302Z. Filer EIN 31-1640316. Exact filed field names: Schedule M Part I line 11 SecurPrtnrshpTrustIntrstsGrp. Publicly traded, closely held stock, and partnership/LLC interests kept on separate rows. MethodOfDeterminingRevenuesTxt=FMV-DATE OF CONTRIBUTION. CloselyHeldEquityInterestsGrp year-end book value is Schedule D, not this contribution line."
49,A,MDI,C07.E2;C07.E3;C02.E3,Donor Advised Charitable Giving Inc FY2023 (2022-07-01 to 2023-06-30) Schedule M Securities—Publicly traded,DAF sponsor,Schwab Charitable; DAFgiving360,202411039349301716,,,Donor Advised Charitable Giving Inc,,2022-07-01,2023-06-30,,equity_value,3282827242,USD,2023-06-30,interval,FY2023 (2022-07-01 to 2023-06-30),,,,,Securities—Publicly traded,87397,,,,,,,yes,DAF sponsor filings,"GET https://gt990datalake-rawdata.s3.amazonaws.com/EfileData/XmlFiles/202411039349301716_public.xml; IRS990ScheduleM/SecuritiesPubliclyTradedGrp; fields ContributionCnt, NoncashContributionsRptF990Amt, MethodOfDeterminingRevenuesTxt",https://gt990datalake-rawdata.s3.amazonaws.com/EfileData/XmlFiles/202411039349301716_public.xml,<SecuritiesPubliclyTradedGrp><NonCashCheckboxInd>X</NonCashCheckboxInd><ContributionCnt>87397</ContributionCnt><NoncashContributionsRptF990Amt>3282827242</NoncashContributionsRptF990Amt><MethodOfDeterminingRevenuesTxt>FMV-DATE OF CONTRIBUTION</MethodOfDeterminingRevenuesTxt></SecuritiesPubliclyTrade,2026-09-16T10:21:56Z,SecuritiesPubliclyTradedGrp ContributionCnt=87397 NoncashContributionsRptF990Amt=3282827242 method=FMV-DATE OF CONTRIBUTION,1,FY2026 Form 990 original due 2026-11-16,"Schedule M reports count and FMV by asset type for contributions TO the sponsor; it does not name the donor, DAF account, or issuer of closely held stock. Amounts are not summed across lines, years, or money_types.","read-first research/STATE.md; MD11 METR/ARC Schedule I lines locators only. Primary research/primary/MD38-daf-sponsor-schedules/xml-schwab-202306-202411039349301716-excerpt.xml-20260916T094302Z. Filer EIN 31-1640316. Exact filed field names: Schedule M Part I line 9 SecuritiesPubliclyTradedGrp. Publicly traded, closely held stock, and partnership/LLC interests kept on separate rows. MethodOfDeterminingRevenuesTxt=FMV-DATE OF CONTRIBUTION. CloselyHeldEquityInterestsGrp year-end book value is Schedule D, not this contribution line."
50,A,MDI,C07.E2;C07.E3;C02.E3,Donor Advised Charitable Giving Inc FY2023 (2022-07-01 to 2023-06-30) Schedule M Securities—Closely held stock,DAF sponsor,Schwab Charitable; DAFgiving360,202411039349301716,,,Donor Advised Charitable Giving Inc,,2022-07-01,2023-06-30,,equity_value,33701098,USD,2023-06-30,interval,FY2023 (2022-07-01 to 2023-06-30),,,,,Securities—Closely held stock,20,,,,,,,yes,DAF sponsor filings,"GET https://gt990datalake-rawdata.s3.amazonaws.com/EfileData/XmlFiles/202411039349301716_public.xml; IRS990ScheduleM/SecuritiesCloselyHeldStockGrp; fields ContributionCnt, NoncashContributionsRptF990Amt, MethodOfDeterminingRevenuesTxt",https://gt990datalake-rawdata.s3.amazonaws.com/EfileData/XmlFiles/202411039349301716_public.xml,<SecuritiesCloselyHeldStockGrp><NonCashCheckboxInd>X</NonCashCheckboxInd><ContributionCnt>20</ContributionCnt><NoncashContributionsRptF990Amt>33701098</NoncashContributionsRptF990Amt><MethodOfDeterminingRevenuesTxt>FMV-DATE OF CONTRIBUTION</MethodOfDeterminingRevenuesTxt></SecuritiesCloselyHeldStock,2026-09-16T10:21:56Z,SecuritiesCloselyHeldStockGrp ContributionCnt=20 NoncashContributionsRptF990Amt=33701098 method=FMV-DATE OF CONTRIBUTION,1,FY2026 Form 990 original due 2026-11-16,"Schedule M reports count and FMV by asset type for contributions TO the sponsor; it does not name the donor, DAF account, or issuer of closely held stock. Amounts are not summed across lines, years, or money_types.","read-first research/STATE.md; MD11 METR/ARC Schedule I lines locators only. Primary research/primary/MD38-daf-sponsor-schedules/xml-schwab-202306-202411039349301716-excerpt.xml-20260916T094302Z. Filer EIN 31-1640316. Exact filed field names: Schedule M Part I line 10 SecuritiesCloselyHeldStockGrp. Publicly traded, closely held stock, and partnership/LLC interests kept on separate rows. MethodOfDeterminingRevenuesTxt=FMV-DATE OF CONTRIBUTION. CloselyHeldEquityInterestsGrp year-end book value is Schedule D, not this contribution line."
51,A,MDI,C07.E2;C07.E3;C02.E3,"Donor Advised Charitable Giving Inc FY2023 (2022-07-01 to 2023-06-30) Schedule M Securities—Partnership, LLC, or trust interests",DAF sponsor,Schwab Charitable; DAFgiving360,202411039349301716,,,Donor Advised Charitable Giving Inc,,2022-07-01,2023-06-30,,equity_value,705803450,USD,2023-06-30,interval,FY2023 (2022-07-01 to 2023-06-30),,,,,"Securities—Partnership, LLC, or trust interests",15,,,,,,,yes,DAF sponsor filings,"GET https://gt990datalake-rawdata.s3.amazonaws.com/EfileData/XmlFiles/202411039349301716_public.xml; IRS990ScheduleM/SecurPrtnrshpTrustIntrstsGrp; fields ContributionCnt, NoncashContributionsRptF990Amt, MethodOfDeterminingRevenuesTxt",https://gt990datalake-rawdata.s3.amazonaws.com/EfileData/XmlFiles/202411039349301716_public.xml,<SecurPrtnrshpTrustIntrstsGrp><NonCashCheckboxInd>X</NonCashCheckboxInd><ContributionCnt>15</ContributionCnt><NoncashContributionsRptF990Amt>705803450</NoncashContributionsRptF990Amt><MethodOfDeterminingRevenuesTxt>FMV-DATE OF CONTRIBUTION</MethodOfDeterminingRevenuesTxt></SecurPrtnrshpTrustIntrstsG,2026-09-16T10:21:56Z,SecurPrtnrshpTrustIntrstsGrp ContributionCnt=15 NoncashContributionsRptF990Amt=705803450 method=FMV-DATE OF CONTRIBUTION,1,FY2026 Form 990 original due 2026-11-16,"Schedule M reports count and FMV by asset type for contributions TO the sponsor; it does not name the donor, DAF account, or issuer of closely held stock. Amounts are not summed across lines, years, or money_types.","read-first research/STATE.md; MD11 METR/ARC Schedule I lines locators only. Primary research/primary/MD38-daf-sponsor-schedules/xml-schwab-202306-202411039349301716-excerpt.xml-20260916T094302Z. Filer EIN 31-1640316. Exact filed field names: Schedule M Part I line 11 SecurPrtnrshpTrustIntrstsGrp. Publicly traded, closely held stock, and partnership/LLC interests kept on separate rows. MethodOfDeterminingRevenuesTxt=FMV-DATE OF CONTRIBUTION. CloselyHeldEquityInterestsGrp year-end book value is Schedule D, not this contribution line."
52,A,MDI,C07.E2;C07.E3;C02.E3,Donor Advised Charitable Giving Inc FY2024 (2023-07-01 to 2024-06-30) Schedule M Securities—Publicly traded,DAF sponsor,Schwab Charitable; DAFgiving360,202541069349300729,,,Donor Advised Charitable Giving Inc,,2023-07-01,2024-06-30,,equity_value,5796635104,USD,2024-06-30,interval,FY2024 (2023-07-01 to 2024-06-30),,,,,Securities—Publicly traded,124597,,,,,,,yes,DAF sponsor filings,"GET https://gt990datalake-rawdata.s3.amazonaws.com/EfileData/XmlFiles/202541069349300729_public.xml; IRS990ScheduleM/SecuritiesPubliclyTradedGrp; fields ContributionCnt, NoncashContributionsRptF990Amt, MethodOfDeterminingRevenuesTxt",https://gt990datalake-rawdata.s3.amazonaws.com/EfileData/XmlFiles/202541069349300729_public.xml,<SecuritiesPubliclyTradedGrp><NonCashCheckboxInd>X</NonCashCheckboxInd><ContributionCnt>124597</ContributionCnt><NoncashContributionsRptF990Amt>5796635104</NoncashContributionsRptF990Amt><MethodOfDeterminingRevenuesTxt>FMV-DATE OF CONTRIBUTION</MethodOfDeterminingRevenuesTxt></SecuritiesPubliclyTrad,2026-09-16T10:21:56Z,SecuritiesPubliclyTradedGrp ContributionCnt=124597 NoncashContributionsRptF990Amt=5796635104 method=FMV-DATE OF CONTRIBUTION,1,FY2026 Form 990 original due 2026-11-16,"Schedule M reports count and FMV by asset type for contributions TO the sponsor; it does not name the donor, DAF account, or issuer of closely held stock. Amounts are not summed across lines, years, or money_types.","read-first research/STATE.md; MD11 METR/ARC Schedule I lines locators only. Primary research/primary/MD38-daf-sponsor-schedules/xml-schwab-202406-202541069349300729-excerpt.xml-20260916T094302Z. Filer EIN 31-1640316. Exact filed field names: Schedule M Part I line 9 SecuritiesPubliclyTradedGrp. Publicly traded, closely held stock, and partnership/LLC interests kept on separate rows. MethodOfDeterminingRevenuesTxt=FMV-DATE OF CONTRIBUTION. CloselyHeldEquityInterestsGrp year-end book value is Schedule D, not this contribution line."
53,A,MDI,C07.E2;C07.E3;C02.E3,Donor Advised Charitable Giving Inc FY2024 (2023-07-01 to 2024-06-30) Schedule M Securities—Closely held stock,DAF sponsor,Schwab Charitable; DAFgiving360,202541069349300729,,,Donor Advised Charitable Giving Inc,,2023-07-01,2024-06-30,,equity_value,8269327,USD,2024-06-30,interval,FY2024 (2023-07-01 to 2024-06-30),,,,,Securities—Closely held stock,12,,,,,,,yes,DAF sponsor filings,"GET https://gt990datalake-rawdata.s3.amazonaws.com/EfileData/XmlFiles/202541069349300729_public.xml; IRS990ScheduleM/SecuritiesCloselyHeldStockGrp; fields ContributionCnt, NoncashContributionsRptF990Amt, MethodOfDeterminingRevenuesTxt",https://gt990datalake-rawdata.s3.amazonaws.com/EfileData/XmlFiles/202541069349300729_public.xml,<SecuritiesCloselyHeldStockGrp><NonCashCheckboxInd>X</NonCashCheckboxInd><ContributionCnt>12</ContributionCnt><NoncashContributionsRptF990Amt>8269327</NoncashContributionsRptF990Amt><MethodOfDeterminingRevenuesTxt>FMV-DATE OF CONTRIBUTION</MethodOfDeterminingRevenuesTxt></SecuritiesCloselyHeldStockG,2026-09-16T10:21:56Z,SecuritiesCloselyHeldStockGrp ContributionCnt=12 NoncashContributionsRptF990Amt=8269327 method=FMV-DATE OF CONTRIBUTION,1,FY2026 Form 990 original due 2026-11-16,"Schedule M reports count and FMV by asset type for contributions TO the sponsor; it does not name the donor, DAF account, or issuer of closely held stock. Amounts are not summed across lines, years, or money_types.","read-first research/STATE.md; MD11 METR/ARC Schedule I lines locators only. Primary research/primary/MD38-daf-sponsor-schedules/xml-schwab-202406-202541069349300729-excerpt.xml-20260916T094302Z. Filer EIN 31-1640316. Exact filed field names: Schedule M Part I line 10 SecuritiesCloselyHeldStockGrp. Publicly traded, closely held stock, and partnership/LLC interests kept on separate rows. MethodOfDeterminingRevenuesTxt=FMV-DATE OF CONTRIBUTION. CloselyHeldEquityInterestsGrp year-end book value is Schedule D, not this contribution line."
54,A,MDI,C07.E2;C07.E3;C02.E3,"Donor Advised Charitable Giving Inc FY2024 (2023-07-01 to 2024-06-30) Schedule M Securities—Partnership, LLC, or trust interests",DAF sponsor,Schwab Charitable; DAFgiving360,202541069349300729,,,Donor Advised Charitable Giving Inc,,2023-07-01,2024-06-30,,equity_value,39615779,USD,2024-06-30,interval,FY2024 (2023-07-01 to 2024-06-30),,,,,"Securities—Partnership, LLC, or trust interests",14,,,,,,,yes,DAF sponsor filings,"GET https://gt990datalake-rawdata.s3.amazonaws.com/EfileData/XmlFiles/202541069349300729_public.xml; IRS990ScheduleM/SecurPrtnrshpTrustIntrstsGrp; fields ContributionCnt, NoncashContributionsRptF990Amt, MethodOfDeterminingRevenuesTxt",https://gt990datalake-rawdata.s3.amazonaws.com/EfileData/XmlFiles/202541069349300729_public.xml,<SecurPrtnrshpTrustIntrstsGrp><NonCashCheckboxInd>X</NonCashCheckboxInd><ContributionCnt>14</ContributionCnt><NoncashContributionsRptF990Amt>39615779</NoncashContributionsRptF990Amt><MethodOfDeterminingRevenuesTxt>FMV-DATE OF CONTRIBUTION</MethodOfDeterminingRevenuesTxt></SecurPrtnrshpTrustIntrstsGr,2026-09-16T10:21:56Z,SecurPrtnrshpTrustIntrstsGrp ContributionCnt=14 NoncashContributionsRptF990Amt=39615779 method=FMV-DATE OF CONTRIBUTION,1,FY2026 Form 990 original due 2026-11-16,"Schedule M reports count and FMV by asset type for contributions TO the sponsor; it does not name the donor, DAF account, or issuer of closely held stock. Amounts are not summed across lines, years, or money_types.","read-first research/STATE.md; MD11 METR/ARC Schedule I lines locators only. Primary research/primary/MD38-daf-sponsor-schedules/xml-schwab-202406-202541069349300729-excerpt.xml-20260916T094302Z. Filer EIN 31-1640316. Exact filed field names: Schedule M Part I line 11 SecurPrtnrshpTrustIntrstsGrp. Publicly traded, closely held stock, and partnership/LLC interests kept on separate rows. MethodOfDeterminingRevenuesTxt=FMV-DATE OF CONTRIBUTION. CloselyHeldEquityInterestsGrp year-end book value is Schedule D, not this contribution line."
55,A,MDI,C07.E2;C07.E3;C02.E3,Donor Advised Charitable Giving Inc FY2025 (2024-07-01 to 2025-06-30) Schedule M Securities—Publicly traded,DAF sponsor,Schwab Charitable; DAFgiving360,202611199349300601,,,Donor Advised Charitable Giving Inc,,2024-07-01,2025-06-30,,equity_value,6857167764,USD,2025-06-30,interval,FY2025 (2024-07-01 to 2025-06-30),,,,,Securities—Publicly traded,154680,,,,,,,yes,DAF sponsor filings,"GET https://gt990datalake-rawdata.s3.amazonaws.com/EfileData/XmlFiles/202611199349300601_public.xml; IRS990ScheduleM/SecuritiesPubliclyTradedGrp; fields ContributionCnt, NoncashContributionsRptF990Amt, MethodOfDeterminingRevenuesTxt",https://gt990datalake-rawdata.s3.amazonaws.com/EfileData/XmlFiles/202611199349300601_public.xml,<SecuritiesPubliclyTradedGrp><NonCashCheckboxInd>X</NonCashCheckboxInd><ContributionCnt>154680</ContributionCnt><NoncashContributionsRptF990Amt>6857167764</NoncashContributionsRptF990Amt><MethodOfDeterminingRevenuesTxt>FMV-DATE OF CONTRIBUTION</MethodOfDeterminingRevenuesTxt></SecuritiesPubliclyTrad,2026-09-16T10:21:56Z,SecuritiesPubliclyTradedGrp ContributionCnt=154680 NoncashContributionsRptF990Amt=6857167764 method=FMV-DATE OF CONTRIBUTION,1,FY2026 Form 990 original due 2026-11-16,"Schedule M reports count and FMV by asset type for contributions TO the sponsor; it does not name the donor, DAF account, or issuer of closely held stock. Amounts are not summed across lines, years, or money_types.","read-first research/STATE.md; MD11 METR/ARC Schedule I lines locators only. Primary research/primary/MD38-daf-sponsor-schedules/xml-schwab-202506-202611199349300601-excerpt.xml-20260916T094302Z. Filer EIN 31-1640316. Exact filed field names: Schedule M Part I line 9 SecuritiesPubliclyTradedGrp. Publicly traded, closely held stock, and partnership/LLC interests kept on separate rows. MethodOfDeterminingRevenuesTxt=FMV-DATE OF CONTRIBUTION. CloselyHeldEquityInterestsGrp year-end book value is Schedule D, not this contribution line."
56,A,MDI,C07.E2;C07.E3;C02.E3,Donor Advised Charitable Giving Inc FY2025 (2024-07-01 to 2025-06-30) Schedule M Securities—Closely held stock,DAF sponsor,Schwab Charitable; DAFgiving360,202611199349300601,,,Donor Advised Charitable Giving Inc,,2024-07-01,2025-06-30,,equity_value,14402947,USD,2025-06-30,interval,FY2025 (2024-07-01 to 2025-06-30),,,,,Securities—Closely held stock,29,,,,,,,yes,DAF sponsor filings,"GET https://gt990datalake-rawdata.s3.amazonaws.com/EfileData/XmlFiles/202611199349300601_public.xml; IRS990ScheduleM/SecuritiesCloselyHeldStockGrp; fields ContributionCnt, NoncashContributionsRptF990Amt, MethodOfDeterminingRevenuesTxt",https://gt990datalake-rawdata.s3.amazonaws.com/EfileData/XmlFiles/202611199349300601_public.xml,<SecuritiesCloselyHeldStockGrp><NonCashCheckboxInd>X</NonCashCheckboxInd><ContributionCnt>29</ContributionCnt><NoncashContributionsRptF990Amt>14402947</NoncashContributionsRptF990Amt><MethodOfDeterminingRevenuesTxt>FMV-DATE OF CONTRIBUTION</MethodOfDeterminingRevenuesTxt></SecuritiesCloselyHeldStock,2026-09-16T10:21:56Z,SecuritiesCloselyHeldStockGrp ContributionCnt=29 NoncashContributionsRptF990Amt=14402947 method=FMV-DATE OF CONTRIBUTION,1,FY2026 Form 990 original due 2026-11-16,"Schedule M reports count and FMV by asset type for contributions TO the sponsor; it does not name the donor, DAF account, or issuer of closely held stock. Amounts are not summed across lines, years, or money_types.","read-first research/STATE.md; MD11 METR/ARC Schedule I lines locators only. Primary research/primary/MD38-daf-sponsor-schedules/xml-schwab-202506-202611199349300601-excerpt.xml-20260916T094302Z. Filer EIN 31-1640316. Exact filed field names: Schedule M Part I line 10 SecuritiesCloselyHeldStockGrp. Publicly traded, closely held stock, and partnership/LLC interests kept on separate rows. MethodOfDeterminingRevenuesTxt=FMV-DATE OF CONTRIBUTION. CloselyHeldEquityInterestsGrp year-end book value is Schedule D, not this contribution line."
57,A,MDI,C07.E2;C07.E3;C02.E3,"Donor Advised Charitable Giving Inc FY2025 (2024-07-01 to 2025-06-30) Schedule M Securities—Partnership, LLC, or trust interests",DAF sponsor,Schwab Charitable; DAFgiving360,202611199349300601,,,Donor Advised Charitable Giving Inc,,2024-07-01,2025-06-30,,equity_value,27526567,USD,2025-06-30,interval,FY2025 (2024-07-01 to 2025-06-30),,,,,"Securities—Partnership, LLC, or trust interests",29,,,,,,,yes,DAF sponsor filings,"GET https://gt990datalake-rawdata.s3.amazonaws.com/EfileData/XmlFiles/202611199349300601_public.xml; IRS990ScheduleM/SecurPrtnrshpTrustIntrstsGrp; fields ContributionCnt, NoncashContributionsRptF990Amt, MethodOfDeterminingRevenuesTxt",https://gt990datalake-rawdata.s3.amazonaws.com/EfileData/XmlFiles/202611199349300601_public.xml,<SecurPrtnrshpTrustIntrstsGrp><NonCashCheckboxInd>X</NonCashCheckboxInd><ContributionCnt>29</ContributionCnt><NoncashContributionsRptF990Amt>27526567</NoncashContributionsRptF990Amt><MethodOfDeterminingRevenuesTxt>FMV-DATE OF CONTRIBUTION</MethodOfDeterminingRevenuesTxt></SecurPrtnrshpTrustIntrstsGr,2026-09-16T10:21:56Z,SecurPrtnrshpTrustIntrstsGrp ContributionCnt=29 NoncashContributionsRptF990Amt=27526567 method=FMV-DATE OF CONTRIBUTION,1,FY2026 Form 990 original due 2026-11-16,"Schedule M reports count and FMV by asset type for contributions TO the sponsor; it does not name the donor, DAF account, or issuer of closely held stock. Amounts are not summed across lines, years, or money_types.","read-first research/STATE.md; MD11 METR/ARC Schedule I lines locators only. Primary research/primary/MD38-daf-sponsor-schedules/xml-schwab-202506-202611199349300601-excerpt.xml-20260916T094302Z. Filer EIN 31-1640316. Exact filed field names: Schedule M Part I line 11 SecurPrtnrshpTrustIntrstsGrp. Publicly traded, closely held stock, and partnership/LLC interests kept on separate rows. MethodOfDeterminingRevenuesTxt=FMV-DATE OF CONTRIBUTION. CloselyHeldEquityInterestsGrp year-end book value is Schedule D, not this contribution line."
58,A,MDI,C07.E2;C07.E3;C02.E3,National Philanthropic Trust FY2021 (2020-07-01 to 2021-06-30) Schedule M Securities—Publicly traded,DAF sponsor,NPT,202231339349309863,,,National Philanthropic Trust,,2020-07-01,2021-06-30,,equity_value,6468261698,USD,2021-06-30,interval,FY2021 (2020-07-01 to 2021-06-30),,,,,Securities—Publicly traded,16873,,,,,,,yes,DAF sponsor filings,"GET https://gt990datalake-rawdata.s3.amazonaws.com/EfileData/XmlFiles/202231339349309863_public.xml; IRS990ScheduleM/SecuritiesPubliclyTradedGrp; fields ContributionCnt, NoncashContributionsRptF990Amt, MethodOfDeterminingRevenuesTxt",https://gt990datalake-rawdata.s3.amazonaws.com/EfileData/XmlFiles/202231339349309863_public.xml,<SecuritiesPubliclyTradedGrp><NonCashCheckboxInd>X</NonCashCheckboxInd><ContributionCnt>16873</ContributionCnt><NoncashContributionsRptF990Amt>6468261698</NoncashContributionsRptF990Amt><MethodOfDeterminingRevenuesTxt>FMV</MethodOfDeterminingRevenuesTxt></SecuritiesPubliclyTradedGrp>,2026-09-16T10:21:56Z,SecuritiesPubliclyTradedGrp ContributionCnt=16873 NoncashContributionsRptF990Amt=6468261698 method=FMV,1,FY2026 Form 990 original due 2026-11-16,"Schedule M reports count and FMV by asset type for contributions TO the sponsor; it does not name the donor, DAF account, or issuer of closely held stock. Amounts are not summed across lines, years, or money_types.","read-first research/STATE.md; MD11 METR/ARC Schedule I lines locators only. Primary research/primary/MD38-daf-sponsor-schedules/xml-npt-202106-202231339349309863-excerpt.xml-20260916T094302Z. Filer EIN 23-7825575. Exact filed field names: Schedule M Part I line 9 SecuritiesPubliclyTradedGrp. Publicly traded, closely held stock, and partnership/LLC interests kept on separate rows. MethodOfDeterminingRevenuesTxt=FMV. CloselyHeldEquityInterestsGrp year-end book value is Schedule D, not this contribution line."
59,A,MDI,C07.E2;C07.E3;C02.E3,National Philanthropic Trust FY2021 (2020-07-01 to 2021-06-30) Schedule M Securities—Closely held stock,DAF sponsor,NPT,202231339349309863,,,National Philanthropic Trust,,2020-07-01,2021-06-30,,equity_value,274537585,USD,2021-06-30,interval,FY2021 (2020-07-01 to 2021-06-30),,,,,Securities—Closely held stock,225,,,,,,,yes,DAF sponsor filings,"GET https://gt990datalake-rawdata.s3.amazonaws.com/EfileData/XmlFiles/202231339349309863_public.xml; IRS990ScheduleM/SecuritiesCloselyHeldStockGrp; fields ContributionCnt, NoncashContributionsRptF990Amt, MethodOfDeterminingRevenuesTxt",https://gt990datalake-rawdata.s3.amazonaws.com/EfileData/XmlFiles/202231339349309863_public.xml,<SecuritiesCloselyHeldStockGrp><NonCashCheckboxInd>X</NonCashCheckboxInd><ContributionCnt>225</ContributionCnt><NoncashContributionsRptF990Amt>274537585</NoncashContributionsRptF990Amt><MethodOfDeterminingRevenuesTxt>FMV</MethodOfDeterminingRevenuesTxt></SecuritiesCloselyHeldStockGrp>,2026-09-16T10:21:56Z,SecuritiesCloselyHeldStockGrp ContributionCnt=225 NoncashContributionsRptF990Amt=274537585 method=FMV,1,FY2026 Form 990 original due 2026-11-16,"Schedule M reports count and FMV by asset type for contributions TO the sponsor; it does not name the donor, DAF account, or issuer of closely held stock. Amounts are not summed across lines, years, or money_types.","read-first research/STATE.md; MD11 METR/ARC Schedule I lines locators only. Primary research/primary/MD38-daf-sponsor-schedules/xml-npt-202106-202231339349309863-excerpt.xml-20260916T094302Z. Filer EIN 23-7825575. Exact filed field names: Schedule M Part I line 10 SecuritiesCloselyHeldStockGrp. Publicly traded, closely held stock, and partnership/LLC interests kept on separate rows. MethodOfDeterminingRevenuesTxt=FMV. CloselyHeldEquityInterestsGrp year-end book value is Schedule D, not this contribution line."
60,A,MDI,C07.E2;C07.E3;C02.E3,"National Philanthropic Trust FY2021 (2020-07-01 to 2021-06-30) Schedule M Securities—Partnership, LLC, or trust interests",DAF sponsor,NPT,202231339349309863,,,National Philanthropic Trust,,2020-07-01,2021-06-30,,equity_value,112285003,USD,2021-06-30,interval,FY2021 (2020-07-01 to 2021-06-30),,,,,"Securities—Partnership, LLC, or trust interests",73,,,,,,,yes,DAF sponsor filings,"GET https://gt990datalake-rawdata.s3.amazonaws.com/EfileData/XmlFiles/202231339349309863_public.xml; IRS990ScheduleM/SecurPrtnrshpTrustIntrstsGrp; fields ContributionCnt, NoncashContributionsRptF990Amt, MethodOfDeterminingRevenuesTxt",https://gt990datalake-rawdata.s3.amazonaws.com/EfileData/XmlFiles/202231339349309863_public.xml,<SecurPrtnrshpTrustIntrstsGrp><NonCashCheckboxInd>X</NonCashCheckboxInd><ContributionCnt>73</ContributionCnt><NoncashContributionsRptF990Amt>112285003</NoncashContributionsRptF990Amt><MethodOfDeterminingRevenuesTxt>FMV</MethodOfDeterminingRevenuesTxt></SecurPrtnrshpTrustIntrstsGrp>,2026-09-16T10:21:56Z,SecurPrtnrshpTrustIntrstsGrp ContributionCnt=73 NoncashContributionsRptF990Amt=112285003 method=FMV,1,FY2026 Form 990 original due 2026-11-16,"Schedule M reports count and FMV by asset type for contributions TO the sponsor; it does not name the donor, DAF account, or issuer of closely held stock. Amounts are not summed across lines, years, or money_types.","read-first research/STATE.md; MD11 METR/ARC Schedule I lines locators only. Primary research/primary/MD38-daf-sponsor-schedules/xml-npt-202106-202231339349309863-excerpt.xml-20260916T094302Z. Filer EIN 23-7825575. Exact filed field names: Schedule M Part I line 11 SecurPrtnrshpTrustIntrstsGrp. Publicly traded, closely held stock, and partnership/LLC interests kept on separate rows. MethodOfDeterminingRevenuesTxt=FMV. CloselyHeldEquityInterestsGrp year-end book value is Schedule D, not this contribution line."
61,A,MDI,C07.E2;C07.E3;C02.E3,National Philanthropic Trust FY2022 (2021-07-01 to 2022-06-30) Schedule M Securities—Publicly traded,DAF sponsor,NPT,202311359349313966,,,National Philanthropic Trust,,2021-07-01,2022-06-30,,equity_value,9108623497,USD,2022-06-30,interval,FY2022 (2021-07-01 to 2022-06-30),,,,,Securities—Publicly traded,24016,,,,,,,yes,DAF sponsor filings,"GET https://gt990datalake-rawdata.s3.amazonaws.com/EfileData/XmlFiles/202311359349313966_public.xml; IRS990ScheduleM/SecuritiesPubliclyTradedGrp; fields ContributionCnt, NoncashContributionsRptF990Amt, MethodOfDeterminingRevenuesTxt",https://gt990datalake-rawdata.s3.amazonaws.com/EfileData/XmlFiles/202311359349313966_public.xml,<SecuritiesPubliclyTradedGrp><NonCashCheckboxInd>X</NonCashCheckboxInd><ContributionCnt>24016</ContributionCnt><NoncashContributionsRptF990Amt>9108623497</NoncashContributionsRptF990Amt><MethodOfDeterminingRevenuesTxt>FMV</MethodOfDeterminingRevenuesTxt></SecuritiesPubliclyTradedGrp>,2026-09-16T10:21:56Z,SecuritiesPubliclyTradedGrp ContributionCnt=24016 NoncashContributionsRptF990Amt=9108623497 method=FMV,1,FY2026 Form 990 original due 2026-11-16,"Schedule M reports count and FMV by asset type for contributions TO the sponsor; it does not name the donor, DAF account, or issuer of closely held stock. Amounts are not summed across lines, years, or money_types.","read-first research/STATE.md; MD11 METR/ARC Schedule I lines locators only. Primary research/primary/MD38-daf-sponsor-schedules/xml-npt-202206-202311359349313966-excerpt.xml-20260916T094302Z. Filer EIN 23-7825575. Exact filed field names: Schedule M Part I line 9 SecuritiesPubliclyTradedGrp. Publicly traded, closely held stock, and partnership/LLC interests kept on separate rows. MethodOfDeterminingRevenuesTxt=FMV. CloselyHeldEquityInterestsGrp year-end book value is Schedule D, not this contribution line."
62,A,MDI,C07.E2;C07.E3;C02.E3,National Philanthropic Trust FY2022 (2021-07-01 to 2022-06-30) Schedule M Securities—Closely held stock,DAF sponsor,NPT,202311359349313966,,,National Philanthropic Trust,,2021-07-01,2022-06-30,,equity_value,144602019,USD,2022-06-30,interval,FY2022 (2021-07-01 to 2022-06-30),,,,,Securities—Closely held stock,200,,,,,,,yes,DAF sponsor filings,"GET https://gt990datalake-rawdata.s3.amazonaws.com/EfileData/XmlFiles/202311359349313966_public.xml; IRS990ScheduleM/SecuritiesCloselyHeldStockGrp; fields ContributionCnt, NoncashContributionsRptF990Amt, MethodOfDeterminingRevenuesTxt",https://gt990datalake-rawdata.s3.amazonaws.com/EfileData/XmlFiles/202311359349313966_public.xml,<SecuritiesCloselyHeldStockGrp><NonCashCheckboxInd>X</NonCashCheckboxInd><ContributionCnt>200</ContributionCnt><NoncashContributionsRptF990Amt>144602019</NoncashContributionsRptF990Amt><MethodOfDeterminingRevenuesTxt>FMV</MethodOfDeterminingRevenuesTxt></SecuritiesCloselyHeldStockGrp>,2026-09-16T10:21:56Z,SecuritiesCloselyHeldStockGrp ContributionCnt=200 NoncashContributionsRptF990Amt=144602019 method=FMV,1,FY2026 Form 990 original due 2026-11-16,"Schedule M reports count and FMV by asset type for contributions TO the sponsor; it does not name the donor, DAF account, or issuer of closely held stock. Amounts are not summed across lines, years, or money_types.","read-first research/STATE.md; MD11 METR/ARC Schedule I lines locators only. Primary research/primary/MD38-daf-sponsor-schedules/xml-npt-202206-202311359349313966-excerpt.xml-20260916T094302Z. Filer EIN 23-7825575. Exact filed field names: Schedule M Part I line 10 SecuritiesCloselyHeldStockGrp. Publicly traded, closely held stock, and partnership/LLC interests kept on separate rows. MethodOfDeterminingRevenuesTxt=FMV. CloselyHeldEquityInterestsGrp year-end book value is Schedule D, not this contribution line."
63,A,MDI,C07.E2;C07.E3;C02.E3,"National Philanthropic Trust FY2022 (2021-07-01 to 2022-06-30) Schedule M Securities—Partnership, LLC, or trust interests",DAF sponsor,NPT,202311359349313966,,,National Philanthropic Trust,,2021-07-01,2022-06-30,,equity_value,306922647,USD,2022-06-30,interval,FY2022 (2021-07-01 to 2022-06-30),,,,,"Securities—Partnership, LLC, or trust interests",108,,,,,,,yes,DAF sponsor filings,"GET https://gt990datalake-rawdata.s3.amazonaws.com/EfileData/XmlFiles/202311359349313966_public.xml; IRS990ScheduleM/SecurPrtnrshpTrustIntrstsGrp; fields ContributionCnt, NoncashContributionsRptF990Amt, MethodOfDeterminingRevenuesTxt",https://gt990datalake-rawdata.s3.amazonaws.com/EfileData/XmlFiles/202311359349313966_public.xml,<SecurPrtnrshpTrustIntrstsGrp><NonCashCheckboxInd>X</NonCashCheckboxInd><ContributionCnt>108</ContributionCnt><NoncashContributionsRptF990Amt>306922647</NoncashContributionsRptF990Amt><MethodOfDeterminingRevenuesTxt>FMV</MethodOfDeterminingRevenuesTxt></SecurPrtnrshpTrustIntrstsGrp>,2026-09-16T10:21:56Z,SecurPrtnrshpTrustIntrstsGrp ContributionCnt=108 NoncashContributionsRptF990Amt=306922647 method=FMV,1,FY2026 Form 990 original due 2026-11-16,"Schedule M reports count and FMV by asset type for contributions TO the sponsor; it does not name the donor, DAF account, or issuer of closely held stock. Amounts are not summed across lines, years, or money_types.","read-first research/STATE.md; MD11 METR/ARC Schedule I lines locators only. Primary research/primary/MD38-daf-sponsor-schedules/xml-npt-202206-202311359349313966-excerpt.xml-20260916T094302Z. Filer EIN 23-7825575. Exact filed field names: Schedule M Part I line 11 SecurPrtnrshpTrustIntrstsGrp. Publicly traded, closely held stock, and partnership/LLC interests kept on separate rows. MethodOfDeterminingRevenuesTxt=FMV. CloselyHeldEquityInterestsGrp year-end book value is Schedule D, not this contribution line."
64,A,MDI,C07.E2;C07.E3;C02.E3,National Philanthropic Trust FY2023 (2022-07-01 to 2023-06-30) Schedule M Securities—Publicly traded,DAF sponsor,NPT,202431429349301368,,,National Philanthropic Trust,,2022-07-01,2023-06-30,,equity_value,6290140691,USD,2023-06-30,interval,FY2023 (2022-07-01 to 2023-06-30),,,,,Securities—Publicly traded,17292,,,,,,,yes,DAF sponsor filings,"GET https://gt990datalake-rawdata.s3.amazonaws.com/EfileData/XmlFiles/202431429349301368_public.xml; IRS990ScheduleM/SecuritiesPubliclyTradedGrp; fields ContributionCnt, NoncashContributionsRptF990Amt, MethodOfDeterminingRevenuesTxt",https://gt990datalake-rawdata.s3.amazonaws.com/EfileData/XmlFiles/202431429349301368_public.xml,<SecuritiesPubliclyTradedGrp><NonCashCheckboxInd>X</NonCashCheckboxInd><ContributionCnt>17292</ContributionCnt><NoncashContributionsRptF990Amt>6290140691</NoncashContributionsRptF990Amt><MethodOfDeterminingRevenuesTxt>FMV</MethodOfDeterminingRevenuesTxt></SecuritiesPubliclyTradedGrp>,2026-09-16T10:21:56Z,SecuritiesPubliclyTradedGrp ContributionCnt=17292 NoncashContributionsRptF990Amt=6290140691 method=FMV,1,FY2026 Form 990 original due 2026-11-16,"Schedule M reports count and FMV by asset type for contributions TO the sponsor; it does not name the donor, DAF account, or issuer of closely held stock. Amounts are not summed across lines, years, or money_types.","read-first research/STATE.md; MD11 METR/ARC Schedule I lines locators only. Primary research/primary/MD38-daf-sponsor-schedules/xml-npt-202306-202431429349301368-excerpt.xml-20260916T094302Z. Filer EIN 23-7825575. Exact filed field names: Schedule M Part I line 9 SecuritiesPubliclyTradedGrp. Publicly traded, closely held stock, and partnership/LLC interests kept on separate rows. MethodOfDeterminingRevenuesTxt=FMV. CloselyHeldEquityInterestsGrp year-end book value is Schedule D, not this contribution line."
65,A,MDI,C07.E2;C07.E3;C02.E3,National Philanthropic Trust FY2023 (2022-07-01 to 2023-06-30) Schedule M Securities—Closely held stock,DAF sponsor,NPT,202431429349301368,,,National Philanthropic Trust,,2022-07-01,2023-06-30,,equity_value,90965333,USD,2023-06-30,interval,FY2023 (2022-07-01 to 2023-06-30),,,,,Securities—Closely held stock,57,,,,,,,yes,DAF sponsor filings,"GET https://gt990datalake-rawdata.s3.amazonaws.com/EfileData/XmlFiles/202431429349301368_public.xml; IRS990ScheduleM/SecuritiesCloselyHeldStockGrp; fields ContributionCnt, NoncashContributionsRptF990Amt, MethodOfDeterminingRevenuesTxt",https://gt990datalake-rawdata.s3.amazonaws.com/EfileData/XmlFiles/202431429349301368_public.xml,<SecuritiesCloselyHeldStockGrp><NonCashCheckboxInd>X</NonCashCheckboxInd><ContributionCnt>57</ContributionCnt><NoncashContributionsRptF990Amt>90965333</NoncashContributionsRptF990Amt><MethodOfDeterminingRevenuesTxt>FMV</MethodOfDeterminingRevenuesTxt></SecuritiesCloselyHeldStockGrp>,2026-09-16T10:21:56Z,SecuritiesCloselyHeldStockGrp ContributionCnt=57 NoncashContributionsRptF990Amt=90965333 method=FMV,1,FY2026 Form 990 original due 2026-11-16,"Schedule M reports count and FMV by asset type for contributions TO the sponsor; it does not name the donor, DAF account, or issuer of closely held stock. Amounts are not summed across lines, years, or money_types.","read-first research/STATE.md; MD11 METR/ARC Schedule I lines locators only. Primary research/primary/MD38-daf-sponsor-schedules/xml-npt-202306-202431429349301368-excerpt.xml-20260916T094302Z. Filer EIN 23-7825575. Exact filed field names: Schedule M Part I line 10 SecuritiesCloselyHeldStockGrp. Publicly traded, closely held stock, and partnership/LLC interests kept on separate rows. MethodOfDeterminingRevenuesTxt=FMV. CloselyHeldEquityInterestsGrp year-end book value is Schedule D, not this contribution line."
66,A,MDI,C07.E2;C07.E3;C02.E3,"National Philanthropic Trust FY2023 (2022-07-01 to 2023-06-30) Schedule M Securities—Partnership, LLC, or trust interests",DAF sponsor,NPT,202431429349301368,,,National Philanthropic Trust,,2022-07-01,2023-06-30,,equity_value,104581080,USD,2023-06-30,interval,FY2023 (2022-07-01 to 2023-06-30),,,,,"Securities—Partnership, LLC, or trust interests",31,,,,,,,yes,DAF sponsor filings,"GET https://gt990datalake-rawdata.s3.amazonaws.com/EfileData/XmlFiles/202431429349301368_public.xml; IRS990ScheduleM/SecurPrtnrshpTrustIntrstsGrp; fields ContributionCnt, NoncashContributionsRptF990Amt, MethodOfDeterminingRevenuesTxt",https://gt990datalake-rawdata.s3.amazonaws.com/EfileData/XmlFiles/202431429349301368_public.xml,<SecurPrtnrshpTrustIntrstsGrp><NonCashCheckboxInd>X</NonCashCheckboxInd><ContributionCnt>31</ContributionCnt><NoncashContributionsRptF990Amt>104581080</NoncashContributionsRptF990Amt><MethodOfDeterminingRevenuesTxt>FMV</MethodOfDeterminingRevenuesTxt></SecurPrtnrshpTrustIntrstsGrp>,2026-09-16T10:21:56Z,SecurPrtnrshpTrustIntrstsGrp ContributionCnt=31 NoncashContributionsRptF990Amt=104581080 method=FMV,1,FY2026 Form 990 original due 2026-11-16,"Schedule M reports count and FMV by asset type for contributions TO the sponsor; it does not name the donor, DAF account, or issuer of closely held stock. Amounts are not summed across lines, years, or money_types.","read-first research/STATE.md; MD11 METR/ARC Schedule I lines locators only. Primary research/primary/MD38-daf-sponsor-schedules/xml-npt-202306-202431429349301368-excerpt.xml-20260916T094302Z. Filer EIN 23-7825575. Exact filed field names: Schedule M Part I line 11 SecurPrtnrshpTrustIntrstsGrp. Publicly traded, closely held stock, and partnership/LLC interests kept on separate rows. MethodOfDeterminingRevenuesTxt=FMV. CloselyHeldEquityInterestsGrp year-end book value is Schedule D, not this contribution line."
67,A,MDI,C07.E2;C07.E3;C02.E3,National Philanthropic Trust FY2024 (2023-07-01 to 2024-06-30) Schedule M Securities—Publicly traded,DAF sponsor,NPT,202511339349301311,,,National Philanthropic Trust,,2023-07-01,2024-06-30,,equity_value,11175879201,USD,2024-06-30,interval,FY2024 (2023-07-01 to 2024-06-30),,,,,Securities—Publicly traded,29953,,,,,,,yes,DAF sponsor filings,"GET https://gt990datalake-rawdata.s3.amazonaws.com/EfileData/XmlFiles/202511339349301311_public.xml; IRS990ScheduleM/SecuritiesPubliclyTradedGrp; fields ContributionCnt, NoncashContributionsRptF990Amt, MethodOfDeterminingRevenuesTxt",https://gt990datalake-rawdata.s3.amazonaws.com/EfileData/XmlFiles/202511339349301311_public.xml,<SecuritiesPubliclyTradedGrp><NonCashCheckboxInd>X</NonCashCheckboxInd><ContributionCnt>29953</ContributionCnt><NoncashContributionsRptF990Amt>11175879201</NoncashContributionsRptF990Amt><MethodOfDeterminingRevenuesTxt>FMV</MethodOfDeterminingRevenuesTxt></SecuritiesPubliclyTradedGrp>,2026-09-16T10:21:56Z,SecuritiesPubliclyTradedGrp ContributionCnt=29953 NoncashContributionsRptF990Amt=11175879201 method=FMV,1,FY2026 Form 990 original due 2026-11-16,"Schedule M reports count and FMV by asset type for contributions TO the sponsor; it does not name the donor, DAF account, or issuer of closely held stock. Amounts are not summed across lines, years, or money_types.","read-first research/STATE.md; MD11 METR/ARC Schedule I lines locators only. Primary research/primary/MD38-daf-sponsor-schedules/xml-npt-202406-202511339349301311-excerpt.xml-20260916T094302Z. Filer EIN 23-7825575. Exact filed field names: Schedule M Part I line 9 SecuritiesPubliclyTradedGrp. Publicly traded, closely held stock, and partnership/LLC interests kept on separate rows. MethodOfDeterminingRevenuesTxt=FMV. CloselyHeldEquityInterestsGrp year-end book value is Schedule D, not this contribution line."
68,A,MDI,C07.E2;C07.E3;C02.E3,National Philanthropic Trust FY2024 (2023-07-01 to 2024-06-30) Schedule M Securities—Closely held stock,DAF sponsor,NPT,202511339349301311,,,National Philanthropic Trust,,2023-07-01,2024-06-30,,equity_value,279950909,USD,2024-06-30,interval,FY2024 (2023-07-01 to 2024-06-30),,,,,Securities—Closely held stock,186,,,,,,,yes,DAF sponsor filings,"GET https://gt990datalake-rawdata.s3.amazonaws.com/EfileData/XmlFiles/202511339349301311_public.xml; IRS990ScheduleM/SecuritiesCloselyHeldStockGrp; fields ContributionCnt, NoncashContributionsRptF990Amt, MethodOfDeterminingRevenuesTxt",https://gt990datalake-rawdata.s3.amazonaws.com/EfileData/XmlFiles/202511339349301311_public.xml,<SecuritiesCloselyHeldStockGrp><NonCashCheckboxInd>X</NonCashCheckboxInd><ContributionCnt>186</ContributionCnt><NoncashContributionsRptF990Amt>279950909</NoncashContributionsRptF990Amt><MethodOfDeterminingRevenuesTxt>FMV</MethodOfDeterminingRevenuesTxt></SecuritiesCloselyHeldStockGrp>,2026-09-16T10:21:56Z,SecuritiesCloselyHeldStockGrp ContributionCnt=186 NoncashContributionsRptF990Amt=279950909 method=FMV,1,FY2026 Form 990 original due 2026-11-16,"Schedule M reports count and FMV by asset type for contributions TO the sponsor; it does not name the donor, DAF account, or issuer of closely held stock. Amounts are not summed across lines, years, or money_types.","read-first research/STATE.md; MD11 METR/ARC Schedule I lines locators only. Primary research/primary/MD38-daf-sponsor-schedules/xml-npt-202406-202511339349301311-excerpt.xml-20260916T094302Z. Filer EIN 23-7825575. Exact filed field names: Schedule M Part I line 10 SecuritiesCloselyHeldStockGrp. Publicly traded, closely held stock, and partnership/LLC interests kept on separate rows. MethodOfDeterminingRevenuesTxt=FMV. CloselyHeldEquityInterestsGrp year-end book value is Schedule D, not this contribution line."
69,A,MDI,C07.E2;C07.E3;C02.E3,"National Philanthropic Trust FY2024 (2023-07-01 to 2024-06-30) Schedule M Securities—Partnership, LLC, or trust interests",DAF sponsor,NPT,202511339349301311,,,National Philanthropic Trust,,2023-07-01,2024-06-30,,equity_value,86113047,USD,2024-06-30,interval,FY2024 (2023-07-01 to 2024-06-30),,,,,"Securities—Partnership, LLC, or trust interests",70,,,,,,,yes,DAF sponsor filings,"GET https://gt990datalake-rawdata.s3.amazonaws.com/EfileData/XmlFiles/202511339349301311_public.xml; IRS990ScheduleM/SecurPrtnrshpTrustIntrstsGrp; fields ContributionCnt, NoncashContributionsRptF990Amt, MethodOfDeterminingRevenuesTxt",https://gt990datalake-rawdata.s3.amazonaws.com/EfileData/XmlFiles/202511339349301311_public.xml,<SecurPrtnrshpTrustIntrstsGrp><NonCashCheckboxInd>X</NonCashCheckboxInd><ContributionCnt>70</ContributionCnt><NoncashContributionsRptF990Amt>86113047</NoncashContributionsRptF990Amt><MethodOfDeterminingRevenuesTxt>FMV</MethodOfDeterminingRevenuesTxt></SecurPrtnrshpTrustIntrstsGrp>,2026-09-16T10:21:56Z,SecurPrtnrshpTrustIntrstsGrp ContributionCnt=70 NoncashContributionsRptF990Amt=86113047 method=FMV,1,FY2026 Form 990 original due 2026-11-16,"Schedule M reports count and FMV by asset type for contributions TO the sponsor; it does not name the donor, DAF account, or issuer of closely held stock. Amounts are not summed across lines, years, or money_types.","read-first research/STATE.md; MD11 METR/ARC Schedule I lines locators only. Primary research/primary/MD38-daf-sponsor-schedules/xml-npt-202406-202511339349301311-excerpt.xml-20260916T094302Z. Filer EIN 23-7825575. Exact filed field names: Schedule M Part I line 11 SecurPrtnrshpTrustIntrstsGrp. Publicly traded, closely held stock, and partnership/LLC interests kept on separate rows. MethodOfDeterminingRevenuesTxt=FMV. CloselyHeldEquityInterestsGrp year-end book value is Schedule D, not this contribution line."
70,A,MDI,C07.E2;C07.E3;C02.E3,National Philanthropic Trust FY2025 (2024-07-01 to 2025-06-30) Schedule M Securities—Publicly traded,DAF sponsor,NPT,202601289349302480,,,National Philanthropic Trust,,2024-07-01,2025-06-30,,equity_value,8574276607,USD,2025-06-30,interval,FY2025 (2024-07-01 to 2025-06-30),,,,,Securities—Publicly traded,40683,,,,,,,yes,DAF sponsor filings,"GET https://gt990datalake-rawdata.s3.amazonaws.com/EfileData/XmlFiles/202601289349302480_public.xml; IRS990ScheduleM/SecuritiesPubliclyTradedGrp; fields ContributionCnt, NoncashContributionsRptF990Amt, MethodOfDeterminingRevenuesTxt",https://gt990datalake-rawdata.s3.amazonaws.com/EfileData/XmlFiles/202601289349302480_public.xml,<SecuritiesPubliclyTradedGrp><NonCashCheckboxInd>X</NonCashCheckboxInd><ContributionCnt>40683</ContributionCnt><NoncashContributionsRptF990Amt>8574276607</NoncashContributionsRptF990Amt><MethodOfDeterminingRevenuesTxt>FMV</MethodOfDeterminingRevenuesTxt></SecuritiesPubliclyTradedGrp>,2026-09-16T10:21:56Z,SecuritiesPubliclyTradedGrp ContributionCnt=40683 NoncashContributionsRptF990Amt=8574276607 method=FMV,1,FY2026 Form 990 original due 2026-11-16,"Schedule M reports count and FMV by asset type for contributions TO the sponsor; it does not name the donor, DAF account, or issuer of closely held stock. Amounts are not summed across lines, years, or money_types.","read-first research/STATE.md; MD11 METR/ARC Schedule I lines locators only. Primary research/primary/MD38-daf-sponsor-schedules/xml-npt-202506-202601289349302480-excerpt.xml-20260916T094302Z. Filer EIN 23-7825575. Exact filed field names: Schedule M Part I line 9 SecuritiesPubliclyTradedGrp. Publicly traded, closely held stock, and partnership/LLC interests kept on separate rows. MethodOfDeterminingRevenuesTxt=FMV. CloselyHeldEquityInterestsGrp year-end book value is Schedule D, not this contribution line."
71,A,MDI,C07.E2;C07.E3;C02.E3,National Philanthropic Trust FY2025 (2024-07-01 to 2025-06-30) Schedule M Securities—Closely held stock,DAF sponsor,NPT,202601289349302480,,,National Philanthropic Trust,,2024-07-01,2025-06-30,,equity_value,1183079981,USD,2025-06-30,interval,FY2025 (2024-07-01 to 2025-06-30),,,,,Securities—Closely held stock,19,,,,,,,yes,DAF sponsor filings,"GET https://gt990datalake-rawdata.s3.amazonaws.com/EfileData/XmlFiles/202601289349302480_public.xml; IRS990ScheduleM/SecuritiesCloselyHeldStockGrp; fields ContributionCnt, NoncashContributionsRptF990Amt, MethodOfDeterminingRevenuesTxt",https://gt990datalake-rawdata.s3.amazonaws.com/EfileData/XmlFiles/202601289349302480_public.xml,<SecuritiesCloselyHeldStockGrp><NonCashCheckboxInd>X</NonCashCheckboxInd><ContributionCnt>19</ContributionCnt><NoncashContributionsRptF990Amt>1183079981</NoncashContributionsRptF990Amt><MethodOfDeterminingRevenuesTxt>FMV</MethodOfDeterminingRevenuesTxt></SecuritiesCloselyHeldStockGrp>,2026-09-16T10:21:56Z,SecuritiesCloselyHeldStockGrp ContributionCnt=19 NoncashContributionsRptF990Amt=1183079981 method=FMV,1,FY2026 Form 990 original due 2026-11-16,"Schedule M reports count and FMV by asset type for contributions TO the sponsor; it does not name the donor, DAF account, or issuer of closely held stock. Amounts are not summed across lines, years, or money_types.","read-first research/STATE.md; MD11 METR/ARC Schedule I lines locators only. Primary research/primary/MD38-daf-sponsor-schedules/xml-npt-202506-202601289349302480-excerpt.xml-20260916T094302Z. Filer EIN 23-7825575. Exact filed field names: Schedule M Part I line 10 SecuritiesCloselyHeldStockGrp. Publicly traded, closely held stock, and partnership/LLC interests kept on separate rows. MethodOfDeterminingRevenuesTxt=FMV. CloselyHeldEquityInterestsGrp year-end book value is Schedule D, not this contribution line."
72,A,MDI,C07.E2;C07.E3;C02.E3,"National Philanthropic Trust FY2025 (2024-07-01 to 2025-06-30) Schedule M Securities—Partnership, LLC, or trust interests",DAF sponsor,NPT,202601289349302480,,,National Philanthropic Trust,,2024-07-01,2025-06-30,,equity_value,346319666,USD,2025-06-30,interval,FY2025 (2024-07-01 to 2025-06-30),,,,,"Securities—Partnership, LLC, or trust interests",97,,,,,,,yes,DAF sponsor filings,"GET https://gt990datalake-rawdata.s3.amazonaws.com/EfileData/XmlFiles/202601289349302480_public.xml; IRS990ScheduleM/SecurPrtnrshpTrustIntrstsGrp; fields ContributionCnt, NoncashContributionsRptF990Amt, MethodOfDeterminingRevenuesTxt",https://gt990datalake-rawdata.s3.amazonaws.com/EfileData/XmlFiles/202601289349302480_public.xml,<SecurPrtnrshpTrustIntrstsGrp><NonCashCheckboxInd>X</NonCashCheckboxInd><ContributionCnt>97</ContributionCnt><NoncashContributionsRptF990Amt>346319666</NoncashContributionsRptF990Amt><MethodOfDeterminingRevenuesTxt>FMV</MethodOfDeterminingRevenuesTxt></SecurPrtnrshpTrustIntrstsGrp>,2026-09-16T10:21:56Z,SecurPrtnrshpTrustIntrstsGrp ContributionCnt=97 NoncashContributionsRptF990Amt=346319666 method=FMV,1,FY2026 Form 990 original due 2026-11-16,"Schedule M reports count and FMV by asset type for contributions TO the sponsor; it does not name the donor, DAF account, or issuer of closely held stock. Amounts are not summed across lines, years, or money_types.","read-first research/STATE.md; MD11 METR/ARC Schedule I lines locators only. Primary research/primary/MD38-daf-sponsor-schedules/xml-npt-202506-202601289349302480-excerpt.xml-20260916T094302Z. Filer EIN 23-7825575. Exact filed field names: Schedule M Part I line 11 SecurPrtnrshpTrustIntrstsGrp. Publicly traded, closely held stock, and partnership/LLC interests kept on separate rows. MethodOfDeterminingRevenuesTxt=FMV. CloselyHeldEquityInterestsGrp year-end book value is Schedule D, not this contribution line."
73,B,MDF,C07.E2;C07.E3;C02.E3,SVCF CY2024 audited statements: grants transferred to other DAF sponsors,DAF sponsor,SVCF,svcf-financial-statement-audit-2024,Silicon Valley Community Foundation,,other donor-advised fund sponsors,DAF sponsor-to-sponsor transfer (audit note),2024-01-01,2024-12-31,,transfer,1667000000,USD,2024-12-31,interval,CY2024,reported in audited grants expense,,,,,,,,,,,,yes,issuer statements,GET https://www.svcf.org/assets/img/media/svcf-financial-statement-audit-2024.pdf; note on grants transferred to other donor-advised fund sponsors,https://www.svcf.org/assets/img/media/svcf-financial-statement-audit-2024.pdf,"For 2024 and 2023, included in grants expense are grants in the amount of $1,667,000,000 and $207,000,000, respectively, that were transferred to other donor-advised fund sponsors.",2026-09-16T10:21:56Z,"audit: $1,667,000,000 transferred to other DAF sponsors in 2024",1,SVCF CY2025 audited statements / Form 990,The audit does not name the receiving sponsor or the DAF account. Do not sum this transfer figure with Schedule I CashGrantAmt rows (different money_type and a rounded thousands presentation).,"Primary svcf-audit-2024.pdf-20260916T094302Z and svcf-audit-2024.txt-20260916T094302Z. STATE.md read-first. This is the document that characterises the movement as a transfer to other DAF sponsors. Schedule I CashGrantAmt to NPT $1,591,322,838 (object 202543149349305759) is the largest matching filed_grant and is kept on its own row."
74,B,MDF,C07.E2;C07.E3;C02.E3,SVCF CY2023 audited statements: grants transferred to other DAF sponsors,DAF sponsor,SVCF,svcf-financial-statement-audit-2024,Silicon Valley Community Foundation,,other donor-advised fund sponsors,DAF sponsor-to-sponsor transfer (audit note),2023-01-01,2023-12-31,,transfer,207000000,USD,2023-12-31,interval,CY2023,reported in audited grants expense,,,,,,,,,,,,yes,issuer statements,GET https://www.svcf.org/assets/img/media/svcf-financial-statement-audit-2024.pdf; 2023 comparative transfer amount,https://www.svcf.org/assets/img/media/svcf-financial-statement-audit-2024.pdf,"For 2024 and 2023, included in grants expense are grants in the amount of $1,667,000,000 and $207,000,000, respectively, that were transferred to other donor-advised fund sponsors.",2026-09-16T10:21:56Z,"audit: $207,000,000 transferred to other DAF sponsors in 2023",1,,Receiving sponsor and account family unnamed. Not summed with 2024 or with Schedule I filed_grant rows.,Primary svcf-audit-2024.pdf-20260916T094302Z. Comparative 2023 figure on the same note as the 2024 $1.667B transfer.
75,B,MDF,C07.E2;C07.E3;C02.E3,SVCF CY2024 audited statements: gifts transferred in from other DAF providers,DAF sponsor,SVCF,svcf-financial-statement-audit-2024,other donor-advised fund providers,,Silicon Valley Community Foundation,DAF sponsor-to-sponsor transfer in (audit note),2024-01-01,2024-12-31,,transfer,500000000,USD,2024-12-31,interval,CY2024,,,,,,,,,,,,,yes,issuer statements,GET https://www.svcf.org/assets/img/media/svcf-financial-statement-audit-2024.pdf; gifts transferred from other DAF providers,https://www.svcf.org/assets/img/media/svcf-financial-statement-audit-2024.pdf,"Included in contributions are gifts in the amount of $500,000,000 and $325,000,000 that were transferred from other donor-advised fund providers, respectively.",2026-09-16T10:21:56Z,"audit: $500,000,000 transferred in from other DAF providers in 2024; $325,000,000 in 2023",1,,Sending sponsor and account family unnamed. Inbound transfer is not a grant to METR and is not summed with outbound transfers.,Primary svcf-audit-2024.pdf-20260916T094302Z. Separate money_type=transfer inbound; not merged with outbound $1.667B.
76,B,MDF,C07.E2;C07.E3;C02.E3,Silicon Valley Community Foundation TY2023 (calendar 2023-01-01 to 2023-12-31) Schedule I cash grant to Fidelity Investments Charitable Gift Fund,DAF sponsor,SVCF,202413129349304911,Silicon Valley Community Foundation,,Fidelity Investments Charitable Gift Fund,DAF sponsor-to-sponsor filed grant,2023-01-01,2023-12-31,,filed_grant,153756594,USD,2023-12-31,interval,TY2023 (calendar 2023-01-01 to 2023-12-31),filed as granted,General Nonprofit Support,,,,,,,,,,,yes,DAF sponsor filings,"GET https://gt990datalake-rawdata.s3.amazonaws.com/EfileData/XmlFiles/202413129349304911_public.xml; IRS990ScheduleI RecipientTable filter RecipientEIN in {205205488,232888152,110303001,311640316,237825575} excluding filer",https://gt990datalake-rawdata.s3.amazonaws.com/EfileData/XmlFiles/202413129349304911_public.xml,<BusinessNameLine1Txt>Fidelity Investments Charitable Gift Fund</BusinessNameLine1Txt><RecipientEIN>110303001</RecipientEIN><CashGrantAmt>153756594</CashGrantAmt><PurposeOfGrantTxt>General Nonprofit Support</PurposeOfGrantTxt>,2026-09-16T10:21:56Z,CashGrantAmt=153756594 to EIN 110303001; purpose=General Nonprofit Support,1,TY2025 Form 990 original due 2026-05-15 / treat as on extension through 2026-11-16 (absent from index_2026),"Schedule I Part II names the recipient sponsor and CashGrantAmt; it has no account-principal, donor, or adviser field, so a grant that moves an account family is not labelled as such on the return. NonCashAssistanceAmt is a different money fact and is not summed into amount_usd.","Primary research/primary/MD38-daf-sponsor-schedules/xml-svcf-202312-202413129349304911-excerpt.xml-20260916T094302Z. Filing fields: RecipientEIN, CashGrantAmt, PurposeOfGrantTxt. STATE.md read-first; not an MD11 METR/ARC recopy. Legal entities unmerged (sponsor vs DAF account vs recipient charity). money_type=filed_grant, not summed with the SVCF audit transfer figure."
77,B,MDF,C07.E2;C07.E3;C02.E3,Silicon Valley Community Foundation TY2023 (calendar 2023-01-01 to 2023-12-31) Schedule I cash grant to National Philanthropic Trust,DAF sponsor,SVCF,202413129349304911,Silicon Valley Community Foundation,,National Philanthropic Trust,DAF sponsor-to-sponsor filed grant,2023-01-01,2023-12-31,,filed_grant,7196356,USD,2023-12-31,interval,TY2023 (calendar 2023-01-01 to 2023-12-31),filed as granted,General Nonprofit Support,,,,,,,,,,,yes,DAF sponsor filings,"GET https://gt990datalake-rawdata.s3.amazonaws.com/EfileData/XmlFiles/202413129349304911_public.xml; IRS990ScheduleI RecipientTable filter RecipientEIN in {205205488,232888152,110303001,311640316,237825575} excluding filer",https://gt990datalake-rawdata.s3.amazonaws.com/EfileData/XmlFiles/202413129349304911_public.xml,<BusinessNameLine1Txt>National Philanthropic Trust</BusinessNameLine1Txt><RecipientEIN>237825575</RecipientEIN><CashGrantAmt>7196356</CashGrantAmt><PurposeOfGrantTxt>General Nonprofit Support</PurposeOfGrantTxt>,2026-09-16T10:21:56Z,CashGrantAmt=7196356 to EIN 237825575; purpose=General Nonprofit Support,1,TY2025 Form 990 original due 2026-05-15 / treat as on extension through 2026-11-16 (absent from index_2026),"Schedule I Part II names the recipient sponsor and CashGrantAmt; it has no account-principal, donor, or adviser field, so a grant that moves an account family is not labelled as such on the return. NonCashAssistanceAmt is a different money fact and is not summed into amount_usd.","Primary research/primary/MD38-daf-sponsor-schedules/xml-svcf-202312-202413129349304911-excerpt.xml-20260916T094302Z. Filing fields: RecipientEIN, CashGrantAmt, PurposeOfGrantTxt. STATE.md read-first; not an MD11 METR/ARC recopy. Legal entities unmerged (sponsor vs DAF account vs recipient charity). money_type=filed_grant, not summed with the SVCF audit transfer figure."
78,B,MDF,C07.E2;C07.E3;C02.E3,Silicon Valley Community Foundation TY2023 (calendar 2023-01-01 to 2023-12-31) Schedule I cash grant to Donor Advised Charitable Giving Inc,DAF sponsor,SVCF,202413129349304911,Silicon Valley Community Foundation,,Donor Advised Charitable Giving Inc,DAF sponsor-to-sponsor filed grant,2023-01-01,2023-12-31,,filed_grant,27471026,USD,2023-12-31,interval,TY2023 (calendar 2023-01-01 to 2023-12-31),filed as granted,General Nonprofit Support,,,,,,,,,,,yes,DAF sponsor filings,"GET https://gt990datalake-rawdata.s3.amazonaws.com/EfileData/XmlFiles/202413129349304911_public.xml; IRS990ScheduleI RecipientTable filter RecipientEIN in {205205488,232888152,110303001,311640316,237825575} excluding filer",https://gt990datalake-rawdata.s3.amazonaws.com/EfileData/XmlFiles/202413129349304911_public.xml,<BusinessNameLine1Txt>Schwab Charitable Fund</BusinessNameLine1Txt><RecipientEIN>311640316</RecipientEIN><CashGrantAmt>27471026</CashGrantAmt><PurposeOfGrantTxt>General Nonprofit Support</PurposeOfGrantTxt>,2026-09-16T10:21:56Z,CashGrantAmt=27471026 to EIN 311640316; purpose=General Nonprofit Support,1,TY2025 Form 990 original due 2026-05-15 / treat as on extension through 2026-11-16 (absent from index_2026),"Schedule I Part II names the recipient sponsor and CashGrantAmt; it has no account-principal, donor, or adviser field, so a grant that moves an account family is not labelled as such on the return. NonCashAssistanceAmt is a different money fact and is not summed into amount_usd.","Primary research/primary/MD38-daf-sponsor-schedules/xml-svcf-202312-202413129349304911-excerpt.xml-20260916T094302Z. Filing fields: RecipientEIN, CashGrantAmt, PurposeOfGrantTxt. STATE.md read-first; not an MD11 METR/ARC recopy. Legal entities unmerged (sponsor vs DAF account vs recipient charity). money_type=filed_grant, not summed with the SVCF audit transfer figure."
79,B,MDF,C07.E2;C07.E3;C02.E3,Silicon Valley Community Foundation TY2023 (calendar 2023-01-01 to 2023-12-31) Schedule I cash grant to Vanguard Charitable Endowment Program,DAF sponsor,SVCF,202413129349304911,Silicon Valley Community Foundation,,Vanguard Charitable Endowment Program,DAF sponsor-to-sponsor filed grant,2023-01-01,2023-12-31,,filed_grant,1102097,USD,2023-12-31,interval,TY2023 (calendar 2023-01-01 to 2023-12-31),filed as granted,General Nonprofit Support,,,,,,,,,,,yes,DAF sponsor filings,"GET https://gt990datalake-rawdata.s3.amazonaws.com/EfileData/XmlFiles/202413129349304911_public.xml; IRS990ScheduleI RecipientTable filter RecipientEIN in {205205488,232888152,110303001,311640316,237825575} excluding filer",https://gt990datalake-rawdata.s3.amazonaws.com/EfileData/XmlFiles/202413129349304911_public.xml,<BusinessNameLine1Txt>Vanguard Charitable Endowment Program</BusinessNameLine1Txt><RecipientEIN>232888152</RecipientEIN><CashGrantAmt>1102097</CashGrantAmt><PurposeOfGrantTxt>General Nonprofit Support</PurposeOfGrantTxt>,2026-09-16T10:21:56Z,CashGrantAmt=1102097 to EIN 232888152; purpose=General Nonprofit Support,1,TY2025 Form 990 original due 2026-05-15 / treat as on extension through 2026-11-16 (absent from index_2026),"Schedule I Part II names the recipient sponsor and CashGrantAmt; it has no account-principal, donor, or adviser field, so a grant that moves an account family is not labelled as such on the return. NonCashAssistanceAmt is a different money fact and is not summed into amount_usd.","Primary research/primary/MD38-daf-sponsor-schedules/xml-svcf-202312-202413129349304911-excerpt.xml-20260916T094302Z. Filing fields: RecipientEIN, CashGrantAmt, PurposeOfGrantTxt. STATE.md read-first; not an MD11 METR/ARC recopy. Legal entities unmerged (sponsor vs DAF account vs recipient charity). money_type=filed_grant, not summed with the SVCF audit transfer figure."
80,B,MDF,C07.E2;C07.E3;C02.E3,Silicon Valley Community Foundation TY2024 (calendar 2024-01-01 to 2024-12-31) Schedule I cash grant to Fidelity Investments Charitable Gift Fund,DAF sponsor,SVCF,202543149349305759,Silicon Valley Community Foundation,,Fidelity Investments Charitable Gift Fund,DAF sponsor-to-sponsor filed grant,2024-01-01,2024-12-31,,filed_grant,51869044,USD,2024-12-31,interval,TY2024 (calendar 2024-01-01 to 2024-12-31),filed as granted,General Nonprofit Support,,,,,,,,,,,yes,DAF sponsor filings,"GET https://gt990datalake-rawdata.s3.amazonaws.com/EfileData/XmlFiles/202543149349305759_public.xml; IRS990ScheduleI RecipientTable filter RecipientEIN in {205205488,232888152,110303001,311640316,237825575} excluding filer",https://gt990datalake-rawdata.s3.amazonaws.com/EfileData/XmlFiles/202543149349305759_public.xml,<BusinessNameLine1Txt>Fidelity Investments Charitable Gift Fund</BusinessNameLine1Txt><RecipientEIN>110303001</RecipientEIN><CashGrantAmt>51869044</CashGrantAmt><PurposeOfGrantTxt>General Nonprofit Support</PurposeOfGrantTxt>,2026-09-16T10:21:56Z,CashGrantAmt=51869044 to EIN 110303001; purpose=General Nonprofit Support,1,TY2025 Form 990 original due 2026-05-15 / treat as on extension through 2026-11-16 (absent from index_2026),"Schedule I Part II names the recipient sponsor and CashGrantAmt; it has no account-principal, donor, or adviser field, so a grant that moves an account family is not labelled as such on the return. NonCashAssistanceAmt is a different money fact and is not summed into amount_usd.","Primary research/primary/MD38-daf-sponsor-schedules/xml-svcf-202412-202543149349305759-excerpt.xml-20260916T094302Z. Filing fields: RecipientEIN, CashGrantAmt, PurposeOfGrantTxt. STATE.md read-first; not an MD11 METR/ARC recopy. Legal entities unmerged (sponsor vs DAF account vs recipient charity). money_type=filed_grant, not summed with the SVCF audit transfer figure."
81,B,MDF,C07.E2;C07.E3;C02.E3,Silicon Valley Community Foundation TY2024 (calendar 2024-01-01 to 2024-12-31) Schedule I cash grant to National Philanthropic Trust,DAF sponsor,SVCF,202543149349305759,Silicon Valley Community Foundation,,National Philanthropic Trust,DAF sponsor-to-sponsor filed grant,2024-01-01,2024-12-31,,filed_grant,1591322838,USD,2024-12-31,interval,TY2024 (calendar 2024-01-01 to 2024-12-31),filed as granted,General Nonprofit Support,,,,,,,,,,,yes,DAF sponsor filings,"GET https://gt990datalake-rawdata.s3.amazonaws.com/EfileData/XmlFiles/202543149349305759_public.xml; IRS990ScheduleI RecipientTable filter RecipientEIN in {205205488,232888152,110303001,311640316,237825575} excluding filer",https://gt990datalake-rawdata.s3.amazonaws.com/EfileData/XmlFiles/202543149349305759_public.xml,<BusinessNameLine1Txt>National Philanthropic Trust</BusinessNameLine1Txt><RecipientEIN>237825575</RecipientEIN><CashGrantAmt>1591322838</CashGrantAmt><PurposeOfGrantTxt>General Nonprofit Support</PurposeOfGrantTxt>,2026-09-16T10:21:56Z,CashGrantAmt=1591322838 to EIN 237825575; purpose=General Nonprofit Support,1,TY2025 Form 990 original due 2026-05-15 / treat as on extension through 2026-11-16 (absent from index_2026),"Schedule I Part II names the recipient sponsor and CashGrantAmt; it has no account-principal, donor, or adviser field, so a grant that moves an account family is not labelled as such on the return. NonCashAssistanceAmt is a different money fact and is not summed into amount_usd.","Primary research/primary/MD38-daf-sponsor-schedules/xml-svcf-202412-202543149349305759-excerpt.xml-20260916T094302Z. Filing fields: RecipientEIN, CashGrantAmt, PurposeOfGrantTxt. STATE.md read-first; not an MD11 METR/ARC recopy. Legal entities unmerged (sponsor vs DAF account vs recipient charity). money_type=filed_grant, not summed with the SVCF audit transfer figure."
82,B,MDF,C07.E2;C07.E3;C02.E3,Silicon Valley Community Foundation TY2024 (calendar 2024-01-01 to 2024-12-31) Schedule I cash grant to Donor Advised Charitable Giving Inc,DAF sponsor,SVCF,202543149349305759,Silicon Valley Community Foundation,,Donor Advised Charitable Giving Inc,DAF sponsor-to-sponsor filed grant,2024-01-01,2024-12-31,,filed_grant,5824989,USD,2024-12-31,interval,TY2024 (calendar 2024-01-01 to 2024-12-31),filed as granted,General Nonprofit Support,,,,,,,,,,,yes,DAF sponsor filings,"GET https://gt990datalake-rawdata.s3.amazonaws.com/EfileData/XmlFiles/202543149349305759_public.xml; IRS990ScheduleI RecipientTable filter RecipientEIN in {205205488,232888152,110303001,311640316,237825575} excluding filer",https://gt990datalake-rawdata.s3.amazonaws.com/EfileData/XmlFiles/202543149349305759_public.xml,<BusinessNameLine1Txt>Schwab Charitable Fund</BusinessNameLine1Txt><RecipientEIN>311640316</RecipientEIN><CashGrantAmt>5824989</CashGrantAmt><PurposeOfGrantTxt>General Nonprofit Support</PurposeOfGrantTxt>,2026-09-16T10:21:56Z,CashGrantAmt=5824989 to EIN 311640316; purpose=General Nonprofit Support,1,TY2025 Form 990 original due 2026-05-15 / treat as on extension through 2026-11-16 (absent from index_2026),"Schedule I Part II names the recipient sponsor and CashGrantAmt; it has no account-principal, donor, or adviser field, so a grant that moves an account family is not labelled as such on the return. NonCashAssistanceAmt is a different money fact and is not summed into amount_usd.","Primary research/primary/MD38-daf-sponsor-schedules/xml-svcf-202412-202543149349305759-excerpt.xml-20260916T094302Z. Filing fields: RecipientEIN, CashGrantAmt, PurposeOfGrantTxt. STATE.md read-first; not an MD11 METR/ARC recopy. Legal entities unmerged (sponsor vs DAF account vs recipient charity). money_type=filed_grant, not summed with the SVCF audit transfer figure."
83,B,MDF,C07.E2;C07.E3;C02.E3,Silicon Valley Community Foundation TY2024 (calendar 2024-01-01 to 2024-12-31) Schedule I cash grant to Vanguard Charitable Endowment Program,DAF sponsor,SVCF,202543149349305759,Silicon Valley Community Foundation,,Vanguard Charitable Endowment Program,DAF sponsor-to-sponsor filed grant,2024-01-01,2024-12-31,,filed_grant,786994,USD,2024-12-31,interval,TY2024 (calendar 2024-01-01 to 2024-12-31),filed as granted,General Nonprofit Support,,,,,,,,,,,yes,DAF sponsor filings,"GET https://gt990datalake-rawdata.s3.amazonaws.com/EfileData/XmlFiles/202543149349305759_public.xml; IRS990ScheduleI RecipientTable filter RecipientEIN in {205205488,232888152,110303001,311640316,237825575} excluding filer",https://gt990datalake-rawdata.s3.amazonaws.com/EfileData/XmlFiles/202543149349305759_public.xml,<BusinessNameLine1Txt>Vanguard Charitable Endowment Program</BusinessNameLine1Txt><RecipientEIN>232888152</RecipientEIN><CashGrantAmt>786994</CashGrantAmt><PurposeOfGrantTxt>General Nonprofit Support</PurposeOfGrantTxt>,2026-09-16T10:21:56Z,CashGrantAmt=786994 to EIN 232888152; purpose=General Nonprofit Support,1,TY2025 Form 990 original due 2026-05-15 / treat as on extension through 2026-11-16 (absent from index_2026),"Schedule I Part II names the recipient sponsor and CashGrantAmt; it has no account-principal, donor, or adviser field, so a grant that moves an account family is not labelled as such on the return. NonCashAssistanceAmt is a different money fact and is not summed into amount_usd.","Primary research/primary/MD38-daf-sponsor-schedules/xml-svcf-202412-202543149349305759-excerpt.xml-20260916T094302Z. Filing fields: RecipientEIN, CashGrantAmt, PurposeOfGrantTxt. STATE.md read-first; not an MD11 METR/ARC recopy. Legal entities unmerged (sponsor vs DAF account vs recipient charity). money_type=filed_grant, not summed with the SVCF audit transfer figure."
84,B,MDF,C07.E2;C07.E3;C02.E3,Vanguard Charitable Endowment Program FY2023 (2022-07-01 to 2023-06-30) Schedule I cash grant to Fidelity Investments Charitable Gift Fund,DAF sponsor,Vanguard Charitable,202441359349309439,Vanguard Charitable Endowment Program,,Fidelity Investments Charitable Gift Fund,DAF sponsor-to-sponsor filed grant,2022-07-01,2023-06-30,,filed_grant,59069369,USD,2023-06-30,interval,FY2023 (2022-07-01 to 2023-06-30),filed as granted,FOR RECIPIENT'S EXEMPT PURPOSE,,,,,,,,,,,yes,DAF sponsor filings,"GET https://gt990datalake-rawdata.s3.amazonaws.com/EfileData/XmlFiles/202441359349309439_public.xml; IRS990ScheduleI RecipientTable filter RecipientEIN in {205205488,232888152,110303001,311640316,237825575} excluding filer",https://gt990datalake-rawdata.s3.amazonaws.com/EfileData/XmlFiles/202441359349309439_public.xml,<BusinessNameLine1Txt>FIDELITY INVESTMENTS CHARITABLE GIFT FUND</BusinessNameLine1Txt><RecipientEIN>110303001</RecipientEIN><CashGrantAmt>59069369</CashGrantAmt><PurposeOfGrantTxt>FOR RECIPIENT'S EXEMPT PURPOSE</PurposeOfGrantTxt>,2026-09-16T10:21:56Z,CashGrantAmt=59069369 to EIN 110303001; purpose=FOR RECIPIENT'S EXEMPT PURPOSE,1,FY2026 Form 990 original due 2026-11-16,"Schedule I Part II names the recipient sponsor and CashGrantAmt; it has no account-principal, donor, or adviser field, so a grant that moves an account family is not labelled as such on the return. NonCashAssistanceAmt is a different money fact and is not summed into amount_usd.","Primary research/primary/MD38-daf-sponsor-schedules/xml-vanguard-202306-202441359349309439-excerpt.xml-20260916T094302Z. Filing fields: RecipientEIN, CashGrantAmt, PurposeOfGrantTxt. STATE.md read-first; not an MD11 METR/ARC recopy. Legal entities unmerged (sponsor vs DAF account vs recipient charity). money_type=filed_grant, not summed with the SVCF audit transfer figure."
85,B,MDF,C07.E2;C07.E3;C02.E3,Vanguard Charitable Endowment Program FY2023 (2022-07-01 to 2023-06-30) Schedule I cash grant to National Philanthropic Trust,DAF sponsor,Vanguard Charitable,202441359349309439,Vanguard Charitable Endowment Program,,National Philanthropic Trust,DAF sponsor-to-sponsor filed grant,2022-07-01,2023-06-30,,filed_grant,1414505,USD,2023-06-30,interval,FY2023 (2022-07-01 to 2023-06-30),filed as granted,FOR RECIPIENT'S EXEMPT PURPOSE,,,,,,,,,,,yes,DAF sponsor filings,"GET https://gt990datalake-rawdata.s3.amazonaws.com/EfileData/XmlFiles/202441359349309439_public.xml; IRS990ScheduleI RecipientTable filter RecipientEIN in {205205488,232888152,110303001,311640316,237825575} excluding filer",https://gt990datalake-rawdata.s3.amazonaws.com/EfileData/XmlFiles/202441359349309439_public.xml,<BusinessNameLine1Txt>NATIONAL PHILANTHROPIC TR</BusinessNameLine1Txt><RecipientEIN>237825575</RecipientEIN><CashGrantAmt>1414505</CashGrantAmt><PurposeOfGrantTxt>FOR RECIPIENT'S EXEMPT PURPOSE</PurposeOfGrantTxt>,2026-09-16T10:21:56Z,CashGrantAmt=1414505 to EIN 237825575; purpose=FOR RECIPIENT'S EXEMPT PURPOSE,1,FY2026 Form 990 original due 2026-11-16,"Schedule I Part II names the recipient sponsor and CashGrantAmt; it has no account-principal, donor, or adviser field, so a grant that moves an account family is not labelled as such on the return. NonCashAssistanceAmt is a different money fact and is not summed into amount_usd.","Primary research/primary/MD38-daf-sponsor-schedules/xml-vanguard-202306-202441359349309439-excerpt.xml-20260916T094302Z. Filing fields: RecipientEIN, CashGrantAmt, PurposeOfGrantTxt. STATE.md read-first; not an MD11 METR/ARC recopy. Legal entities unmerged (sponsor vs DAF account vs recipient charity). money_type=filed_grant, not summed with the SVCF audit transfer figure."
86,B,MDF,C07.E2;C07.E3;C02.E3,Vanguard Charitable Endowment Program FY2023 (2022-07-01 to 2023-06-30) Schedule I cash grant to Donor Advised Charitable Giving Inc,DAF sponsor,Vanguard Charitable,202441359349309439,Vanguard Charitable Endowment Program,,Donor Advised Charitable Giving Inc,DAF sponsor-to-sponsor filed grant,2022-07-01,2023-06-30,,filed_grant,15205207,USD,2023-06-30,interval,FY2023 (2022-07-01 to 2023-06-30),filed as granted,FOR RECIPIENT'S EXEMPT PURPOSE,,,,,,,,,,,yes,DAF sponsor filings,"GET https://gt990datalake-rawdata.s3.amazonaws.com/EfileData/XmlFiles/202441359349309439_public.xml; IRS990ScheduleI RecipientTable filter RecipientEIN in {205205488,232888152,110303001,311640316,237825575} excluding filer",https://gt990datalake-rawdata.s3.amazonaws.com/EfileData/XmlFiles/202441359349309439_public.xml,<BusinessNameLine1Txt>SCHWAB CHARITABLE FUND</BusinessNameLine1Txt><RecipientEIN>311640316</RecipientEIN><CashGrantAmt>15205207</CashGrantAmt><PurposeOfGrantTxt>FOR RECIPIENT'S EXEMPT PURPOSE</PurposeOfGrantTxt>,2026-09-16T10:21:56Z,CashGrantAmt=15205207 to EIN 311640316; purpose=FOR RECIPIENT'S EXEMPT PURPOSE,1,FY2026 Form 990 original due 2026-11-16,"Schedule I Part II names the recipient sponsor and CashGrantAmt; it has no account-principal, donor, or adviser field, so a grant that moves an account family is not labelled as such on the return. NonCashAssistanceAmt is a different money fact and is not summed into amount_usd.","Primary research/primary/MD38-daf-sponsor-schedules/xml-vanguard-202306-202441359349309439-excerpt.xml-20260916T094302Z. Filing fields: RecipientEIN, CashGrantAmt, PurposeOfGrantTxt. STATE.md read-first; not an MD11 METR/ARC recopy. Legal entities unmerged (sponsor vs DAF account vs recipient charity). money_type=filed_grant, not summed with the SVCF audit transfer figure."
87,B,MDF,C07.E2;C07.E3;C02.E3,Vanguard Charitable Endowment Program FY2023 (2022-07-01 to 2023-06-30) Schedule I cash grant to Silicon Valley Community Foundation,DAF sponsor,Vanguard Charitable,202441359349309439,Vanguard Charitable Endowment Program,,Silicon Valley Community Foundation,DAF sponsor-to-sponsor filed grant,2022-07-01,2023-06-30,,filed_grant,1448500,USD,2023-06-30,interval,FY2023 (2022-07-01 to 2023-06-30),filed as granted,FOR RECIPIENT'S EXEMPT PURPOSE,,,,,,,,,,,yes,DAF sponsor filings,"GET https://gt990datalake-rawdata.s3.amazonaws.com/EfileData/XmlFiles/202441359349309439_public.xml; IRS990ScheduleI RecipientTable filter RecipientEIN in {205205488,232888152,110303001,311640316,237825575} excluding filer",https://gt990datalake-rawdata.s3.amazonaws.com/EfileData/XmlFiles/202441359349309439_public.xml,<BusinessNameLine1Txt>SILICON VALLEY COMMUNITY FOUNDATION</BusinessNameLine1Txt><RecipientEIN>205205488</RecipientEIN><CashGrantAmt>1448500</CashGrantAmt><PurposeOfGrantTxt>FOR RECIPIENT'S EXEMPT PURPOSE</PurposeOfGrantTxt>,2026-09-16T10:21:56Z,CashGrantAmt=1448500 to EIN 205205488; purpose=FOR RECIPIENT'S EXEMPT PURPOSE,1,FY2026 Form 990 original due 2026-11-16,"Schedule I Part II names the recipient sponsor and CashGrantAmt; it has no account-principal, donor, or adviser field, so a grant that moves an account family is not labelled as such on the return. NonCashAssistanceAmt is a different money fact and is not summed into amount_usd.","Primary research/primary/MD38-daf-sponsor-schedules/xml-vanguard-202306-202441359349309439-excerpt.xml-20260916T094302Z. Filing fields: RecipientEIN, CashGrantAmt, PurposeOfGrantTxt. STATE.md read-first; not an MD11 METR/ARC recopy. Legal entities unmerged (sponsor vs DAF account vs recipient charity). money_type=filed_grant, not summed with the SVCF audit transfer figure."
88,B,MDF,C07.E2;C07.E3;C02.E3,Vanguard Charitable Endowment Program FY2024 (2023-07-01 to 2024-06-30) Schedule I cash grant to Fidelity Investments Charitable Gift Fund,DAF sponsor,Vanguard Charitable,202511349349313096,Vanguard Charitable Endowment Program,,Fidelity Investments Charitable Gift Fund,DAF sponsor-to-sponsor filed grant,2023-07-01,2024-06-30,,filed_grant,25171927,USD,2024-06-30,interval,FY2024 (2023-07-01 to 2024-06-30),filed as granted,FOR RECIPIENT'S EXEMPT PURPOSE,,,,,,,,,,,yes,DAF sponsor filings,"GET https://gt990datalake-rawdata.s3.amazonaws.com/EfileData/XmlFiles/202511349349313096_public.xml; IRS990ScheduleI RecipientTable filter RecipientEIN in {205205488,232888152,110303001,311640316,237825575} excluding filer",https://gt990datalake-rawdata.s3.amazonaws.com/EfileData/XmlFiles/202511349349313096_public.xml,<BusinessNameLine1Txt>FIDELITY INVESTMENTS CHARITABLE GIFT FUND</BusinessNameLine1Txt><RecipientEIN>110303001</RecipientEIN><CashGrantAmt>25171927</CashGrantAmt><PurposeOfGrantTxt>FOR RECIPIENT'S EXEMPT PURPOSE</PurposeOfGrantTxt>,2026-09-16T10:21:56Z,CashGrantAmt=25171927 to EIN 110303001; purpose=FOR RECIPIENT'S EXEMPT PURPOSE,1,FY2026 Form 990 original due 2026-11-16,"Schedule I Part II names the recipient sponsor and CashGrantAmt; it has no account-principal, donor, or adviser field, so a grant that moves an account family is not labelled as such on the return. NonCashAssistanceAmt is a different money fact and is not summed into amount_usd.","Primary research/primary/MD38-daf-sponsor-schedules/xml-vanguard-202406-202511349349313096-excerpt.xml-20260916T094302Z. Filing fields: RecipientEIN, CashGrantAmt, PurposeOfGrantTxt. STATE.md read-first; not an MD11 METR/ARC recopy. Legal entities unmerged (sponsor vs DAF account vs recipient charity). money_type=filed_grant, not summed with the SVCF audit transfer figure."
89,B,MDF,C07.E2;C07.E3;C02.E3,Vanguard Charitable Endowment Program FY2024 (2023-07-01 to 2024-06-30) Schedule I cash grant to National Philanthropic Trust,DAF sponsor,Vanguard Charitable,202511349349313096,Vanguard Charitable Endowment Program,,National Philanthropic Trust,DAF sponsor-to-sponsor filed grant,2023-07-01,2024-06-30,,filed_grant,8594628,USD,2024-06-30,interval,FY2024 (2023-07-01 to 2024-06-30),filed as granted,FOR RECIPIENT'S EXEMPT PURPOSE,,,,,,,,,,,yes,DAF sponsor filings,"GET https://gt990datalake-rawdata.s3.amazonaws.com/EfileData/XmlFiles/202511349349313096_public.xml; IRS990ScheduleI RecipientTable filter RecipientEIN in {205205488,232888152,110303001,311640316,237825575} excluding filer",https://gt990datalake-rawdata.s3.amazonaws.com/EfileData/XmlFiles/202511349349313096_public.xml,<BusinessNameLine1Txt>NATIONAL PHILANTHROPIC TRUST</BusinessNameLine1Txt><RecipientEIN>237825575</RecipientEIN><CashGrantAmt>8594628</CashGrantAmt><PurposeOfGrantTxt>FOR RECIPIENT'S EXEMPT PURPOSE</PurposeOfGrantTxt>,2026-09-16T10:21:56Z,CashGrantAmt=8594628 to EIN 237825575; purpose=FOR RECIPIENT'S EXEMPT PURPOSE,1,FY2026 Form 990 original due 2026-11-16,"Schedule I Part II names the recipient sponsor and CashGrantAmt; it has no account-principal, donor, or adviser field, so a grant that moves an account family is not labelled as such on the return. NonCashAssistanceAmt is a different money fact and is not summed into amount_usd.","Primary research/primary/MD38-daf-sponsor-schedules/xml-vanguard-202406-202511349349313096-excerpt.xml-20260916T094302Z. Filing fields: RecipientEIN, CashGrantAmt, PurposeOfGrantTxt. STATE.md read-first; not an MD11 METR/ARC recopy. Legal entities unmerged (sponsor vs DAF account vs recipient charity). money_type=filed_grant, not summed with the SVCF audit transfer figure."
90,B,MDF,C07.E2;C07.E3;C02.E3,Vanguard Charitable Endowment Program FY2024 (2023-07-01 to 2024-06-30) Schedule I cash grant to Donor Advised Charitable Giving Inc,DAF sponsor,Vanguard Charitable,202511349349313096,Vanguard Charitable Endowment Program,,Donor Advised Charitable Giving Inc,DAF sponsor-to-sponsor filed grant,2023-07-01,2024-06-30,,filed_grant,29603374,USD,2024-06-30,interval,FY2024 (2023-07-01 to 2024-06-30),filed as granted,FOR RECIPIENT'S EXEMPT PURPOSE,,,,,,,,,,,yes,DAF sponsor filings,"GET https://gt990datalake-rawdata.s3.amazonaws.com/EfileData/XmlFiles/202511349349313096_public.xml; IRS990ScheduleI RecipientTable filter RecipientEIN in {205205488,232888152,110303001,311640316,237825575} excluding filer",https://gt990datalake-rawdata.s3.amazonaws.com/EfileData/XmlFiles/202511349349313096_public.xml,<BusinessNameLine1Txt>SCHWAB CHARITABLE FUND</BusinessNameLine1Txt><RecipientEIN>311640316</RecipientEIN><CashGrantAmt>29603374</CashGrantAmt><PurposeOfGrantTxt>FOR RECIPIENT'S EXEMPT PURPOSE</PurposeOfGrantTxt>,2026-09-16T10:21:56Z,CashGrantAmt=29603374 to EIN 311640316; purpose=FOR RECIPIENT'S EXEMPT PURPOSE,1,FY2026 Form 990 original due 2026-11-16,"Schedule I Part II names the recipient sponsor and CashGrantAmt; it has no account-principal, donor, or adviser field, so a grant that moves an account family is not labelled as such on the return. NonCashAssistanceAmt is a different money fact and is not summed into amount_usd.","Primary research/primary/MD38-daf-sponsor-schedules/xml-vanguard-202406-202511349349313096-excerpt.xml-20260916T094302Z. Filing fields: RecipientEIN, CashGrantAmt, PurposeOfGrantTxt. STATE.md read-first; not an MD11 METR/ARC recopy. Legal entities unmerged (sponsor vs DAF account vs recipient charity). money_type=filed_grant, not summed with the SVCF audit transfer figure."
91,B,MDF,C07.E2;C07.E3;C02.E3,Vanguard Charitable Endowment Program FY2024 (2023-07-01 to 2024-06-30) Schedule I cash grant to Silicon Valley Community Foundation,DAF sponsor,Vanguard Charitable,202511349349313096,Vanguard Charitable Endowment Program,,Silicon Valley Community Foundation,DAF sponsor-to-sponsor filed grant,2023-07-01,2024-06-30,,filed_grant,453000,USD,2024-06-30,interval,FY2024 (2023-07-01 to 2024-06-30),filed as granted,FOR RECIPIENT'S EXEMPT PURPOSE,,,,,,,,,,,yes,DAF sponsor filings,"GET https://gt990datalake-rawdata.s3.amazonaws.com/EfileData/XmlFiles/202511349349313096_public.xml; IRS990ScheduleI RecipientTable filter RecipientEIN in {205205488,232888152,110303001,311640316,237825575} excluding filer",https://gt990datalake-rawdata.s3.amazonaws.com/EfileData/XmlFiles/202511349349313096_public.xml,<BusinessNameLine1Txt>SILICON VALLEY COMMUNITY FOUNDATION</BusinessNameLine1Txt><RecipientEIN>205205488</RecipientEIN><CashGrantAmt>453000</CashGrantAmt><PurposeOfGrantTxt>FOR RECIPIENT'S EXEMPT PURPOSE</PurposeOfGrantTxt>,2026-09-16T10:21:56Z,CashGrantAmt=453000 to EIN 205205488; purpose=FOR RECIPIENT'S EXEMPT PURPOSE,1,FY2026 Form 990 original due 2026-11-16,"Schedule I Part II names the recipient sponsor and CashGrantAmt; it has no account-principal, donor, or adviser field, so a grant that moves an account family is not labelled as such on the return. NonCashAssistanceAmt is a different money fact and is not summed into amount_usd.","Primary research/primary/MD38-daf-sponsor-schedules/xml-vanguard-202406-202511349349313096-excerpt.xml-20260916T094302Z. Filing fields: RecipientEIN, CashGrantAmt, PurposeOfGrantTxt. STATE.md read-first; not an MD11 METR/ARC recopy. Legal entities unmerged (sponsor vs DAF account vs recipient charity). money_type=filed_grant, not summed with the SVCF audit transfer figure."
92,B,MDF,C07.E2;C07.E3;C02.E3,Fidelity Investments Charitable Gift Fund FY2023 (2022-07-01 to 2023-06-30) Schedule I cash grant to National Philanthropic Trust,DAF sponsor,Fidelity Charitable,202441369349301334,Fidelity Investments Charitable Gift Fund,,National Philanthropic Trust,DAF sponsor-to-sponsor filed grant,2022-07-01,2023-06-30,,filed_grant,194975525,USD,2023-06-30,interval,FY2023 (2022-07-01 to 2023-06-30),filed as granted,For grant recipient's exempt purposes,,,,,,,,,,,yes,DAF sponsor filings,"GET https://gt990datalake-rawdata.s3.amazonaws.com/EfileData/XmlFiles/202441369349301334_public.xml; IRS990ScheduleI RecipientTable filter RecipientEIN in {205205488,232888152,110303001,311640316,237825575} excluding filer",https://gt990datalake-rawdata.s3.amazonaws.com/EfileData/XmlFiles/202441369349301334_public.xml,<BusinessNameLine1Txt>NATIONAL PHILANTHROPIC TR</BusinessNameLine1Txt><RecipientEIN>237825575</RecipientEIN><CashGrantAmt>194975525</CashGrantAmt><PurposeOfGrantTxt>For grant recipient's exempt purposes</PurposeOfGrantTxt>,2026-09-16T10:21:56Z,CashGrantAmt=194975525 to EIN 237825575; purpose=For grant recipient's exempt purposes,1,FY2026 Form 990 original due 2026-11-16,"Schedule I Part II names the recipient sponsor and CashGrantAmt; it has no account-principal, donor, or adviser field, so a grant that moves an account family is not labelled as such on the return. NonCashAssistanceAmt is a different money fact and is not summed into amount_usd.","Primary research/primary/MD38-daf-sponsor-schedules/xml-fidelity-202306-202441369349301334-excerpt.xml-20260916T094302Z. Filing fields: RecipientEIN, CashGrantAmt, PurposeOfGrantTxt. STATE.md read-first; not an MD11 METR/ARC recopy. Legal entities unmerged (sponsor vs DAF account vs recipient charity). money_type=filed_grant, not summed with the SVCF audit transfer figure."
93,B,MDF,C07.E2;C07.E3;C02.E3,Fidelity Investments Charitable Gift Fund FY2023 (2022-07-01 to 2023-06-30) Schedule I cash grant to Donor Advised Charitable Giving Inc,DAF sponsor,Fidelity Charitable,202441369349301334,Fidelity Investments Charitable Gift Fund,,Donor Advised Charitable Giving Inc,DAF sponsor-to-sponsor filed grant,2022-07-01,2023-06-30,,filed_grant,183131878,USD,2023-06-30,interval,FY2023 (2022-07-01 to 2023-06-30),filed as granted,For grant recipient's exempt purposes,,,,,,,,,,,yes,DAF sponsor filings,"GET https://gt990datalake-rawdata.s3.amazonaws.com/EfileData/XmlFiles/202441369349301334_public.xml; IRS990ScheduleI RecipientTable filter RecipientEIN in {205205488,232888152,110303001,311640316,237825575} excluding filer",https://gt990datalake-rawdata.s3.amazonaws.com/EfileData/XmlFiles/202441369349301334_public.xml,<BusinessNameLine1Txt>SCHWAB CHARITABLE FUND</BusinessNameLine1Txt><RecipientEIN>311640316</RecipientEIN><CashGrantAmt>183131878</CashGrantAmt><PurposeOfGrantTxt>For grant recipient's exempt purposes</PurposeOfGrantTxt>,2026-09-16T10:21:56Z,CashGrantAmt=183131878 to EIN 311640316; purpose=For grant recipient's exempt purposes,1,FY2026 Form 990 original due 2026-11-16,"Schedule I Part II names the recipient sponsor and CashGrantAmt; it has no account-principal, donor, or adviser field, so a grant that moves an account family is not labelled as such on the return. NonCashAssistanceAmt is a different money fact and is not summed into amount_usd. NonCashAssistanceAmt=193676 recorded only in this limitation.","Primary research/primary/MD38-daf-sponsor-schedules/xml-fidelity-202306-202441369349301334-excerpt.xml-20260916T094302Z. Filing fields: RecipientEIN, CashGrantAmt, PurposeOfGrantTxt. STATE.md read-first; not an MD11 METR/ARC recopy. Legal entities unmerged (sponsor vs DAF account vs recipient charity). money_type=filed_grant, not summed with the SVCF audit transfer figure."
94,B,MDF,C07.E2;C07.E3;C02.E3,Fidelity Investments Charitable Gift Fund FY2023 (2022-07-01 to 2023-06-30) Schedule I cash grant to Silicon Valley Community Foundation,DAF sponsor,Fidelity Charitable,202441369349301334,Fidelity Investments Charitable Gift Fund,,Silicon Valley Community Foundation,DAF sponsor-to-sponsor filed grant,2022-07-01,2023-06-30,,filed_grant,15669854,USD,2023-06-30,interval,FY2023 (2022-07-01 to 2023-06-30),filed as granted,For grant recipient's exempt purposes,,,,,,,,,,,yes,DAF sponsor filings,"GET https://gt990datalake-rawdata.s3.amazonaws.com/EfileData/XmlFiles/202441369349301334_public.xml; IRS990ScheduleI RecipientTable filter RecipientEIN in {205205488,232888152,110303001,311640316,237825575} excluding filer",https://gt990datalake-rawdata.s3.amazonaws.com/EfileData/XmlFiles/202441369349301334_public.xml,<BusinessNameLine1Txt>SILICON VALLEY COMMUNITY FOUNDATION</BusinessNameLine1Txt><RecipientEIN>205205488</RecipientEIN><CashGrantAmt>15669854</CashGrantAmt><PurposeOfGrantTxt>For grant recipient's exempt purposes</PurposeOfGrantTxt>,2026-09-16T10:21:56Z,CashGrantAmt=15669854 to EIN 205205488; purpose=For grant recipient's exempt purposes,1,FY2026 Form 990 original due 2026-11-16,"Schedule I Part II names the recipient sponsor and CashGrantAmt; it has no account-principal, donor, or adviser field, so a grant that moves an account family is not labelled as such on the return. NonCashAssistanceAmt is a different money fact and is not summed into amount_usd.","Primary research/primary/MD38-daf-sponsor-schedules/xml-fidelity-202306-202441369349301334-excerpt.xml-20260916T094302Z. Filing fields: RecipientEIN, CashGrantAmt, PurposeOfGrantTxt. STATE.md read-first; not an MD11 METR/ARC recopy. Legal entities unmerged (sponsor vs DAF account vs recipient charity). money_type=filed_grant, not summed with the SVCF audit transfer figure."
95,B,MDF,C07.E2;C07.E3;C02.E3,Fidelity Investments Charitable Gift Fund FY2023 (2022-07-01 to 2023-06-30) Schedule I cash grant to Vanguard Charitable Endowment Program,DAF sponsor,Fidelity Charitable,202441369349301334,Fidelity Investments Charitable Gift Fund,,Vanguard Charitable Endowment Program,DAF sponsor-to-sponsor filed grant,2022-07-01,2023-06-30,,filed_grant,10634088,USD,2023-06-30,interval,FY2023 (2022-07-01 to 2023-06-30),filed as granted,For grant recipient's exempt purposes,,,,,,,,,,,yes,DAF sponsor filings,"GET https://gt990datalake-rawdata.s3.amazonaws.com/EfileData/XmlFiles/202441369349301334_public.xml; IRS990ScheduleI RecipientTable filter RecipientEIN in {205205488,232888152,110303001,311640316,237825575} excluding filer",https://gt990datalake-rawdata.s3.amazonaws.com/EfileData/XmlFiles/202441369349301334_public.xml,<BusinessNameLine1Txt>VANGUARD CHARITABLE ENDOWMENT PROGRAM</BusinessNameLine1Txt><RecipientEIN>232888152</RecipientEIN><CashGrantAmt>10634088</CashGrantAmt><PurposeOfGrantTxt>For grant recipient's exempt purposes</PurposeOfGrantTxt>,2026-09-16T10:21:56Z,CashGrantAmt=10634088 to EIN 232888152; purpose=For grant recipient's exempt purposes,1,FY2026 Form 990 original due 2026-11-16,"Schedule I Part II names the recipient sponsor and CashGrantAmt; it has no account-principal, donor, or adviser field, so a grant that moves an account family is not labelled as such on the return. NonCashAssistanceAmt is a different money fact and is not summed into amount_usd.","Primary research/primary/MD38-daf-sponsor-schedules/xml-fidelity-202306-202441369349301334-excerpt.xml-20260916T094302Z. Filing fields: RecipientEIN, CashGrantAmt, PurposeOfGrantTxt. STATE.md read-first; not an MD11 METR/ARC recopy. Legal entities unmerged (sponsor vs DAF account vs recipient charity). money_type=filed_grant, not summed with the SVCF audit transfer figure."
96,B,MDF,C07.E2;C07.E3;C02.E3,Fidelity Investments Charitable Gift Fund FY2024 (2023-07-01 to 2024-06-30) Schedule I cash grant to National Philanthropic Trust,DAF sponsor,Fidelity Charitable,202521349349310887,Fidelity Investments Charitable Gift Fund,,National Philanthropic Trust,DAF sponsor-to-sponsor filed grant,2023-07-01,2024-06-30,,filed_grant,153263488,USD,2024-06-30,interval,FY2024 (2023-07-01 to 2024-06-30),filed as granted,For grant recipient's exempt purposes,,,,,,,,,,,yes,DAF sponsor filings,"GET https://gt990datalake-rawdata.s3.amazonaws.com/EfileData/XmlFiles/202521349349310887_public.xml; IRS990ScheduleI RecipientTable filter RecipientEIN in {205205488,232888152,110303001,311640316,237825575} excluding filer",https://gt990datalake-rawdata.s3.amazonaws.com/EfileData/XmlFiles/202521349349310887_public.xml,<BusinessNameLine1Txt>NATIONAL PHILANTHROPIC TR</BusinessNameLine1Txt><RecipientEIN>237825575</RecipientEIN><CashGrantAmt>153263488</CashGrantAmt><PurposeOfGrantTxt>For grant recipient's exempt purposes</PurposeOfGrantTxt>,2026-09-16T10:21:56Z,CashGrantAmt=153263488 to EIN 237825575; purpose=For grant recipient's exempt purposes,1,FY2026 Form 990 original due 2026-11-16,"Schedule I Part II names the recipient sponsor and CashGrantAmt; it has no account-principal, donor, or adviser field, so a grant that moves an account family is not labelled as such on the return. NonCashAssistanceAmt is a different money fact and is not summed into amount_usd.","Primary research/primary/MD38-daf-sponsor-schedules/xml-fidelity-202406-202521349349310887-excerpt.xml-20260916T094302Z. Filing fields: RecipientEIN, CashGrantAmt, PurposeOfGrantTxt. STATE.md read-first; not an MD11 METR/ARC recopy. Legal entities unmerged (sponsor vs DAF account vs recipient charity). money_type=filed_grant, not summed with the SVCF audit transfer figure."
97,B,MDF,C07.E2;C07.E3;C02.E3,Fidelity Investments Charitable Gift Fund FY2024 (2023-07-01 to 2024-06-30) Schedule I cash grant to Donor Advised Charitable Giving Inc,DAF sponsor,Fidelity Charitable,202521349349310887,Fidelity Investments Charitable Gift Fund,,Donor Advised Charitable Giving Inc,DAF sponsor-to-sponsor filed grant,2023-07-01,2024-06-30,,filed_grant,100913919,USD,2024-06-30,interval,FY2024 (2023-07-01 to 2024-06-30),filed as granted,For grant recipient's exempt purposes,,,,,,,,,,,yes,DAF sponsor filings,"GET https://gt990datalake-rawdata.s3.amazonaws.com/EfileData/XmlFiles/202521349349310887_public.xml; IRS990ScheduleI RecipientTable filter RecipientEIN in {205205488,232888152,110303001,311640316,237825575} excluding filer",https://gt990datalake-rawdata.s3.amazonaws.com/EfileData/XmlFiles/202521349349310887_public.xml,<BusinessNameLine1Txt>SCHWAB CHARITABLE FUND</BusinessNameLine1Txt><RecipientEIN>311640316</RecipientEIN><CashGrantAmt>100913919</CashGrantAmt><PurposeOfGrantTxt>For grant recipient's exempt purposes</PurposeOfGrantTxt>,2026-09-16T10:21:56Z,CashGrantAmt=100913919 to EIN 311640316; purpose=For grant recipient's exempt purposes,1,FY2026 Form 990 original due 2026-11-16,"Schedule I Part II names the recipient sponsor and CashGrantAmt; it has no account-principal, donor, or adviser field, so a grant that moves an account family is not labelled as such on the return. NonCashAssistanceAmt is a different money fact and is not summed into amount_usd.","Primary research/primary/MD38-daf-sponsor-schedules/xml-fidelity-202406-202521349349310887-excerpt.xml-20260916T094302Z. Filing fields: RecipientEIN, CashGrantAmt, PurposeOfGrantTxt. STATE.md read-first; not an MD11 METR/ARC recopy. Legal entities unmerged (sponsor vs DAF account vs recipient charity). money_type=filed_grant, not summed with the SVCF audit transfer figure."
98,B,MDF,C07.E2;C07.E3;C02.E3,Fidelity Investments Charitable Gift Fund FY2024 (2023-07-01 to 2024-06-30) Schedule I cash grant to Silicon Valley Community Foundation,DAF sponsor,Fidelity Charitable,202521349349310887,Fidelity Investments Charitable Gift Fund,,Silicon Valley Community Foundation,DAF sponsor-to-sponsor filed grant,2023-07-01,2024-06-30,,filed_grant,29017360,USD,2024-06-30,interval,FY2024 (2023-07-01 to 2024-06-30),filed as granted,For grant recipient's exempt purposes,,,,,,,,,,,yes,DAF sponsor filings,"GET https://gt990datalake-rawdata.s3.amazonaws.com/EfileData/XmlFiles/202521349349310887_public.xml; IRS990ScheduleI RecipientTable filter RecipientEIN in {205205488,232888152,110303001,311640316,237825575} excluding filer",https://gt990datalake-rawdata.s3.amazonaws.com/EfileData/XmlFiles/202521349349310887_public.xml,<BusinessNameLine1Txt>SILICON VALLEY COMMUNITY FOUNDATION</BusinessNameLine1Txt><RecipientEIN>205205488</RecipientEIN><CashGrantAmt>29017360</CashGrantAmt><PurposeOfGrantTxt>For grant recipient's exempt purposes</PurposeOfGrantTxt>,2026-09-16T10:21:56Z,CashGrantAmt=29017360 to EIN 205205488; purpose=For grant recipient's exempt purposes,1,FY2026 Form 990 original due 2026-11-16,"Schedule I Part II names the recipient sponsor and CashGrantAmt; it has no account-principal, donor, or adviser field, so a grant that moves an account family is not labelled as such on the return. NonCashAssistanceAmt is a different money fact and is not summed into amount_usd.","Primary research/primary/MD38-daf-sponsor-schedules/xml-fidelity-202406-202521349349310887-excerpt.xml-20260916T094302Z. Filing fields: RecipientEIN, CashGrantAmt, PurposeOfGrantTxt. STATE.md read-first; not an MD11 METR/ARC recopy. Legal entities unmerged (sponsor vs DAF account vs recipient charity). money_type=filed_grant, not summed with the SVCF audit transfer figure."
99,B,MDF,C07.E2;C07.E3;C02.E3,Fidelity Investments Charitable Gift Fund FY2024 (2023-07-01 to 2024-06-30) Schedule I cash grant to Vanguard Charitable Endowment Program,DAF sponsor,Fidelity Charitable,202521349349310887,Fidelity Investments Charitable Gift Fund,,Vanguard Charitable Endowment Program,DAF sponsor-to-sponsor filed grant,2023-07-01,2024-06-30,,filed_grant,21738778,USD,2024-06-30,interval,FY2024 (2023-07-01 to 2024-06-30),filed as granted,For grant recipient's exempt purposes,,,,,,,,,,,yes,DAF sponsor filings,"GET https://gt990datalake-rawdata.s3.amazonaws.com/EfileData/XmlFiles/202521349349310887_public.xml; IRS990ScheduleI RecipientTable filter RecipientEIN in {205205488,232888152,110303001,311640316,237825575} excluding filer",https://gt990datalake-rawdata.s3.amazonaws.com/EfileData/XmlFiles/202521349349310887_public.xml,<BusinessNameLine1Txt>VANGUARD CHARITABLE ENDOWMENT PROGRAM</BusinessNameLine1Txt><RecipientEIN>232888152</RecipientEIN><CashGrantAmt>21738778</CashGrantAmt><PurposeOfGrantTxt>For grant recipient's exempt purposes</PurposeOfGrantTxt>,2026-09-16T10:21:56Z,CashGrantAmt=21738778 to EIN 232888152; purpose=For grant recipient's exempt purposes,1,FY2026 Form 990 original due 2026-11-16,"Schedule I Part II names the recipient sponsor and CashGrantAmt; it has no account-principal, donor, or adviser field, so a grant that moves an account family is not labelled as such on the return. NonCashAssistanceAmt is a different money fact and is not summed into amount_usd.","Primary research/primary/MD38-daf-sponsor-schedules/xml-fidelity-202406-202521349349310887-excerpt.xml-20260916T094302Z. Filing fields: RecipientEIN, CashGrantAmt, PurposeOfGrantTxt. STATE.md read-first; not an MD11 METR/ARC recopy. Legal entities unmerged (sponsor vs DAF account vs recipient charity). money_type=filed_grant, not summed with the SVCF audit transfer figure."
100,B,MDF,C07.E2;C07.E3;C02.E3,Fidelity Investments Charitable Gift Fund FY2025 (2024-07-01 to 2025-06-30) Schedule I cash grant to Vanguard Charitable Endowment Program,DAF sponsor,Fidelity Charitable,202601389349301700,Fidelity Investments Charitable Gift Fund,,Vanguard Charitable Endowment Program,DAF sponsor-to-sponsor filed grant,2024-07-01,2025-06-30,,filed_grant,480068133,USD,2025-06-30,interval,FY2025 (2024-07-01 to 2025-06-30),filed as granted,For grant recipient's exempt purposes,,,,,,,,,,,yes,DAF sponsor filings,"GET https://gt990datalake-rawdata.s3.amazonaws.com/EfileData/XmlFiles/202601389349301700_public.xml; IRS990ScheduleI RecipientTable filter RecipientEIN in {205205488,232888152,110303001,311640316,237825575} excluding filer",https://gt990datalake-rawdata.s3.amazonaws.com/EfileData/XmlFiles/202601389349301700_public.xml,<BusinessNameLine1Txt>VANGUARD CHARITABLE ENDOWMENT PROGRAM</BusinessNameLine1Txt><RecipientEIN>232888152</RecipientEIN><CashGrantAmt>480068133</CashGrantAmt><PurposeOfGrantTxt>For grant recipient's exempt purposes</PurposeOfGrantTxt>,2026-09-16T10:21:56Z,CashGrantAmt=480068133 to EIN 232888152; purpose=For grant recipient's exempt purposes,1,FY2026 Form 990 original due 2026-11-16,"Schedule I Part II names the recipient sponsor and CashGrantAmt; it has no account-principal, donor, or adviser field, so a grant that moves an account family is not labelled as such on the return. NonCashAssistanceAmt is a different money fact and is not summed into amount_usd.","Primary research/primary/MD38-daf-sponsor-schedules/xml-fidelity-202506-202601389349301700-excerpt.xml-20260916T094302Z. Filing fields: RecipientEIN, CashGrantAmt, PurposeOfGrantTxt. STATE.md read-first; not an MD11 METR/ARC recopy. Legal entities unmerged (sponsor vs DAF account vs recipient charity). money_type=filed_grant, not summed with the SVCF audit transfer figure."
101,B,MDF,C07.E2;C07.E3;C02.E3,Fidelity Investments Charitable Gift Fund FY2025 (2024-07-01 to 2025-06-30) Schedule I cash grant to National Philanthropic Trust,DAF sponsor,Fidelity Charitable,202601389349301700,Fidelity Investments Charitable Gift Fund,,National Philanthropic Trust,DAF sponsor-to-sponsor filed grant,2024-07-01,2025-06-30,,filed_grant,346816520,USD,2025-06-30,interval,FY2025 (2024-07-01 to 2025-06-30),filed as granted,For grant recipient's exempt purposes,,,,,,,,,,,yes,DAF sponsor filings,"GET https://gt990datalake-rawdata.s3.amazonaws.com/EfileData/XmlFiles/202601389349301700_public.xml; IRS990ScheduleI RecipientTable filter RecipientEIN in {205205488,232888152,110303001,311640316,237825575} excluding filer",https://gt990datalake-rawdata.s3.amazonaws.com/EfileData/XmlFiles/202601389349301700_public.xml,<BusinessNameLine1Txt>NATIONAL PHILANTHROPIC TR</BusinessNameLine1Txt><RecipientEIN>237825575</RecipientEIN><CashGrantAmt>346816520</CashGrantAmt><PurposeOfGrantTxt>For grant recipient's exempt purposes</PurposeOfGrantTxt>,2026-09-16T10:21:56Z,CashGrantAmt=346816520 to EIN 237825575; purpose=For grant recipient's exempt purposes,1,FY2026 Form 990 original due 2026-11-16,"Schedule I Part II names the recipient sponsor and CashGrantAmt; it has no account-principal, donor, or adviser field, so a grant that moves an account family is not labelled as such on the return. NonCashAssistanceAmt is a different money fact and is not summed into amount_usd.","Primary research/primary/MD38-daf-sponsor-schedules/xml-fidelity-202506-202601389349301700-excerpt.xml-20260916T094302Z. Filing fields: RecipientEIN, CashGrantAmt, PurposeOfGrantTxt. STATE.md read-first; not an MD11 METR/ARC recopy. Legal entities unmerged (sponsor vs DAF account vs recipient charity). money_type=filed_grant, not summed with the SVCF audit transfer figure."
102,B,MDF,C07.E2;C07.E3;C02.E3,Fidelity Investments Charitable Gift Fund FY2025 (2024-07-01 to 2025-06-30) Schedule I cash grant to Silicon Valley Community Foundation,DAF sponsor,Fidelity Charitable,202601389349301700,Fidelity Investments Charitable Gift Fund,,Silicon Valley Community Foundation,DAF sponsor-to-sponsor filed grant,2024-07-01,2025-06-30,,filed_grant,147537286,USD,2025-06-30,interval,FY2025 (2024-07-01 to 2025-06-30),filed as granted,For grant recipient's exempt purposes,,,,,,,,,,,yes,DAF sponsor filings,"GET https://gt990datalake-rawdata.s3.amazonaws.com/EfileData/XmlFiles/202601389349301700_public.xml; IRS990ScheduleI RecipientTable filter RecipientEIN in {205205488,232888152,110303001,311640316,237825575} excluding filer",https://gt990datalake-rawdata.s3.amazonaws.com/EfileData/XmlFiles/202601389349301700_public.xml,<BusinessNameLine1Txt>SILICON VALLEY COMMUNITY FOUNDATION</BusinessNameLine1Txt><RecipientEIN>205205488</RecipientEIN><CashGrantAmt>147537286</CashGrantAmt><PurposeOfGrantTxt>For grant recipient's exempt purposes</PurposeOfGrantTxt>,2026-09-16T10:21:56Z,CashGrantAmt=147537286 to EIN 205205488; purpose=For grant recipient's exempt purposes,1,FY2026 Form 990 original due 2026-11-16,"Schedule I Part II names the recipient sponsor and CashGrantAmt; it has no account-principal, donor, or adviser field, so a grant that moves an account family is not labelled as such on the return. NonCashAssistanceAmt is a different money fact and is not summed into amount_usd.","Primary research/primary/MD38-daf-sponsor-schedules/xml-fidelity-202506-202601389349301700-excerpt.xml-20260916T094302Z. Filing fields: RecipientEIN, CashGrantAmt, PurposeOfGrantTxt. STATE.md read-first; not an MD11 METR/ARC recopy. Legal entities unmerged (sponsor vs DAF account vs recipient charity). money_type=filed_grant, not summed with the SVCF audit transfer figure."
103,B,MDF,C07.E2;C07.E3;C02.E3,Fidelity Investments Charitable Gift Fund FY2025 (2024-07-01 to 2025-06-30) Schedule I cash grant to Donor Advised Charitable Giving Inc,DAF sponsor,Fidelity Charitable,202601389349301700,Fidelity Investments Charitable Gift Fund,,Donor Advised Charitable Giving Inc,DAF sponsor-to-sponsor filed grant,2024-07-01,2025-06-30,,filed_grant,117840716,USD,2025-06-30,interval,FY2025 (2024-07-01 to 2025-06-30),filed as granted,For grant recipient's exempt purposes,,,,,,,,,,,yes,DAF sponsor filings,"GET https://gt990datalake-rawdata.s3.amazonaws.com/EfileData/XmlFiles/202601389349301700_public.xml; IRS990ScheduleI RecipientTable filter RecipientEIN in {205205488,232888152,110303001,311640316,237825575} excluding filer",https://gt990datalake-rawdata.s3.amazonaws.com/EfileData/XmlFiles/202601389349301700_public.xml,<BusinessNameLine1Txt>DONOR ADVISED CHARITABLE GIVING</BusinessNameLine1Txt><RecipientEIN>311640316</RecipientEIN><CashGrantAmt>117840716</CashGrantAmt><PurposeOfGrantTxt>For grant recipient's exempt purposes</PurposeOfGrantTxt>,2026-09-16T10:21:56Z,CashGrantAmt=117840716 to EIN 311640316; purpose=For grant recipient's exempt purposes,1,FY2026 Form 990 original due 2026-11-16,"Schedule I Part II names the recipient sponsor and CashGrantAmt; it has no account-principal, donor, or adviser field, so a grant that moves an account family is not labelled as such on the return. NonCashAssistanceAmt is a different money fact and is not summed into amount_usd.","Primary research/primary/MD38-daf-sponsor-schedules/xml-fidelity-202506-202601389349301700-excerpt.xml-20260916T094302Z. Filing fields: RecipientEIN, CashGrantAmt, PurposeOfGrantTxt. STATE.md read-first; not an MD11 METR/ARC recopy. Legal entities unmerged (sponsor vs DAF account vs recipient charity). money_type=filed_grant, not summed with the SVCF audit transfer figure."
104,B,MDF,C07.E2;C07.E3;C02.E3,Donor Advised Charitable Giving Inc FY2023 (2022-07-01 to 2023-06-30) Schedule I cash grant to Fidelity Investments Charitable Gift Fund,DAF sponsor,Schwab Charitable; DAFgiving360,202411039349301716,Donor Advised Charitable Giving Inc,,Fidelity Investments Charitable Gift Fund,DAF sponsor-to-sponsor filed grant,2022-07-01,2023-06-30,,filed_grant,120864512,USD,2023-06-30,interval,FY2023 (2022-07-01 to 2023-06-30),filed as granted,"PUBLIC, SOCIETAL BENEFIT",,,,,,,,,,,yes,DAF sponsor filings,"GET https://gt990datalake-rawdata.s3.amazonaws.com/EfileData/XmlFiles/202411039349301716_public.xml; IRS990ScheduleI RecipientTable filter RecipientEIN in {205205488,232888152,110303001,311640316,237825575} excluding filer",https://gt990datalake-rawdata.s3.amazonaws.com/EfileData/XmlFiles/202411039349301716_public.xml,"<BusinessNameLine1Txt>FIDELITY INVESTMENTS CHARITABLE GIFT FUND</BusinessNameLine1Txt><RecipientEIN>110303001</RecipientEIN><CashGrantAmt>120864512</CashGrantAmt><PurposeOfGrantTxt>PUBLIC, SOCIETAL BENEFIT</PurposeOfGrantTxt>",2026-09-16T10:21:56Z,"CashGrantAmt=120864512 to EIN 110303001; purpose=PUBLIC, SOCIETAL BENEFIT",1,FY2026 Form 990 original due 2026-11-16,"Schedule I Part II names the recipient sponsor and CashGrantAmt; it has no account-principal, donor, or adviser field, so a grant that moves an account family is not labelled as such on the return. NonCashAssistanceAmt is a different money fact and is not summed into amount_usd.","Primary research/primary/MD38-daf-sponsor-schedules/xml-schwab-202306-202411039349301716-excerpt.xml-20260916T094302Z. Filing fields: RecipientEIN, CashGrantAmt, PurposeOfGrantTxt. STATE.md read-first; not an MD11 METR/ARC recopy. Legal entities unmerged (sponsor vs DAF account vs recipient charity). money_type=filed_grant, not summed with the SVCF audit transfer figure."
105,B,MDF,C07.E2;C07.E3;C02.E3,Donor Advised Charitable Giving Inc FY2023 (2022-07-01 to 2023-06-30) Schedule I cash grant to Vanguard Charitable Endowment Program,DAF sponsor,Schwab Charitable; DAFgiving360,202411039349301716,Donor Advised Charitable Giving Inc,,Vanguard Charitable Endowment Program,DAF sponsor-to-sponsor filed grant,2022-07-01,2023-06-30,,filed_grant,26383102,USD,2023-06-30,interval,FY2023 (2022-07-01 to 2023-06-30),filed as granted,"PUBLIC, SOCIETAL BENEFIT",,,,,,,,,,,yes,DAF sponsor filings,"GET https://gt990datalake-rawdata.s3.amazonaws.com/EfileData/XmlFiles/202411039349301716_public.xml; IRS990ScheduleI RecipientTable filter RecipientEIN in {205205488,232888152,110303001,311640316,237825575} excluding filer",https://gt990datalake-rawdata.s3.amazonaws.com/EfileData/XmlFiles/202411039349301716_public.xml,"<BusinessNameLine1Txt>VANGUARD CHARITABLE ENDOWMENT PROGRAM</BusinessNameLine1Txt><RecipientEIN>232888152</RecipientEIN><CashGrantAmt>26383102</CashGrantAmt><PurposeOfGrantTxt>PUBLIC, SOCIETAL BENEFIT</PurposeOfGrantTxt>",2026-09-16T10:21:56Z,"CashGrantAmt=26383102 to EIN 232888152; purpose=PUBLIC, SOCIETAL BENEFIT",1,FY2026 Form 990 original due 2026-11-16,"Schedule I Part II names the recipient sponsor and CashGrantAmt; it has no account-principal, donor, or adviser field, so a grant that moves an account family is not labelled as such on the return. NonCashAssistanceAmt is a different money fact and is not summed into amount_usd.","Primary research/primary/MD38-daf-sponsor-schedules/xml-schwab-202306-202411039349301716-excerpt.xml-20260916T094302Z. Filing fields: RecipientEIN, CashGrantAmt, PurposeOfGrantTxt. STATE.md read-first; not an MD11 METR/ARC recopy. Legal entities unmerged (sponsor vs DAF account vs recipient charity). money_type=filed_grant, not summed with the SVCF audit transfer figure."
106,B,MDF,C07.E2;C07.E3;C02.E3,Donor Advised Charitable Giving Inc FY2023 (2022-07-01 to 2023-06-30) Schedule I cash grant to National Philanthropic Trust,DAF sponsor,Schwab Charitable; DAFgiving360,202411039349301716,Donor Advised Charitable Giving Inc,,National Philanthropic Trust,DAF sponsor-to-sponsor filed grant,2022-07-01,2023-06-30,,filed_grant,14713511,USD,2023-06-30,interval,FY2023 (2022-07-01 to 2023-06-30),filed as granted,"PUBLIC, SOCIETAL BENEFIT",,,,,,,,,,,yes,DAF sponsor filings,"GET https://gt990datalake-rawdata.s3.amazonaws.com/EfileData/XmlFiles/202411039349301716_public.xml; IRS990ScheduleI RecipientTable filter RecipientEIN in {205205488,232888152,110303001,311640316,237825575} excluding filer",https://gt990datalake-rawdata.s3.amazonaws.com/EfileData/XmlFiles/202411039349301716_public.xml,"<BusinessNameLine1Txt>NATIONAL PHILANTHROPIC TRUST</BusinessNameLine1Txt><RecipientEIN>237825575</RecipientEIN><CashGrantAmt>14713511</CashGrantAmt><PurposeOfGrantTxt>PUBLIC, SOCIETAL BENEFIT</PurposeOfGrantTxt>",2026-09-16T10:21:56Z,"CashGrantAmt=14713511 to EIN 237825575; purpose=PUBLIC, SOCIETAL BENEFIT",1,FY2026 Form 990 original due 2026-11-16,"Schedule I Part II names the recipient sponsor and CashGrantAmt; it has no account-principal, donor, or adviser field, so a grant that moves an account family is not labelled as such on the return. NonCashAssistanceAmt is a different money fact and is not summed into amount_usd.","Primary research/primary/MD38-daf-sponsor-schedules/xml-schwab-202306-202411039349301716-excerpt.xml-20260916T094302Z. Filing fields: RecipientEIN, CashGrantAmt, PurposeOfGrantTxt. STATE.md read-first; not an MD11 METR/ARC recopy. Legal entities unmerged (sponsor vs DAF account vs recipient charity). money_type=filed_grant, not summed with the SVCF audit transfer figure."
107,B,MDF,C07.E2;C07.E3;C02.E3,Donor Advised Charitable Giving Inc FY2023 (2022-07-01 to 2023-06-30) Schedule I cash grant to Silicon Valley Community Foundation,DAF sponsor,Schwab Charitable; DAFgiving360,202411039349301716,Donor Advised Charitable Giving Inc,,Silicon Valley Community Foundation,DAF sponsor-to-sponsor filed grant,2022-07-01,2023-06-30,,filed_grant,992325,USD,2023-06-30,interval,FY2023 (2022-07-01 to 2023-06-30),filed as granted,"PUBLIC, SOCIETAL BENEFIT",,,,,,,,,,,yes,DAF sponsor filings,"GET https://gt990datalake-rawdata.s3.amazonaws.com/EfileData/XmlFiles/202411039349301716_public.xml; IRS990ScheduleI RecipientTable filter RecipientEIN in {205205488,232888152,110303001,311640316,237825575} excluding filer",https://gt990datalake-rawdata.s3.amazonaws.com/EfileData/XmlFiles/202411039349301716_public.xml,"<BusinessNameLine1Txt>SILICON VALLEY COMMUNITY FOUNDATION</BusinessNameLine1Txt><RecipientEIN>205205488</RecipientEIN><CashGrantAmt>992325</CashGrantAmt><PurposeOfGrantTxt>PUBLIC, SOCIETAL BENEFIT</PurposeOfGrantTxt>",2026-09-16T10:21:56Z,"CashGrantAmt=992325 to EIN 205205488; purpose=PUBLIC, SOCIETAL BENEFIT",1,FY2026 Form 990 original due 2026-11-16,"Schedule I Part II names the recipient sponsor and CashGrantAmt; it has no account-principal, donor, or adviser field, so a grant that moves an account family is not labelled as such on the return. NonCashAssistanceAmt is a different money fact and is not summed into amount_usd.","Primary research/primary/MD38-daf-sponsor-schedules/xml-schwab-202306-202411039349301716-excerpt.xml-20260916T094302Z. Filing fields: RecipientEIN, CashGrantAmt, PurposeOfGrantTxt. STATE.md read-first; not an MD11 METR/ARC recopy. Legal entities unmerged (sponsor vs DAF account vs recipient charity). money_type=filed_grant, not summed with the SVCF audit transfer figure."
108,B,MDF,C07.E2;C07.E3;C02.E3,Donor Advised Charitable Giving Inc FY2024 (2023-07-01 to 2024-06-30) Schedule I cash grant to National Philanthropic Trust,DAF sponsor,Schwab Charitable; DAFgiving360,202541069349300729,Donor Advised Charitable Giving Inc,,National Philanthropic Trust,DAF sponsor-to-sponsor filed grant,2023-07-01,2024-06-30,,filed_grant,249117686,USD,2024-06-30,interval,FY2024 (2023-07-01 to 2024-06-30),filed as granted,"PUBLIC, SOCIETAL BENEFIT",,,,,,,,,,,yes,DAF sponsor filings,"GET https://gt990datalake-rawdata.s3.amazonaws.com/EfileData/XmlFiles/202541069349300729_public.xml; IRS990ScheduleI RecipientTable filter RecipientEIN in {205205488,232888152,110303001,311640316,237825575} excluding filer",https://gt990datalake-rawdata.s3.amazonaws.com/EfileData/XmlFiles/202541069349300729_public.xml,"<BusinessNameLine1Txt>NATIONAL PHILANTHROPIC TRUST</BusinessNameLine1Txt><RecipientEIN>237825575</RecipientEIN><CashGrantAmt>249117686</CashGrantAmt><PurposeOfGrantTxt>PUBLIC, SOCIETAL BENEFIT</PurposeOfGrantTxt>",2026-09-16T10:21:56Z,"CashGrantAmt=249117686 to EIN 237825575; purpose=PUBLIC, SOCIETAL BENEFIT",1,FY2026 Form 990 original due 2026-11-16,"Schedule I Part II names the recipient sponsor and CashGrantAmt; it has no account-principal, donor, or adviser field, so a grant that moves an account family is not labelled as such on the return. NonCashAssistanceAmt is a different money fact and is not summed into amount_usd.","Primary research/primary/MD38-daf-sponsor-schedules/xml-schwab-202406-202541069349300729-excerpt.xml-20260916T094302Z. Filing fields: RecipientEIN, CashGrantAmt, PurposeOfGrantTxt. STATE.md read-first; not an MD11 METR/ARC recopy. Legal entities unmerged (sponsor vs DAF account vs recipient charity). money_type=filed_grant, not summed with the SVCF audit transfer figure."
109,B,MDF,C07.E2;C07.E3;C02.E3,Donor Advised Charitable Giving Inc FY2024 (2023-07-01 to 2024-06-30) Schedule I cash grant to Fidelity Investments Charitable Gift Fund,DAF sponsor,Schwab Charitable; DAFgiving360,202541069349300729,Donor Advised Charitable Giving Inc,,Fidelity Investments Charitable Gift Fund,DAF sponsor-to-sponsor filed grant,2023-07-01,2024-06-30,,filed_grant,127700997,USD,2024-06-30,interval,FY2024 (2023-07-01 to 2024-06-30),filed as granted,"PUBLIC, SOCIETAL BENEFIT",,,,,,,,,,,yes,DAF sponsor filings,"GET https://gt990datalake-rawdata.s3.amazonaws.com/EfileData/XmlFiles/202541069349300729_public.xml; IRS990ScheduleI RecipientTable filter RecipientEIN in {205205488,232888152,110303001,311640316,237825575} excluding filer",https://gt990datalake-rawdata.s3.amazonaws.com/EfileData/XmlFiles/202541069349300729_public.xml,"<BusinessNameLine1Txt>FIDELITY INVESTMENTS CHARITABLE GIFT FUND</BusinessNameLine1Txt><RecipientEIN>110303001</RecipientEIN><CashGrantAmt>127700997</CashGrantAmt><PurposeOfGrantTxt>PUBLIC, SOCIETAL BENEFIT</PurposeOfGrantTxt>",2026-09-16T10:21:56Z,"CashGrantAmt=127700997 to EIN 110303001; purpose=PUBLIC, SOCIETAL BENEFIT",1,FY2026 Form 990 original due 2026-11-16,"Schedule I Part II names the recipient sponsor and CashGrantAmt; it has no account-principal, donor, or adviser field, so a grant that moves an account family is not labelled as such on the return. NonCashAssistanceAmt is a different money fact and is not summed into amount_usd.","Primary research/primary/MD38-daf-sponsor-schedules/xml-schwab-202406-202541069349300729-excerpt.xml-20260916T094302Z. Filing fields: RecipientEIN, CashGrantAmt, PurposeOfGrantTxt. STATE.md read-first; not an MD11 METR/ARC recopy. Legal entities unmerged (sponsor vs DAF account vs recipient charity). money_type=filed_grant, not summed with the SVCF audit transfer figure."
110,B,MDF,C07.E2;C07.E3;C02.E3,Donor Advised Charitable Giving Inc FY2024 (2023-07-01 to 2024-06-30) Schedule I cash grant to Vanguard Charitable Endowment Program,DAF sponsor,Schwab Charitable; DAFgiving360,202541069349300729,Donor Advised Charitable Giving Inc,,Vanguard Charitable Endowment Program,DAF sponsor-to-sponsor filed grant,2023-07-01,2024-06-30,,filed_grant,4051608,USD,2024-06-30,interval,FY2024 (2023-07-01 to 2024-06-30),filed as granted,"PUBLIC, SOCIETAL BENEFIT",,,,,,,,,,,yes,DAF sponsor filings,"GET https://gt990datalake-rawdata.s3.amazonaws.com/EfileData/XmlFiles/202541069349300729_public.xml; IRS990ScheduleI RecipientTable filter RecipientEIN in {205205488,232888152,110303001,311640316,237825575} excluding filer",https://gt990datalake-rawdata.s3.amazonaws.com/EfileData/XmlFiles/202541069349300729_public.xml,"<BusinessNameLine1Txt>VANGUARD CHARITABLE ENDOWMENT PROGRAM</BusinessNameLine1Txt><RecipientEIN>232888152</RecipientEIN><CashGrantAmt>4051608</CashGrantAmt><PurposeOfGrantTxt>PUBLIC, SOCIETAL BENEFIT</PurposeOfGrantTxt>",2026-09-16T10:21:56Z,"CashGrantAmt=4051608 to EIN 232888152; purpose=PUBLIC, SOCIETAL BENEFIT",1,FY2026 Form 990 original due 2026-11-16,"Schedule I Part II names the recipient sponsor and CashGrantAmt; it has no account-principal, donor, or adviser field, so a grant that moves an account family is not labelled as such on the return. NonCashAssistanceAmt is a different money fact and is not summed into amount_usd.","Primary research/primary/MD38-daf-sponsor-schedules/xml-schwab-202406-202541069349300729-excerpt.xml-20260916T094302Z. Filing fields: RecipientEIN, CashGrantAmt, PurposeOfGrantTxt. STATE.md read-first; not an MD11 METR/ARC recopy. Legal entities unmerged (sponsor vs DAF account vs recipient charity). money_type=filed_grant, not summed with the SVCF audit transfer figure."
111,B,MDF,C07.E2;C07.E3;C02.E3,Donor Advised Charitable Giving Inc FY2024 (2023-07-01 to 2024-06-30) Schedule I cash grant to Silicon Valley Community Foundation,DAF sponsor,Schwab Charitable; DAFgiving360,202541069349300729,Donor Advised Charitable Giving Inc,,Silicon Valley Community Foundation,DAF sponsor-to-sponsor filed grant,2023-07-01,2024-06-30,,filed_grant,519200,USD,2024-06-30,interval,FY2024 (2023-07-01 to 2024-06-30),filed as granted,"PUBLIC, SOCIETAL BENEFIT",,,,,,,,,,,yes,DAF sponsor filings,"GET https://gt990datalake-rawdata.s3.amazonaws.com/EfileData/XmlFiles/202541069349300729_public.xml; IRS990ScheduleI RecipientTable filter RecipientEIN in {205205488,232888152,110303001,311640316,237825575} excluding filer",https://gt990datalake-rawdata.s3.amazonaws.com/EfileData/XmlFiles/202541069349300729_public.xml,"<BusinessNameLine1Txt>SILICON VALLEY COMMUNITY FOUNDATION</BusinessNameLine1Txt><RecipientEIN>205205488</RecipientEIN><CashGrantAmt>519200</CashGrantAmt><PurposeOfGrantTxt>PUBLIC, SOCIETAL BENEFIT</PurposeOfGrantTxt>",2026-09-16T10:21:56Z,"CashGrantAmt=519200 to EIN 205205488; purpose=PUBLIC, SOCIETAL BENEFIT",1,FY2026 Form 990 original due 2026-11-16,"Schedule I Part II names the recipient sponsor and CashGrantAmt; it has no account-principal, donor, or adviser field, so a grant that moves an account family is not labelled as such on the return. NonCashAssistanceAmt is a different money fact and is not summed into amount_usd.","Primary research/primary/MD38-daf-sponsor-schedules/xml-schwab-202406-202541069349300729-excerpt.xml-20260916T094302Z. Filing fields: RecipientEIN, CashGrantAmt, PurposeOfGrantTxt. STATE.md read-first; not an MD11 METR/ARC recopy. Legal entities unmerged (sponsor vs DAF account vs recipient charity). money_type=filed_grant, not summed with the SVCF audit transfer figure."
112,B,MDF,C07.E2;C07.E3;C02.E3,Donor Advised Charitable Giving Inc FY2025 (2024-07-01 to 2025-06-30) Schedule I cash grant to Fidelity Investments Charitable Gift Fund,DAF sponsor,Schwab Charitable; DAFgiving360,202611199349300601,Donor Advised Charitable Giving Inc,,Fidelity Investments Charitable Gift Fund,DAF sponsor-to-sponsor filed grant,2024-07-01,2025-06-30,,filed_grant,976570217,USD,2025-06-30,interval,FY2025 (2024-07-01 to 2025-06-30),filed as granted,"PUBLIC, SOCIETAL BENEFIT",,,,,,,,,,,yes,DAF sponsor filings,"GET https://gt990datalake-rawdata.s3.amazonaws.com/EfileData/XmlFiles/202611199349300601_public.xml; IRS990ScheduleI RecipientTable filter RecipientEIN in {205205488,232888152,110303001,311640316,237825575} excluding filer",https://gt990datalake-rawdata.s3.amazonaws.com/EfileData/XmlFiles/202611199349300601_public.xml,"<BusinessNameLine1Txt>FIDELITY INVESTMENTS CHARITABLE GIFT FUND</BusinessNameLine1Txt><RecipientEIN>110303001</RecipientEIN><CashGrantAmt>976570217</CashGrantAmt><PurposeOfGrantTxt>PUBLIC, SOCIETAL BENEFIT</PurposeOfGrantTxt>",2026-09-16T10:21:56Z,"CashGrantAmt=976570217 to EIN 110303001; purpose=PUBLIC, SOCIETAL BENEFIT",1,FY2026 Form 990 original due 2026-11-16,"Schedule I Part II names the recipient sponsor and CashGrantAmt; it has no account-principal, donor, or adviser field, so a grant that moves an account family is not labelled as such on the return. NonCashAssistanceAmt is a different money fact and is not summed into amount_usd.","Primary research/primary/MD38-daf-sponsor-schedules/xml-schwab-202506-202611199349300601-excerpt.xml-20260916T094302Z. Filing fields: RecipientEIN, CashGrantAmt, PurposeOfGrantTxt. STATE.md read-first; not an MD11 METR/ARC recopy. Legal entities unmerged (sponsor vs DAF account vs recipient charity). money_type=filed_grant, not summed with the SVCF audit transfer figure."
113,B,MDF,C07.E2;C07.E3;C02.E3,Donor Advised Charitable Giving Inc FY2025 (2024-07-01 to 2025-06-30) Schedule I cash grant to National Philanthropic Trust,DAF sponsor,Schwab Charitable; DAFgiving360,202611199349300601,Donor Advised Charitable Giving Inc,,National Philanthropic Trust,DAF sponsor-to-sponsor filed grant,2024-07-01,2025-06-30,,filed_grant,161539525,USD,2025-06-30,interval,FY2025 (2024-07-01 to 2025-06-30),filed as granted,"PUBLIC, SOCIETAL BENEFIT",,,,,,,,,,,yes,DAF sponsor filings,"GET https://gt990datalake-rawdata.s3.amazonaws.com/EfileData/XmlFiles/202611199349300601_public.xml; IRS990ScheduleI RecipientTable filter RecipientEIN in {205205488,232888152,110303001,311640316,237825575} excluding filer",https://gt990datalake-rawdata.s3.amazonaws.com/EfileData/XmlFiles/202611199349300601_public.xml,"<BusinessNameLine1Txt>NATIONAL PHILANTHROPIC TRUST</BusinessNameLine1Txt><RecipientEIN>237825575</RecipientEIN><CashGrantAmt>161539525</CashGrantAmt><PurposeOfGrantTxt>PUBLIC, SOCIETAL BENEFIT</PurposeOfGrantTxt>",2026-09-16T10:21:56Z,"CashGrantAmt=161539525 to EIN 237825575; purpose=PUBLIC, SOCIETAL BENEFIT",1,FY2026 Form 990 original due 2026-11-16,"Schedule I Part II names the recipient sponsor and CashGrantAmt; it has no account-principal, donor, or adviser field, so a grant that moves an account family is not labelled as such on the return. NonCashAssistanceAmt is a different money fact and is not summed into amount_usd.","Primary research/primary/MD38-daf-sponsor-schedules/xml-schwab-202506-202611199349300601-excerpt.xml-20260916T094302Z. Filing fields: RecipientEIN, CashGrantAmt, PurposeOfGrantTxt. STATE.md read-first; not an MD11 METR/ARC recopy. Legal entities unmerged (sponsor vs DAF account vs recipient charity). money_type=filed_grant, not summed with the SVCF audit transfer figure."
114,B,MDF,C07.E2;C07.E3;C02.E3,Donor Advised Charitable Giving Inc FY2025 (2024-07-01 to 2025-06-30) Schedule I cash grant to Vanguard Charitable Endowment Program,DAF sponsor,Schwab Charitable; DAFgiving360,202611199349300601,Donor Advised Charitable Giving Inc,,Vanguard Charitable Endowment Program,DAF sponsor-to-sponsor filed grant,2024-07-01,2025-06-30,,filed_grant,8657300,USD,2025-06-30,interval,FY2025 (2024-07-01 to 2025-06-30),filed as granted,"PUBLIC, SOCIETAL BENEFIT",,,,,,,,,,,yes,DAF sponsor filings,"GET https://gt990datalake-rawdata.s3.amazonaws.com/EfileData/XmlFiles/202611199349300601_public.xml; IRS990ScheduleI RecipientTable filter RecipientEIN in {205205488,232888152,110303001,311640316,237825575} excluding filer",https://gt990datalake-rawdata.s3.amazonaws.com/EfileData/XmlFiles/202611199349300601_public.xml,"<BusinessNameLine1Txt>VANGUARD CHARITABLE ENDOWMENT PROGRAM</BusinessNameLine1Txt><RecipientEIN>232888152</RecipientEIN><CashGrantAmt>8657300</CashGrantAmt><PurposeOfGrantTxt>PUBLIC, SOCIETAL BENEFIT</PurposeOfGrantTxt>",2026-09-16T10:21:56Z,"CashGrantAmt=8657300 to EIN 232888152; purpose=PUBLIC, SOCIETAL BENEFIT",1,FY2026 Form 990 original due 2026-11-16,"Schedule I Part II names the recipient sponsor and CashGrantAmt; it has no account-principal, donor, or adviser field, so a grant that moves an account family is not labelled as such on the return. NonCashAssistanceAmt is a different money fact and is not summed into amount_usd.","Primary research/primary/MD38-daf-sponsor-schedules/xml-schwab-202506-202611199349300601-excerpt.xml-20260916T094302Z. Filing fields: RecipientEIN, CashGrantAmt, PurposeOfGrantTxt. STATE.md read-first; not an MD11 METR/ARC recopy. Legal entities unmerged (sponsor vs DAF account vs recipient charity). money_type=filed_grant, not summed with the SVCF audit transfer figure."
115,B,MDF,C07.E2;C07.E3;C02.E3,Donor Advised Charitable Giving Inc FY2025 (2024-07-01 to 2025-06-30) Schedule I cash grant to Silicon Valley Community Foundation,DAF sponsor,Schwab Charitable; DAFgiving360,202611199349300601,Donor Advised Charitable Giving Inc,,Silicon Valley Community Foundation,DAF sponsor-to-sponsor filed grant,2024-07-01,2025-06-30,,filed_grant,2402317,USD,2025-06-30,interval,FY2025 (2024-07-01 to 2025-06-30),filed as granted,"PUBLIC, SOCIETAL BENEFIT",,,,,,,,,,,yes,DAF sponsor filings,"GET https://gt990datalake-rawdata.s3.amazonaws.com/EfileData/XmlFiles/202611199349300601_public.xml; IRS990ScheduleI RecipientTable filter RecipientEIN in {205205488,232888152,110303001,311640316,237825575} excluding filer",https://gt990datalake-rawdata.s3.amazonaws.com/EfileData/XmlFiles/202611199349300601_public.xml,"<BusinessNameLine1Txt>SILICON VALLEY COMMUNITY FOUNDATION</BusinessNameLine1Txt><RecipientEIN>205205488</RecipientEIN><CashGrantAmt>2402317</CashGrantAmt><PurposeOfGrantTxt>PUBLIC, SOCIETAL BENEFIT</PurposeOfGrantTxt>",2026-09-16T10:21:56Z,"CashGrantAmt=2402317 to EIN 205205488; purpose=PUBLIC, SOCIETAL BENEFIT",1,FY2026 Form 990 original due 2026-11-16,"Schedule I Part II names the recipient sponsor and CashGrantAmt; it has no account-principal, donor, or adviser field, so a grant that moves an account family is not labelled as such on the return. NonCashAssistanceAmt is a different money fact and is not summed into amount_usd.","Primary research/primary/MD38-daf-sponsor-schedules/xml-schwab-202506-202611199349300601-excerpt.xml-20260916T094302Z. Filing fields: RecipientEIN, CashGrantAmt, PurposeOfGrantTxt. STATE.md read-first; not an MD11 METR/ARC recopy. Legal entities unmerged (sponsor vs DAF account vs recipient charity). money_type=filed_grant, not summed with the SVCF audit transfer figure."
116,B,MDF,C07.E2;C07.E3;C02.E3,National Philanthropic Trust FY2023 (2022-07-01 to 2023-06-30) Schedule I cash grant to Fidelity Investments Charitable Gift Fund,DAF sponsor,NPT,202431429349301368,National Philanthropic Trust,,Fidelity Investments Charitable Gift Fund,DAF sponsor-to-sponsor filed grant,2022-07-01,2023-06-30,,filed_grant,63245404,USD,2023-06-30,interval,FY2023 (2022-07-01 to 2023-06-30),filed as granted,"PUBLIC, SOCIETAL BENEFIT",,,,,,,,,,,yes,DAF sponsor filings,"GET https://gt990datalake-rawdata.s3.amazonaws.com/EfileData/XmlFiles/202431429349301368_public.xml; IRS990ScheduleI RecipientTable filter RecipientEIN in {205205488,232888152,110303001,311640316,237825575} excluding filer",https://gt990datalake-rawdata.s3.amazonaws.com/EfileData/XmlFiles/202431429349301368_public.xml,"<BusinessNameLine1Txt>FIDELITY INVESTMENTS CHARITABLE GIFT FUND</BusinessNameLine1Txt><RecipientEIN>110303001</RecipientEIN><CashGrantAmt>63245404</CashGrantAmt><PurposeOfGrantTxt>PUBLIC, SOCIETAL BENEFIT</PurposeOfGrantTxt>",2026-09-16T10:21:56Z,"CashGrantAmt=63245404 to EIN 110303001; purpose=PUBLIC, SOCIETAL BENEFIT",1,FY2026 Form 990 original due 2026-11-16,"Schedule I Part II names the recipient sponsor and CashGrantAmt; it has no account-principal, donor, or adviser field, so a grant that moves an account family is not labelled as such on the return. NonCashAssistanceAmt is a different money fact and is not summed into amount_usd.","Primary research/primary/MD38-daf-sponsor-schedules/xml-npt-202306-202431429349301368-excerpt.xml-20260916T094302Z. Filing fields: RecipientEIN, CashGrantAmt, PurposeOfGrantTxt. STATE.md read-first; not an MD11 METR/ARC recopy. Legal entities unmerged (sponsor vs DAF account vs recipient charity). money_type=filed_grant, not summed with the SVCF audit transfer figure."
117,B,MDF,C07.E2;C07.E3;C02.E3,National Philanthropic Trust FY2023 (2022-07-01 to 2023-06-30) Schedule I cash grant to Donor Advised Charitable Giving Inc,DAF sponsor,NPT,202431429349301368,National Philanthropic Trust,,Donor Advised Charitable Giving Inc,DAF sponsor-to-sponsor filed grant,2022-07-01,2023-06-30,,filed_grant,76791161,USD,2023-06-30,interval,FY2023 (2022-07-01 to 2023-06-30),filed as granted,"PUBLIC, SOCIETAL BENEFIT",,,,,,,,,,,yes,DAF sponsor filings,"GET https://gt990datalake-rawdata.s3.amazonaws.com/EfileData/XmlFiles/202431429349301368_public.xml; IRS990ScheduleI RecipientTable filter RecipientEIN in {205205488,232888152,110303001,311640316,237825575} excluding filer",https://gt990datalake-rawdata.s3.amazonaws.com/EfileData/XmlFiles/202431429349301368_public.xml,"<BusinessNameLine1Txt>SCHWAB CHARITABLE FUND</BusinessNameLine1Txt><RecipientEIN>311640316</RecipientEIN><CashGrantAmt>76791161</CashGrantAmt><PurposeOfGrantTxt>PUBLIC, SOCIETAL BENEFIT</PurposeOfGrantTxt>",2026-09-16T10:21:56Z,"CashGrantAmt=76791161 to EIN 311640316; purpose=PUBLIC, SOCIETAL BENEFIT",1,FY2026 Form 990 original due 2026-11-16,"Schedule I Part II names the recipient sponsor and CashGrantAmt; it has no account-principal, donor, or adviser field, so a grant that moves an account family is not labelled as such on the return. NonCashAssistanceAmt is a different money fact and is not summed into amount_usd.","Primary research/primary/MD38-daf-sponsor-schedules/xml-npt-202306-202431429349301368-excerpt.xml-20260916T094302Z. Filing fields: RecipientEIN, CashGrantAmt, PurposeOfGrantTxt. STATE.md read-first; not an MD11 METR/ARC recopy. Legal entities unmerged (sponsor vs DAF account vs recipient charity). money_type=filed_grant, not summed with the SVCF audit transfer figure."
118,B,MDF,C07.E2;C07.E3;C02.E3,National Philanthropic Trust FY2023 (2022-07-01 to 2023-06-30) Schedule I cash grant to Silicon Valley Community Foundation,DAF sponsor,NPT,202431429349301368,National Philanthropic Trust,,Silicon Valley Community Foundation,DAF sponsor-to-sponsor filed grant,2022-07-01,2023-06-30,,filed_grant,257077976,USD,2023-06-30,interval,FY2023 (2022-07-01 to 2023-06-30),filed as granted,"PUBLIC, SOCIETAL BENEFIT",,,,,,,,,,,yes,DAF sponsor filings,"GET https://gt990datalake-rawdata.s3.amazonaws.com/EfileData/XmlFiles/202431429349301368_public.xml; IRS990ScheduleI RecipientTable filter RecipientEIN in {205205488,232888152,110303001,311640316,237825575} excluding filer",https://gt990datalake-rawdata.s3.amazonaws.com/EfileData/XmlFiles/202431429349301368_public.xml,"<BusinessNameLine1Txt>SILICON VALLEY COMMUNITY FOUNDATION</BusinessNameLine1Txt><RecipientEIN>205205488</RecipientEIN><CashGrantAmt>257077976</CashGrantAmt><PurposeOfGrantTxt>PUBLIC, SOCIETAL BENEFIT</PurposeOfGrantTxt>",2026-09-16T10:21:56Z,"CashGrantAmt=257077976 to EIN 205205488; purpose=PUBLIC, SOCIETAL BENEFIT",1,FY2026 Form 990 original due 2026-11-16,"Schedule I Part II names the recipient sponsor and CashGrantAmt; it has no account-principal, donor, or adviser field, so a grant that moves an account family is not labelled as such on the return. NonCashAssistanceAmt is a different money fact and is not summed into amount_usd.","Primary research/primary/MD38-daf-sponsor-schedules/xml-npt-202306-202431429349301368-excerpt.xml-20260916T094302Z. Filing fields: RecipientEIN, CashGrantAmt, PurposeOfGrantTxt. STATE.md read-first; not an MD11 METR/ARC recopy. Legal entities unmerged (sponsor vs DAF account vs recipient charity). money_type=filed_grant, not summed with the SVCF audit transfer figure."
119,B,MDF,C07.E2;C07.E3;C02.E3,National Philanthropic Trust FY2023 (2022-07-01 to 2023-06-30) Schedule I cash grant to Vanguard Charitable Endowment Program,DAF sponsor,NPT,202431429349301368,National Philanthropic Trust,,Vanguard Charitable Endowment Program,DAF sponsor-to-sponsor filed grant,2022-07-01,2023-06-30,,filed_grant,1347243,USD,2023-06-30,interval,FY2023 (2022-07-01 to 2023-06-30),filed as granted,"PUBLIC, SOCIETAL BENEFIT",,,,,,,,,,,yes,DAF sponsor filings,"GET https://gt990datalake-rawdata.s3.amazonaws.com/EfileData/XmlFiles/202431429349301368_public.xml; IRS990ScheduleI RecipientTable filter RecipientEIN in {205205488,232888152,110303001,311640316,237825575} excluding filer",https://gt990datalake-rawdata.s3.amazonaws.com/EfileData/XmlFiles/202431429349301368_public.xml,"<BusinessNameLine1Txt>VANGUARD CHARITABLE ENDOWMENT PROGRAM</BusinessNameLine1Txt><RecipientEIN>232888152</RecipientEIN><CashGrantAmt>1347243</CashGrantAmt><PurposeOfGrantTxt>PUBLIC, SOCIETAL BENEFIT</PurposeOfGrantTxt>",2026-09-16T10:21:56Z,"CashGrantAmt=1347243 to EIN 232888152; purpose=PUBLIC, SOCIETAL BENEFIT",1,FY2026 Form 990 original due 2026-11-16,"Schedule I Part II names the recipient sponsor and CashGrantAmt; it has no account-principal, donor, or adviser field, so a grant that moves an account family is not labelled as such on the return. NonCashAssistanceAmt is a different money fact and is not summed into amount_usd.","Primary research/primary/MD38-daf-sponsor-schedules/xml-npt-202306-202431429349301368-excerpt.xml-20260916T094302Z. Filing fields: RecipientEIN, CashGrantAmt, PurposeOfGrantTxt. STATE.md read-first; not an MD11 METR/ARC recopy. Legal entities unmerged (sponsor vs DAF account vs recipient charity). money_type=filed_grant, not summed with the SVCF audit transfer figure."
120,B,MDF,C07.E2;C07.E3;C02.E3,National Philanthropic Trust FY2024 (2023-07-01 to 2024-06-30) Schedule I cash grant to Donor Advised Charitable Giving Inc,DAF sponsor,NPT,202511339349301311,National Philanthropic Trust,,Donor Advised Charitable Giving Inc,DAF sponsor-to-sponsor filed grant,2023-07-01,2024-06-30,,filed_grant,72074515,USD,2024-06-30,interval,FY2024 (2023-07-01 to 2024-06-30),filed as granted,EDUCATION,,,,,,,,,,,yes,DAF sponsor filings,"GET https://gt990datalake-rawdata.s3.amazonaws.com/EfileData/XmlFiles/202511339349301311_public.xml; IRS990ScheduleI RecipientTable filter RecipientEIN in {205205488,232888152,110303001,311640316,237825575} excluding filer",https://gt990datalake-rawdata.s3.amazonaws.com/EfileData/XmlFiles/202511339349301311_public.xml,<BusinessNameLine1Txt>DONOR ADVISED CHARITABLE GIVING</BusinessNameLine1Txt><RecipientEIN>311640316</RecipientEIN><CashGrantAmt>72074515</CashGrantAmt><PurposeOfGrantTxt>EDUCATION</PurposeOfGrantTxt>,2026-09-16T10:21:56Z,CashGrantAmt=72074515 to EIN 311640316; purpose=EDUCATION,1,FY2026 Form 990 original due 2026-11-16,"Schedule I Part II names the recipient sponsor and CashGrantAmt; it has no account-principal, donor, or adviser field, so a grant that moves an account family is not labelled as such on the return. NonCashAssistanceAmt is a different money fact and is not summed into amount_usd.","Primary research/primary/MD38-daf-sponsor-schedules/xml-npt-202406-202511339349301311-excerpt.xml-20260916T094302Z. Filing fields: RecipientEIN, CashGrantAmt, PurposeOfGrantTxt. STATE.md read-first; not an MD11 METR/ARC recopy. Legal entities unmerged (sponsor vs DAF account vs recipient charity). money_type=filed_grant, not summed with the SVCF audit transfer figure."
121,B,MDF,C07.E2;C07.E3;C02.E3,National Philanthropic Trust FY2024 (2023-07-01 to 2024-06-30) Schedule I cash grant to Fidelity Investments Charitable Gift Fund,DAF sponsor,NPT,202511339349301311,National Philanthropic Trust,,Fidelity Investments Charitable Gift Fund,DAF sponsor-to-sponsor filed grant,2023-07-01,2024-06-30,,filed_grant,242538360,USD,2024-06-30,interval,FY2024 (2023-07-01 to 2024-06-30),filed as granted,"PUBLIC, SOCIETAL BENEFIT",,,,,,,,,,,yes,DAF sponsor filings,"GET https://gt990datalake-rawdata.s3.amazonaws.com/EfileData/XmlFiles/202511339349301311_public.xml; IRS990ScheduleI RecipientTable filter RecipientEIN in {205205488,232888152,110303001,311640316,237825575} excluding filer",https://gt990datalake-rawdata.s3.amazonaws.com/EfileData/XmlFiles/202511339349301311_public.xml,"<BusinessNameLine1Txt>FIDELITY INVESTMENTS CHARITABLE GIFT FUND</BusinessNameLine1Txt><RecipientEIN>110303001</RecipientEIN><CashGrantAmt>242538360</CashGrantAmt><PurposeOfGrantTxt>PUBLIC, SOCIETAL BENEFIT</PurposeOfGrantTxt>",2026-09-16T10:21:56Z,"CashGrantAmt=242538360 to EIN 110303001; purpose=PUBLIC, SOCIETAL BENEFIT",1,FY2026 Form 990 original due 2026-11-16,"Schedule I Part II names the recipient sponsor and CashGrantAmt; it has no account-principal, donor, or adviser field, so a grant that moves an account family is not labelled as such on the return. NonCashAssistanceAmt is a different money fact and is not summed into amount_usd.","Primary research/primary/MD38-daf-sponsor-schedules/xml-npt-202406-202511339349301311-excerpt.xml-20260916T094302Z. Filing fields: RecipientEIN, CashGrantAmt, PurposeOfGrantTxt. STATE.md read-first; not an MD11 METR/ARC recopy. Legal entities unmerged (sponsor vs DAF account vs recipient charity). money_type=filed_grant, not summed with the SVCF audit transfer figure."
122,B,MDF,C07.E2;C07.E3;C02.E3,National Philanthropic Trust FY2024 (2023-07-01 to 2024-06-30) Schedule I cash grant to Silicon Valley Community Foundation,DAF sponsor,NPT,202511339349301311,National Philanthropic Trust,,Silicon Valley Community Foundation,DAF sponsor-to-sponsor filed grant,2023-07-01,2024-06-30,,filed_grant,366362375,USD,2024-06-30,interval,FY2024 (2023-07-01 to 2024-06-30),filed as granted,"PUBLIC, SOCIETAL BENEFIT",,,,,,,,,,,yes,DAF sponsor filings,"GET https://gt990datalake-rawdata.s3.amazonaws.com/EfileData/XmlFiles/202511339349301311_public.xml; IRS990ScheduleI RecipientTable filter RecipientEIN in {205205488,232888152,110303001,311640316,237825575} excluding filer",https://gt990datalake-rawdata.s3.amazonaws.com/EfileData/XmlFiles/202511339349301311_public.xml,"<BusinessNameLine1Txt>SILICON VALLEY COMMUNITY FOUNDATION</BusinessNameLine1Txt><RecipientEIN>205205488</RecipientEIN><CashGrantAmt>366362375</CashGrantAmt><PurposeOfGrantTxt>PUBLIC, SOCIETAL BENEFIT</PurposeOfGrantTxt>",2026-09-16T10:21:56Z,"CashGrantAmt=366362375 to EIN 205205488; purpose=PUBLIC, SOCIETAL BENEFIT",1,FY2026 Form 990 original due 2026-11-16,"Schedule I Part II names the recipient sponsor and CashGrantAmt; it has no account-principal, donor, or adviser field, so a grant that moves an account family is not labelled as such on the return. NonCashAssistanceAmt is a different money fact and is not summed into amount_usd.","Primary research/primary/MD38-daf-sponsor-schedules/xml-npt-202406-202511339349301311-excerpt.xml-20260916T094302Z. Filing fields: RecipientEIN, CashGrantAmt, PurposeOfGrantTxt. STATE.md read-first; not an MD11 METR/ARC recopy. Legal entities unmerged (sponsor vs DAF account vs recipient charity). money_type=filed_grant, not summed with the SVCF audit transfer figure."
123,B,MDF,C07.E2;C07.E3;C02.E3,National Philanthropic Trust FY2024 (2023-07-01 to 2024-06-30) Schedule I cash grant to Vanguard Charitable Endowment Program,DAF sponsor,NPT,202511339349301311,National Philanthropic Trust,,Vanguard Charitable Endowment Program,DAF sponsor-to-sponsor filed grant,2023-07-01,2024-06-30,,filed_grant,17680162,USD,2024-06-30,interval,FY2024 (2023-07-01 to 2024-06-30),filed as granted,"PUBLIC, SOCIETAL BENEFIT",,,,,,,,,,,yes,DAF sponsor filings,"GET https://gt990datalake-rawdata.s3.amazonaws.com/EfileData/XmlFiles/202511339349301311_public.xml; IRS990ScheduleI RecipientTable filter RecipientEIN in {205205488,232888152,110303001,311640316,237825575} excluding filer",https://gt990datalake-rawdata.s3.amazonaws.com/EfileData/XmlFiles/202511339349301311_public.xml,"<BusinessNameLine1Txt>VANGUARD CHARITABLE</BusinessNameLine1Txt><RecipientEIN>232888152</RecipientEIN><CashGrantAmt>17680162</CashGrantAmt><PurposeOfGrantTxt>PUBLIC, SOCIETAL BENEFIT</PurposeOfGrantTxt>",2026-09-16T10:21:56Z,"CashGrantAmt=17680162 to EIN 232888152; purpose=PUBLIC, SOCIETAL BENEFIT",1,FY2026 Form 990 original due 2026-11-16,"Schedule I Part II names the recipient sponsor and CashGrantAmt; it has no account-principal, donor, or adviser field, so a grant that moves an account family is not labelled as such on the return. NonCashAssistanceAmt is a different money fact and is not summed into amount_usd.","Primary research/primary/MD38-daf-sponsor-schedules/xml-npt-202406-202511339349301311-excerpt.xml-20260916T094302Z. Filing fields: RecipientEIN, CashGrantAmt, PurposeOfGrantTxt. STATE.md read-first; not an MD11 METR/ARC recopy. Legal entities unmerged (sponsor vs DAF account vs recipient charity). money_type=filed_grant, not summed with the SVCF audit transfer figure."
124,B,MDF,C07.E2;C07.E3;C02.E3,National Philanthropic Trust FY2025 (2024-07-01 to 2025-06-30) Schedule I cash grant to Donor Advised Charitable Giving Inc,DAF sponsor,NPT,202601289349302480,National Philanthropic Trust,,Donor Advised Charitable Giving Inc,DAF sponsor-to-sponsor filed grant,2024-07-01,2025-06-30,,filed_grant,43578702,USD,2025-06-30,interval,FY2025 (2024-07-01 to 2025-06-30),filed as granted,"PUBLIC, SOCIETAL BENEFIT",,,,,,,,,,,yes,DAF sponsor filings,"GET https://gt990datalake-rawdata.s3.amazonaws.com/EfileData/XmlFiles/202601289349302480_public.xml; IRS990ScheduleI RecipientTable filter RecipientEIN in {205205488,232888152,110303001,311640316,237825575} excluding filer",https://gt990datalake-rawdata.s3.amazonaws.com/EfileData/XmlFiles/202601289349302480_public.xml,"<BusinessNameLine1Txt>DONOR ADVISED CHARITABLE GIVING INC - DAFGIVING360</BusinessNameLine1Txt><RecipientEIN>311640316</RecipientEIN><CashGrantAmt>43578702</CashGrantAmt><PurposeOfGrantTxt>PUBLIC, SOCIETAL BENEFIT</PurposeOfGrantTxt>",2026-09-16T10:21:56Z,"CashGrantAmt=43578702 to EIN 311640316; purpose=PUBLIC, SOCIETAL BENEFIT",1,FY2026 Form 990 original due 2026-11-16,"Schedule I Part II names the recipient sponsor and CashGrantAmt; it has no account-principal, donor, or adviser field, so a grant that moves an account family is not labelled as such on the return. NonCashAssistanceAmt is a different money fact and is not summed into amount_usd.","Primary research/primary/MD38-daf-sponsor-schedules/xml-npt-202506-202601289349302480-excerpt.xml-20260916T094302Z. Filing fields: RecipientEIN, CashGrantAmt, PurposeOfGrantTxt. STATE.md read-first; not an MD11 METR/ARC recopy. Legal entities unmerged (sponsor vs DAF account vs recipient charity). money_type=filed_grant, not summed with the SVCF audit transfer figure."
125,B,MDF,C07.E2;C07.E3;C02.E3,National Philanthropic Trust FY2025 (2024-07-01 to 2025-06-30) Schedule I cash grant to Fidelity Investments Charitable Gift Fund,DAF sponsor,NPT,202601289349302480,National Philanthropic Trust,,Fidelity Investments Charitable Gift Fund,DAF sponsor-to-sponsor filed grant,2024-07-01,2025-06-30,,filed_grant,284919786,USD,2025-06-30,interval,FY2025 (2024-07-01 to 2025-06-30),filed as granted,"PUBLIC, SOCIETAL BENEFIT",,,,,,,,,,,yes,DAF sponsor filings,"GET https://gt990datalake-rawdata.s3.amazonaws.com/EfileData/XmlFiles/202601289349302480_public.xml; IRS990ScheduleI RecipientTable filter RecipientEIN in {205205488,232888152,110303001,311640316,237825575} excluding filer",https://gt990datalake-rawdata.s3.amazonaws.com/EfileData/XmlFiles/202601289349302480_public.xml,"<BusinessNameLine1Txt>FIDELITY INVESTMENTS CHARITABLE GIFT FUND</BusinessNameLine1Txt><RecipientEIN>110303001</RecipientEIN><CashGrantAmt>284919786</CashGrantAmt><PurposeOfGrantTxt>PUBLIC, SOCIETAL BENEFIT</PurposeOfGrantTxt>",2026-09-16T10:21:56Z,"CashGrantAmt=284919786 to EIN 110303001; purpose=PUBLIC, SOCIETAL BENEFIT",1,FY2026 Form 990 original due 2026-11-16,"Schedule I Part II names the recipient sponsor and CashGrantAmt; it has no account-principal, donor, or adviser field, so a grant that moves an account family is not labelled as such on the return. NonCashAssistanceAmt is a different money fact and is not summed into amount_usd.","Primary research/primary/MD38-daf-sponsor-schedules/xml-npt-202506-202601289349302480-excerpt.xml-20260916T094302Z. Filing fields: RecipientEIN, CashGrantAmt, PurposeOfGrantTxt. STATE.md read-first; not an MD11 METR/ARC recopy. Legal entities unmerged (sponsor vs DAF account vs recipient charity). money_type=filed_grant, not summed with the SVCF audit transfer figure."
126,B,MDF,C07.E2;C07.E3;C02.E3,National Philanthropic Trust FY2025 (2024-07-01 to 2025-06-30) Schedule I cash grant to Silicon Valley Community Foundation,DAF sponsor,NPT,202601289349302480,National Philanthropic Trust,,Silicon Valley Community Foundation,DAF sponsor-to-sponsor filed grant,2024-07-01,2025-06-30,,filed_grant,265751500,USD,2025-06-30,interval,FY2025 (2024-07-01 to 2025-06-30),filed as granted,HUMAN SERVICES,,,,,,,,,,,yes,DAF sponsor filings,"GET https://gt990datalake-rawdata.s3.amazonaws.com/EfileData/XmlFiles/202601289349302480_public.xml; IRS990ScheduleI RecipientTable filter RecipientEIN in {205205488,232888152,110303001,311640316,237825575} excluding filer",https://gt990datalake-rawdata.s3.amazonaws.com/EfileData/XmlFiles/202601289349302480_public.xml,<BusinessNameLine1Txt>SILICON VALLEY COMMUNITY FOUNDATION</BusinessNameLine1Txt><RecipientEIN>205205488</RecipientEIN><CashGrantAmt>265751500</CashGrantAmt><PurposeOfGrantTxt>HUMAN SERVICES</PurposeOfGrantTxt>,2026-09-16T10:21:56Z,CashGrantAmt=265751500 to EIN 205205488; purpose=HUMAN SERVICES,1,FY2026 Form 990 original due 2026-11-16,"Schedule I Part II names the recipient sponsor and CashGrantAmt; it has no account-principal, donor, or adviser field, so a grant that moves an account family is not labelled as such on the return. NonCashAssistanceAmt is a different money fact and is not summed into amount_usd.","Primary research/primary/MD38-daf-sponsor-schedules/xml-npt-202506-202601289349302480-excerpt.xml-20260916T094302Z. Filing fields: RecipientEIN, CashGrantAmt, PurposeOfGrantTxt. STATE.md read-first; not an MD11 METR/ARC recopy. Legal entities unmerged (sponsor vs DAF account vs recipient charity). money_type=filed_grant, not summed with the SVCF audit transfer figure."
127,B,MDF,C07.E2;C07.E3;C02.E3,National Philanthropic Trust FY2025 (2024-07-01 to 2025-06-30) Schedule I cash grant to Vanguard Charitable Endowment Program,DAF sponsor,NPT,202601289349302480,National Philanthropic Trust,,Vanguard Charitable Endowment Program,DAF sponsor-to-sponsor filed grant,2024-07-01,2025-06-30,,filed_grant,3447704,USD,2025-06-30,interval,FY2025 (2024-07-01 to 2025-06-30),filed as granted,"PUBLIC, SOCIETAL BENEFIT",,,,,,,,,,,yes,DAF sponsor filings,"GET https://gt990datalake-rawdata.s3.amazonaws.com/EfileData/XmlFiles/202601289349302480_public.xml; IRS990ScheduleI RecipientTable filter RecipientEIN in {205205488,232888152,110303001,311640316,237825575} excluding filer",https://gt990datalake-rawdata.s3.amazonaws.com/EfileData/XmlFiles/202601289349302480_public.xml,"<BusinessNameLine1Txt>VANGUARD CHARITABLE ENDOWMENT PROGRAM</BusinessNameLine1Txt><RecipientEIN>232888152</RecipientEIN><CashGrantAmt>3447704</CashGrantAmt><PurposeOfGrantTxt>PUBLIC, SOCIETAL BENEFIT</PurposeOfGrantTxt>",2026-09-16T10:21:56Z,"CashGrantAmt=3447704 to EIN 232888152; purpose=PUBLIC, SOCIETAL BENEFIT",1,FY2026 Form 990 original due 2026-11-16,"Schedule I Part II names the recipient sponsor and CashGrantAmt; it has no account-principal, donor, or adviser field, so a grant that moves an account family is not labelled as such on the return. NonCashAssistanceAmt is a different money fact and is not summed into amount_usd.","Primary research/primary/MD38-daf-sponsor-schedules/xml-npt-202506-202601289349302480-excerpt.xml-20260916T094302Z. Filing fields: RecipientEIN, CashGrantAmt, PurposeOfGrantTxt. STATE.md read-first; not an MD11 METR/ARC recopy. Legal entities unmerged (sponsor vs DAF account vs recipient charity). money_type=filed_grant, not summed with the SVCF audit transfer figure."
128,B,MDF,C07.E2;C07.E3;C02.E3,Vanguard Charitable FY2025 Schedule I cash grant to FIDELITY INVESTMENTS CHARITABLE GIFT FUND,DAF sponsor,Vanguard Charitable,202621329349306657,Vanguard Charitable Endowment Program,,Fidelity Investments Charitable Gift Fund,DAF sponsor-to-sponsor filed grant,2024-07-01,2025-06-30,,filed_grant,87288229,USD,2025-06-30,interval,FY2025 (2024-07-01 to 2025-06-30),filed as granted,FOR RECIPIENT'S EXEMPT PURPOSE,,,,,,,,,,,yes,DAF sponsor filings,GET https://projects.propublica.org/nonprofits/full_text/202621329349306657/IRS990ScheduleI; RecipientTable[8268] RecipientEIN 11-0303001 CashGrantAmt (GT XML 404),https://projects.propublica.org/nonprofits/full_text/202621329349306657/IRS990ScheduleI,"RecipientTable[8268]/RecipientEIN[1]"">11-0303001 CashGrantAmt[1]"">87,288,229 PurposeOfGrantTxt[1]"">FOR RECIPIENT'S EXEMPT PURPOSE",2026-09-16T10:21:56Z,CashGrantAmt=87288229 to EIN 110303001,1,Vanguard FY2026 Form 990 original due 2026-11-16,Full Schedule I HTML is 104MB; DAF-sponsor rows saved as excerpt. XML object absent. Schedule I does not name the DAF account.,Primary pp-schedI-vanguard-202506-daf-amounts.html-20260916T094302Z. Caps_hit records GT/AWS 404 for object 202621329349306657. money_type=filed_grant.
129,B,MDF,C07.E2;C07.E3;C02.E3,Vanguard Charitable FY2025 Schedule I cash grant to NATIONAL PHILANTHROPIC TR,DAF sponsor,Vanguard Charitable,202621329349306657,Vanguard Charitable Endowment Program,,National Philanthropic Trust,DAF sponsor-to-sponsor filed grant,2024-07-01,2025-06-30,,filed_grant,31579852,USD,2025-06-30,interval,FY2025 (2024-07-01 to 2025-06-30),filed as granted,FOR RECIPIENT'S EXEMPT PURPOSE,,,,,,,,,,,yes,DAF sponsor filings,GET https://projects.propublica.org/nonprofits/full_text/202621329349306657/IRS990ScheduleI; RecipientTable[16100] RecipientEIN 23-7825575 CashGrantAmt (GT XML 404),https://projects.propublica.org/nonprofits/full_text/202621329349306657/IRS990ScheduleI,"RecipientTable[16100]/RecipientEIN[1]"">23-7825575 CashGrantAmt[1]"">31,579,852 PurposeOfGrantTxt[1]"">FOR RECIPIENT'S EXEMPT PURPOSE",2026-09-16T10:21:56Z,CashGrantAmt=31579852 to EIN 237825575,1,Vanguard FY2026 Form 990 original due 2026-11-16,Full Schedule I HTML is 104MB; DAF-sponsor rows saved as excerpt. XML object absent. Schedule I does not name the DAF account.,Primary pp-schedI-vanguard-202506-daf-amounts.html-20260916T094302Z. Caps_hit records GT/AWS 404 for object 202621329349306657. money_type=filed_grant.
130,B,MDF,C07.E2;C07.E3;C02.E3,Vanguard Charitable FY2025 Schedule I cash grant to DONOR ADVISED CHARITABLE GIVING,DAF sponsor,Vanguard Charitable,202621329349306657,Vanguard Charitable Endowment Program,,Donor Advised Charitable Giving Inc,DAF sponsor-to-sponsor filed grant,2024-07-01,2025-06-30,,filed_grant,46308571,USD,2025-06-30,interval,FY2025 (2024-07-01 to 2025-06-30),filed as granted,FOR RECIPIENT'S EXEMPT PURPOSE,,,,,,,,,,,yes,DAF sponsor filings,GET https://projects.propublica.org/nonprofits/full_text/202621329349306657/IRS990ScheduleI; RecipientTable[7084] RecipientEIN 31-1640316 CashGrantAmt (GT XML 404),https://projects.propublica.org/nonprofits/full_text/202621329349306657/IRS990ScheduleI,"RecipientTable[7084]/RecipientEIN[1]"">31-1640316 CashGrantAmt[1]"">46,308,571 PurposeOfGrantTxt[1]"">FOR RECIPIENT'S EXEMPT PURPOSE",2026-09-16T10:21:56Z,CashGrantAmt=46308571 to EIN 311640316,1,Vanguard FY2026 Form 990 original due 2026-11-16,Full Schedule I HTML is 104MB; DAF-sponsor rows saved as excerpt. XML object absent. Schedule I does not name the DAF account.,Primary pp-schedI-vanguard-202506-daf-amounts.html-20260916T094302Z. Caps_hit records GT/AWS 404 for object 202621329349306657. money_type=filed_grant.
131,B,MDF,C07.E2;C07.E3;C02.E3,Vanguard Charitable FY2025 Schedule I cash grant to SILICON VALLEY COMMUNITY FOUNDATION,DAF sponsor,Vanguard Charitable,202621329349306657,Vanguard Charitable Endowment Program,,Silicon Valley Community Foundation,DAF sponsor-to-sponsor filed grant,2024-07-01,2025-06-30,,filed_grant,81000,USD,2025-06-30,interval,FY2025 (2024-07-01 to 2025-06-30),filed as granted,FOR RECIPIENT'S EXEMPT PURPOSE,,,,,,,,,,,yes,DAF sponsor filings,GET https://projects.propublica.org/nonprofits/full_text/202621329349306657/IRS990ScheduleI; RecipientTable[21057] RecipientEIN 20-5205488 CashGrantAmt (GT XML 404),https://projects.propublica.org/nonprofits/full_text/202621329349306657/IRS990ScheduleI,"RecipientTable[21057]/RecipientEIN[1]"">20-5205488 CashGrantAmt[1]"">81,000 PurposeOfGrantTxt[1]"">FOR RECIPIENT'S EXEMPT PURPOSE",2026-09-16T10:21:56Z,CashGrantAmt=81000 to EIN 205205488,1,Vanguard FY2026 Form 990 original due 2026-11-16,Full Schedule I HTML is 104MB; DAF-sponsor rows saved as excerpt. XML object absent. Schedule I does not name the DAF account.,Primary pp-schedI-vanguard-202506-daf-amounts.html-20260916T094302Z. Caps_hit records GT/AWS 404 for object 202621329349306657. money_type=filed_grant.
132,C,MDP,C07.E2;C07.E3;C02.E3,SVCF CY2024 audited statements add DAF-sponsor transfer amounts and closely-held PE valuation beyond the 990,DAF sponsor,SVCF,svcf-financial-statement-audit-2024,,,Silicon Valley Community Foundation,,2024-01-01,2024-12-31,,,,,2024-12-31,day,CY2024,,,,,,,,,,,,,,issuer statements,GET https://www.svcf.org/assets/img/media/svcf-financial-statement-audit-2024.pdf; notes on DAF transfers and Private Equity—Closely-held private or restricted stock,https://www.svcf.org/assets/img/media/svcf-financial-statement-audit-2024.pdf,"For 2024 and 2023, included in grants expense are grants in the amount of $1,667,000,000 and $207,000,000, respectively, that were transferred to other donor-advised fund sponsors. Included in contributions are gifts in the amount of $500,000,000 and $325,000,000 that were transferred from other don",2026-09-16T10:21:56Z,audit adds transfer-to-other-DAF-sponsor language and amounts; 990 Schedule I lists recipient names/amounts without calling them account transfers,1,SVCF CY2025 audited statements,Audit amounts are in whole dollars as printed (billions); Schedule I CashGrantAmt is a different money_type (filed_grant) and is not summed with these transfer figures. Audit does not name account principals.,Primary svcf-audit-2024.pdf-20260916T094302Z. Also: 'Private Equity—Closely-held private or restricted stock is reviewed no less than annually using a variety of qualitative factors to subjectively determine the most appropriate valua'. Posted 990 PDC at https://www.svcf.org/assets/files/publications/SVCF-2024-990-PDC.pdf (svcf-990-pdc-2024.pdf-20260916T094302Z) is the public-disclosure copy of the same return; Schedule M lines match the XML.
133,C,MDP,C07.E2;C07.E3;C02.E3,Vanguard Charitable FY2025 audited statements add Level 3 contributed private equity held/contributed beyond Schedule M line 10,DAF sponsor,Vanguard Charitable,vanguard-charitable-2025-financial-statements,,,Vanguard Charitable Endowment Program,,2024-07-01,2025-06-30,,equity_value,1134555339,USD,2025-06-30,day,FY2025,,,,,contributed private equity held unsold (audit Note 4),,,,,,,,yes,issuer statements,GET https://www.vanguardcharitable.org/sites/default/files/2026-02/vanguard-charitable-2025-financial-statements.pdf; Note 4 Contributed Assets Held; Level 3 contributions table,https://www.vanguardcharitable.org/sites/default/files/2026-02/vanguard-charitable-2025-financial-statements.pdf,"At June 30, 2025, Vanguard Charitable held contributed private equity investments of $1,134,555,339 which had not been sold. The private equity investments are classified as Level 3 investments in the fair value hierarchy.",2026-09-16T10:21:56Z,"audit held PE $1,134,555,339; FY2025 Level 3 PE contributions $697,066,585 (FY2024 $478,028,432); Schedule M line 10 closely held is only $96,652,480 — line 11 partnership/LLC $753,760,153 is the nearer filed contribution line",1,Vanguard FY2026 audited statements,"Audit 'private equity' is not identical to Schedule M 'closely held stock'; line 11 partnership/LLC interests can wrap private-company value. Do not sum audit held amount with Schedule M contribution amounts (stock vs held, contribution vs EOY).","Primary vanguard-fs-2025.pdf-20260916T094302Z / vanguard-fs-2025.txt-20260916T094302Z. Level 3 2025 contributions table: Private Equity $697,066,585. Posted 990 PDC https://www.vanguardcharitable.org/sites/default/files/2026-05/vanguard-charitable-endowment-program-2024form990-public-disclosure.pdf (vanguard-990-pdc-fy2025.pdf-20260916T094302Z)."
134,C,MDP,C07.E2;C07.E3;C02.E3,Fidelity Charitable FY2025 audited statements add private-equity contribution and contributed-assets-held beyond Schedule M line 10,DAF sponsor,Fidelity Charitable,audited-financial-statements-2025-2024,,,Fidelity Investments Charitable Gift Fund,,2024-07-01,2025-06-30,,equity_value,1146726128,USD,2025-06-30,day,FY2025,,,,,private equity securities contributions (audit Level 3 purchases),,,,,,,,yes,issuer statements,GET https://www.fidelitycharitable.org/content/dam/fc-public/docs/fc/audited-financial-statements-2025-2024.pdf; contributed assets held; private equity securities,https://www.fidelitycharitable.org/content/dam/fc-public/docs/fc/audited-financial-statements-2025-2024.pdf,"Investments in Securities: Private equity securities $ 1,146,726,128 $ - $ - Alternative investment funds 113,393,957",2026-09-16T10:21:56Z,"audit PE securities contributions $1,146,726,128 vs Schedule M closely-held $464,187,816; contributed assets held EOY $2,081,227,336; PE securities held $1,752,840,704",1,Fidelity FY2026 audited statements,"Audit private-equity contribution is not the same filed field as Schedule M SecuritiesCloselyHeldStockGrp; line 11 partnership/LLC $1,095,606,068 is a separate Schedule M line. Not summed.","Primary fidelity-fs-2025.pdf-20260916T094302Z. Contributed assets held at fair value $2,081,227,336 (cost $1,849,069,015) vs $1,686,795,591 FY2024. Private equity securities held $1,752,840,704."
135,C,MDP,C07.E2;C07.E3;C02.E3,NPT FY2025 consolidated statements (two-page GAAP summary) vs Schedule M non-cash lines,DAF sponsor,NPT,FY25-AR-Consolidated-Financials-NPT,,,National Philanthropic Trust,,2024-07-01,2025-06-30,,in_kind_estimate,116593000,USD,2025-06-30,day,FY2025 (2024-07-01 to 2025-06-30),,,,,"Contributions of nonfinancial assets (GAAP two-pager, in thousands x 1000)",,,,,,,,yes,issuer statements,GET https://www.nptrust.org/fy25-ar-consolidated-financials-npt/ (301 to /wp-content/uploads/2026/09/FY25-AR-Consolidated-Financials-NPT.pdf); linked from npt-annual-report Consolidated Financial Statements Download PDF,https://www.nptrust.org/wp-content/uploads/2026/09/FY25-AR-Consolidated-Financials-NPT.pdf,"Contributions of cash and other financial assets $ 15,290,620 $ 14,653,507 Contributions of nonfinancial assets 116,593 66,958",2026-09-16T10:21:56Z,"FY2025 two-page statements add GAAP totals (assets $57,301,386 thousand; nonfinancial-asset contributions $116,593 thousand) and do not add Schedule M line 9/10/11 splits or a complex-asset footnote",1,"A full footnote-level NPT FY2025 audit (this posting is a two-page summary, same shape as FY2024)","Statement figures are in thousands: nonfinancial assets 116,593 = $116,593,000. That GAAP line is not Schedule M NoncashContributionsAmt ($10,222,255,280) and is not SecuritiesCloselyHeldStockGrp ($1,183,079,981) or SecurPrtnrshpTrustIntrstsGrp ($346,319,666). Do not sum with Schedule M equity_value rows. No closely-held vs partnership split and no account principal.",Primary npt-fy25-ar-consolidated-financials.pdf-20260916T102156Z fetched 20260916T102156Z from the annual-report Download PDF link https://www.nptrust.org/fy25-ar-consolidated-financials-npt/ (HTTP 301). Guessed path /wp-content/uploads/2026/10/Consolidated-Statements-2025-NPT.pdf remains 404 (caps_hit). Same two-page shape as FY2024 npt-statements-2024.pdf-20260916T094302Z. The linking annual-report page (npt-annual-2024.html-20260916T094302Z) states FY25 closely held securities were more than four times FY24 and partnership/LLC interests nearly three times — that narrative is not in the two-page statements and is not copied as a Schedule M amount. Spotlight still: NPT seeks to liquidate complex assets as quickly as practical.
136,C,MDP,C07.E2;C07.E3;C02.E3,DAFgiving360 FY2025 giving report (Schwab Charitable successor brand) on non-cash / private-business contributions vs the 990,DAF sponsor,Schwab Charitable; DAFgiving360,dafgiving360-giving-report,,,Donor Advised Charitable Giving Inc,,2024-07-01,2025-06-30,,,,,2025-06-30,day,FY2025,,,,,,,,,,,,,,issuer statements,GET https://r.jina.ai/https://www.dafgiving360.org/giving-report (live dafgiving360.org and schwabcharitable.org HTTP 403 from this host),https://www.dafgiving360.org/giving-report,"63% of contributions in fiscal year 2025 were in the form of non-cash assets like stocks, real estate, or private business interests.",2026-09-16T10:21:56Z,giving report states 63% of FY2025 contributions were non-cash including private business interests; no audited FS PDF located at the live URLs this host can fetch,1,DAFgiving360 / Donor Advised Charitable Giving Inc FY2025 audited financial statements PDF,Live site HTTP 403; jina proxy used. Report does not break out closely held stock vs partnership/LLC and does not name account principals. Not an audited statement.,"Primary jina-dafgiving360-giving-report.txt-20260916T094302Z. Caps_hit: dafgiving360.org and schwabcharitable.org HTTP 403. Schedule M FY2025 XML already records closely held 29 / $14,402,947 and partnership/LLC 29 / $27,526,567 on separate rows."
137,D,MDS,C07.E2;C07.E3;C02.E3,Silicon Valley Community Foundation discloses no DAF account principal on public filings,DAF sponsor,SVCF,202543149349305759,Silicon Valley Community Foundation,,,,,,,,,,,,,,,,,,,,,,,,,no,DAF sponsor filings,Schedule I Part II columns a–h; Schedule B contributor name fields on object 202543149349305759 / public 990,https://gt990datalake-rawdata.s3.amazonaws.com/EfileData/XmlFiles/202543149349305759_public.xml,<PurposeOfGrantTxt>General Nonprofit Support</PurposeOfGrantTxt>,2026-09-16T10:21:56Z,none found in Silicon Valley Community Foundation public Form 990 Schedule I or public Schedule B object 202543149349305759 (TY2024) for a DAF account principal as of 2026-09-16T10:21:56Z,0,"An unredacted DAF account ledger or a Schedule I Part II donor/adviser column (that column does not exist on Form 990 Schedule I). Public Schedule B names contributors TO SVCF, not the account that recommended a listed grant; the public XML/PDC redacts contributor names.","A DAF sponsor return never names the account principal. Schedule B, even unredacted, names contributors TO the sponsor, not the account that recommended a grant. Deanonymizing a DAF adviser is out of scope.","Document that would identify an account principal if it existed: An unredacted DAF account ledger or a Schedule I Part II donor/adviser column (that column does not exist on Form 990 Schedule I). Public Schedule B names contributors TO SVCF, not the account that recommended a listed grant; the public XML/PDC redacts contributor names. STATE.md already holds this boundary ('A DAF sponsor's return never names an account principal'). Primary for this object as saved under research/primary/MD38-daf-sponsor-schedules/. MD37 covers NPT §6104(d); this lane does not draft or send a request."
138,D,MDS,C07.E2;C07.E3;C02.E3,Vanguard Charitable Endowment Program discloses no DAF account principal on public filings,DAF sponsor,Vanguard Charitable,202621329349306657,Vanguard Charitable Endowment Program,,,,,,,,,,,,,,,,,,,,,,,,,no,DAF sponsor filings,Schedule I Part II columns a–h; Schedule B contributor name fields on object 202621329349306657 / public 990,https://projects.propublica.org/nonprofits/full_text/202621329349306657/IRS990ScheduleI,"RecipientTable[15424] MODEL EVALUATION AND THREAT RESEARCH CashGrantAmt 4,000,000 — Schedule I columns are name/EIN/IRC/cash/noncash/method/description/purpose",2026-09-16T10:21:56Z,none found in Vanguard Charitable Endowment Program public Form 990 Schedule I or public Schedule B object 202621329349306657 (FY2025) for a DAF account principal as of 2026-09-16T10:21:56Z,0,"An unredacted DAF account ledger or a Schedule I Part II donor/adviser column (absent). Vanguard's posted public-disclosure 990 still does not name the account principal on a grant line. Schedule B contributor identity, even if present on a PDC, identifies donors TO the sponsor.","A DAF sponsor return never names the account principal. Schedule B, even unredacted, names contributors TO the sponsor, not the account that recommended a grant. Deanonymizing a DAF adviser is out of scope.","Document that would identify an account principal if it existed: An unredacted DAF account ledger or a Schedule I Part II donor/adviser column (absent). Vanguard's posted public-disclosure 990 still does not name the account principal on a grant line. Schedule B contributor identity, even if present on a PDC, identifies donors TO the sponsor. STATE.md already holds this boundary ('A DAF sponsor's return never names an account principal'). Primary for this object as saved under research/primary/MD38-daf-sponsor-schedules/. MD37 covers NPT §6104(d); this lane does not draft or send a request."
139,D,MDS,C07.E2;C07.E3;C02.E3,Fidelity Investments Charitable Gift Fund discloses no DAF account principal on public filings,DAF sponsor,Fidelity Charitable,202601389349301700,Fidelity Investments Charitable Gift Fund,,,,,,,,,,,,,,,,,,,,,,,,,no,DAF sponsor filings,Schedule I Part II columns a–h; Schedule B contributor name fields on object 202601389349301700 / public 990,https://gt990datalake-rawdata.s3.amazonaws.com/EfileData/XmlFiles/202601389349301700_public.xml,<DonorAdvisedFundInd>true</DonorAdvisedFundInd>,2026-09-16T10:21:56Z,none found in Fidelity Investments Charitable Gift Fund public Form 990 Schedule I or public Schedule B object 202601389349301700 (FY2025) for a DAF account principal as of 2026-09-16T10:21:56Z,0,An unredacted Fidelity Charitable Giving Account record or a Schedule I adviser field (absent). Public Schedule B is RESTRICTED on the e-file.,"A DAF sponsor return never names the account principal. Schedule B, even unredacted, names contributors TO the sponsor, not the account that recommended a grant. Deanonymizing a DAF adviser is out of scope.",Document that would identify an account principal if it existed: An unredacted Fidelity Charitable Giving Account record or a Schedule I adviser field (absent). Public Schedule B is RESTRICTED on the e-file. STATE.md already holds this boundary ('A DAF sponsor's return never names an account principal'). Primary for this object as saved under research/primary/MD38-daf-sponsor-schedules/. MD37 covers NPT §6104(d); this lane does not draft or send a request.
140,D,MDS,C07.E2;C07.E3;C02.E3,Donor Advised Charitable Giving Inc discloses no DAF account principal on public filings,DAF sponsor,Schwab Charitable; DAFgiving360,202611199349300601,Donor Advised Charitable Giving Inc,,,,,,,,,,,,,,,,,,,,,,,,,no,DAF sponsor filings,Schedule I Part II columns a–h; Schedule B contributor name fields on object 202611199349300601 / public 990,https://gt990datalake-rawdata.s3.amazonaws.com/EfileData/XmlFiles/202611199349300601_public.xml,<DonorAdvisedFundInd>1</DonorAdvisedFundInd>,2026-09-16T10:21:56Z,none found in Donor Advised Charitable Giving Inc public Form 990 Schedule I or public Schedule B object 202611199349300601 (FY2025) for a DAF account principal as of 2026-09-16T10:21:56Z,0,An unredacted DAFgiving360 account record or a Schedule I adviser field (absent). Public Schedule B is RESTRICTED on the e-file.,"A DAF sponsor return never names the account principal. Schedule B, even unredacted, names contributors TO the sponsor, not the account that recommended a grant. Deanonymizing a DAF adviser is out of scope.",Document that would identify an account principal if it existed: An unredacted DAFgiving360 account record or a Schedule I adviser field (absent). Public Schedule B is RESTRICTED on the e-file. STATE.md already holds this boundary ('A DAF sponsor's return never names an account principal'). Primary for this object as saved under research/primary/MD38-daf-sponsor-schedules/. MD37 covers NPT §6104(d); this lane does not draft or send a request.
141,D,MDS,C07.E2;C07.E3;C02.E3,National Philanthropic Trust discloses no DAF account principal on public filings,DAF sponsor,NPT,202601289349302480,National Philanthropic Trust,,,,,,,,,,,,,,,,,,,,,,,,,no,DAF sponsor filings,Schedule I Part II columns a–h; Schedule B contributor name fields on object 202601289349302480 / public 990,https://gt990datalake-rawdata.s3.amazonaws.com/EfileData/XmlFiles/202601289349302480_public.xml,<DonorAdvisedFundInd>1</DonorAdvisedFundInd>,2026-09-16T10:21:56Z,none found in National Philanthropic Trust public Form 990 Schedule I or public Schedule B object 202601289349302480 (FY2025) for a DAF account principal as of 2026-09-16T10:21:56Z,0,"An unredacted NPT donor-advised account record, or NPT Schedule B Parts I–II with contributor names (public XML RESTRICTED; MD37 is the §6104(d) route, not this lane). Schedule I has no adviser column.","A DAF sponsor return never names the account principal. Schedule B, even unredacted, names contributors TO the sponsor, not the account that recommended a grant. Deanonymizing a DAF adviser is out of scope.","Document that would identify an account principal if it existed: An unredacted NPT donor-advised account record, or NPT Schedule B Parts I–II with contributor names (public XML RESTRICTED; MD37 is the §6104(d) route, not this lane). Schedule I has no adviser column. STATE.md already holds this boundary ('A DAF sponsor's return never names an account principal'). Primary for this object as saved under research/primary/MD38-daf-sponsor-schedules/. MD37 covers NPT §6104(d); this lane does not draft or send a request."
142,E,MDS,C07.E2;C07.E3;C02.E3,DAF sponsor filings (Forms 990 Schedule M/I/D) checked this lane,,,,,,,,,,,,,,,,,,,,,,,,,,,,,,DAF sponsor filings,"GivingTuesday XML by OBJECT_ID for SVCF 20-5205488, Vanguard 23-2888152, Fidelity 11-0303001, Schwab/Donor Advised Charitable Giving Inc 31-1640316, NPT 23-7825575; years TAX_PERIOD 202106–202506 / 202112–202412; IRS990ScheduleM three security groups; Schedule I RecipientEIN in the same EIN set",https://gt990datalake-rawdata.s3.amazonaws.com/EfileData/XmlFiles/,<SecuritiesCloselyHeldStockGrp> <ContributionCnt>19</ContributionCnt> <NoncashContributionsRptF990Amt>1183079981</NoncashContributionsRptF990Amt>,2026-09-16T10:21:56Z,24 object ids attempted; 23 XML parses; 1 GT/AWS 404 (Vanguard 202621329349306657) with ProPublica Schedule M/I fallback,23,SVCF TY2025 and June-year FY2026 Forms 990 after 2026-11-16,National DAF XML objects exceed 50MB; excerpts of relied-on fields are the saved primaries. Community-foundation DAF sponsors beyond this named set were not enumerated (PLAN non-goal).,Source class returned responsive Schedule M and sponsor-to-sponsor Schedule I records. Blind spot: account principal never present; unfiled future years are calendar closers.
143,E,MDS,C07.E2;C07.E3;C02.E3,IRS TEOS interactive details UI for DAF sponsor EINs,,,,,,,,,,,,,,,,,,,,,,,,,,,,,,IRS TEOS and e-file index,GET https://apps.irs.gov/app/eos/details/?ein=205205488 and ein=232888152; GET https://apps.irs.gov/app/eos/,https://apps.irs.gov/app/eos/details/?ein=205205488,"<TITLE>Access Denied</TITLE> You don't have permission to access ""http://apps.irs.gov/app/eos/details/?"" on this server.",2026-09-16T10:21:56Z,none found in IRS TEOS https://apps.irs.gov/app/eos/details/?ein=205205488 as of 2026-09-16T10:21:56Z,0,,HTTP 403 from this host; a UI 403 is not proof the bulk object is absent. Bulk index/XML and the lake copy are the working primaries.,Primary irs-teos-svcf-205205488.html-20260916T094302Z. Same 403 on vanguard EIN and TEOS landing. Caps_hit records these 403s.
144,E,MDS,C07.E2;C07.E3;C02.E3,IRS e-file index_2022 through index_2026.csv for the five DAF sponsor EINs,,,,,,,,,,,,,,,,,,,,,,,,,,,,,,IRS TEOS and e-file index,"GET https://apps.irs.gov/pub/epostcard/990/xml/{2022..2026}/index_{year}.csv filter EIN in {205205488,232888152,110303001,311640316,237825575} RETURN_TYPE=990",https://apps.irs.gov/pub/epostcard/990/xml/2026/index_2026.csv,"EFILE,232888152,202506,2026,VANGUARD CHARITABLE ENDOWMENT PROGRAM,990,93493132066576,202621329349306657,2026_TEOS_XML_05A",2026-09-16T10:21:56Z,index hits for RETURN_TYPE=990 among the five EINs across 2022–2026; no SVCF TAX_PERIOD=202512 row in index_2026,26,index_2026 updates; SVCF TY2025; June-year FY2026,Index locates object ids; it is not Schedule M. 990-T rows exist and were not treated as 990 Schedule M.,Primary irs-index-2022..2026-daf-sponsor-hits.csv-20260916T094302Z. Complete index downloads this window (not truncated).
145,E,MDS,C07.E2;C07.E3;C02.E3,Vanguard FY2025 Form 990 XML object 202621329349306657 on GivingTuesday and IRS AWS,,,202621329349306657,,,,,,,,,,,,,,,,,,,,,,,,,,,DAF sponsor filings,GET GT .../202621329349306657_public.xml; GET s3.amazonaws.com/irs-form-990/202621329349306657_public.xml,https://gt990datalake-rawdata.s3.amazonaws.com/EfileData/XmlFiles/202621329349306657_public.xml,<Error><Code>NoSuchKey</Code><Message>The specified key does not exist.</Message><Key>EfileData/XmlFiles/202621329349306657_public.xml</Key>,2026-09-16T10:21:56Z,none found in GivingTuesday XML and IRS AWS standalone XML for object 202621329349306657 as of 2026-09-16T10:21:56Z,0,XML when the lake or a later TEOS zip publishes the member; Schedule M/I renders already used,index_2026 lists the object with XML_BATCH_ID=2026_TEOS_XML_05A; MD11 already recorded that zip member as absent. ProPublica full_text used instead.,Primary xml-vanguard-202506-202621329349306657-error.txt-20260916T094302Z. Caps_hit names this failed fetch.
146,E,MDS,C02.E3;C07.E3,recipient filings (METR Form 990) for DAF account principal or sponsor Schedule M,,,,,,,,,,,,,,,,,,,,,,,,,,,,,,recipient filings,GET GT XML 202523209349300367; ContributorNum; DonorAdvisedFundInd; IRS990ScheduleM presence; METR EIN 991219864,https://gt990datalake-rawdata.s3.amazonaws.com/EfileData/XmlFiles/202523209349300367_public.xml,<ContributorNum>RESTRICTED</ContributorNum><DonorAdvisedFundInd>0</DonorAdvisedFundInd>,2026-09-16T10:21:56Z,none found in METR Form 990 object 202523209349300367 as of 2026-09-16T10:21:56Z for a DAF account principal or for a DAF sponsor Schedule M; ContributorNum=RESTRICTED; DonorAdvisedFundInd=0; no IRS990ScheduleM,0,,Recipient 990 cannot substitute for sponsor Schedule M. Public Schedule B names are RESTRICTED. This lane does not recollect MD01 METR baseline rows.,Primary xml-metr-202412-202523209349300367-excerpt.xml-20260916T094302Z. STATE.md read-first (DAF sponsor returns never name account principals). METR EIN 99-1219864.
147,E,MDS,C07.E2;C07.E3;C02.E3,funder filings (990-PF) as a source of DAF sponsor Schedule M / account-family transfers,,,,,,,,,,,,,,,,,,,,,,,,,,,,,,funder filings,This lane's routes are sponsor Forms 990 and audited statements; 990-PF of Good Ventures / Coefficient is MD39/MD37 adjacent and was not re-collected,https://apps.irs.gov/pub/epostcard/990/xml/2026/index_2026.csv,"RETURN_ID,FILING_TYPE,EIN,TAX_PERIOD,SUB_DATE,TAXPAYER_NAME,RETURN_TYPE,DLN,OBJECT_ID,XML_BATCH_ID",2026-09-16T10:21:56Z,none found in this lane's funder-filing (990-PF) search as of 2026-09-16T10:21:56Z because no 990-PF was opened; DAF Schedule M lives on the sponsor 990,0,,A private foundation 990-PF is not a DAF sponsor return. Good Ventures FY2026 is MD39. Not an unbounded negative on 990-PF generally.,"Source class named by C07.E2/C02.E3; checked by confirming the lane route is sponsor 990/audit, not by grepping 990-PF grant schedules."
148,E,MDS,C07.E2;C07.E3,California OAG charities registry / RCT search for SVCF account-principal or audit beyond the posted FS,,,,,,,,,,,,,,,,,,,,,,,,,,,,,,state registries,GET https://oag.ca.gov/charities ; GET https://rct.doj.ca.gov/Verification/Web/Search.aspx?facility=Y ; GET oag.ca.gov/system/files/media/charity-download*.csv filter 205205488,https://oag.ca.gov/charities,Registry of Charities and Fundraisers,2026-09-16T10:21:56Z,none found in CA OAG RCT search https://rct.doj.ca.gov/Verification/Web/Search.aspx?facility=Y as of 2026-09-16T10:21:56Z (HTTP 404); bulk charity-download CSVs HTTP 404; oag.ca.gov/charities landing HTTP 200 with no SVCF account-principal field,0,,Registry search UI 404 from this host. A state registry copy of a 990 would still redact Schedule B names the same way. PA charities landing (NPT) also has no account-principal field.,"Primaries ca-oag-charities.html-20260916T094302Z, jina-ca-rct-search.txt-20260916T094302Z (404), pa-charities.html-20260916T094302Z. Caps_hit names the 404s."
149,E,MDS,C07.E3,SEC EDGAR full-text (EFTS) for DAF sponsor names as holders / account principals,,,,,,,,,,,,,,,,,,,,,,,,,,,,,,SEC,"POST/GET https://efts.sec.gov/LATEST/search-index q=""Vanguard Charitable Endowment Program"" and q=""Silicon Valley Community Foundation"" dateRange=2024-01-01..2026-09-16",https://efts.sec.gov/LATEST/search-index,"Vanguard Charitable Endowment Program (CIK 0001623658) form SCHEDULE 13G/A file_date 2026-08-25 Solo Brands, Inc.",2026-09-16T10:21:56Z,"none found in SEC EFTS as of 2026-09-16T10:21:56Z for a DAF account principal or for Anthropic/private stock held by these sponsors; Vanguard Charitable appears as a 13G reporting person on Solo Brands (public equity), which does not identify a DAF account",0,,SVCF string hits are noisy (unrelated Form 144 filings). 13G covers exchange-traded securities; closely held Anthropic stock would not appear. Not a search of every CIK.,"Primary sec-efts-vanguard.json-20260916T094302Z (7 hits) and sec-efts-svcf.json-20260916T094302Z (59 hits, not SVCF-as-filer). Blind spot: private-company stock is outside 13F/13G."
150,E,MDS,C07.E3,statutory records requests for unredacted DAF Schedule B / account ledgers,,,,,,,,,,,,,,,,,,,,,,,,,,,,,,statutory records requests,this lane embargo: send nothing; MD37 holds the unsent NPT §6104(d) draft; no FOIA/state-records request was filed,https://www.irs.gov/charities-non-profits/form-990-series-downloads,On this page you may download all the most recent 990 Series filings on record. The download files are organized by month.,2026-09-16T10:21:56Z,none found in this lane's statutory-records-request log as of 2026-09-16T10:21:56Z because no request was sent (embargo),0,MD37 unsent NPT §6104(d) draft; no send without Kevin approval,An unsent draft is not a transmission. Absence of a sent request is not proof the record does not exist.,Source class named by C07.E3. Bounded negative on this lane only. PLAN non-goal: executing MD37.
151,E,MDS,C07.E2;C07.E3,issuer statements / audited FS for Schwab Charitable live site,,,,,,,,,,,,,,,,,,,,,,,,,,,,,,issuer statements,GET https://www.dafgiving360.org/ ; GET https://www.schwabcharitable.org/ ; jina and Wayback fallbacks,https://www.dafgiving360.org/,HTTP 403,2026-09-16T10:21:56Z,none found in live https://www.dafgiving360.org/ and https://www.schwabcharitable.org/ as of 2026-09-16T10:21:56Z (HTTP 403); giving-report recovered via r.jina.ai,0,,"403 on the origin is a fetch cap, not proof the audit PDF is unpublished. Jina recovered the FY2025 giving report (Task C) but not an audited FS PDF.",Caps_hit: dafgiving360.org and schwabcharitable.org HTTP 403. Primary jina-dafgiving360-home.txt-20260916T094302Z.
152,E,MDS,C02.E3;C07.E3,US community-foundation DAF sponsors beyond the named set,,,,,,,,,,,,,,,,,,,,,,,,,,,,,,DAF sponsor filings,"named set = SVCF 20-5205488, Vanguard 23-2888152, Fidelity 11-0303001, Schwab/Donor Advised Charitable Giving Inc 31-1640316, NPT 23-7825575 (PLAN frozen scope + MD11 METR grant-line locators). Remainder not searched.",https://apps.irs.gov/pub/epostcard/990/xml/2026/index_2026.csv,"RETURN_ID,FILING_TYPE,EIN,TAX_PERIOD,SUB_DATE,TAXPAYER_NAME,RETURN_TYPE,DLN,OBJECT_ID,XML_BATCH_ID",2026-09-16T10:21:56Z,none found in this lane for community-foundation DAF sponsors outside the named set as of 2026-09-16T10:21:56Z,0,a later DAF-sponsor expansion if a primary names another sponsor on a METR line,"PLAN non-goal: enumerating every US community-foundation DAF sponsor. American Endowment Foundation, Goldman Sachs Philanthropy Fund, Tides, National Christian Foundation were not required and were not searched as filers (they may appear as Schedule I recipients).","Bound is SVCF plus the other DAF sponsors MD11 already placed on a METR/ARC grant line (Vanguard, Fidelity, Schwab) and NPT as the documented transfer counterparty."
